config_id,family,roster,focal_seats,budget,seed,capacity,hand_size,days,embarrassment,focal_sockless,household_sockless,total_spent,budget_remaining,focal_discards,two_discard_turns,faults,fault_details,drawer_size
original_limit_0,original,"1,3,2,6",2,120,9283002,28,4,730,1974.0,0,0,120.0,0.0,0,0,0,,27
original_limit_0,original,"1,3,6,2",3,120,9283003,28,4,730,1374.0,0,0,120.0,0.0,0,0,0,,26
original_limit_0,original,"2,1,3,6",0,120,9283000,28,4,730,2052.0,0,0,120.0,0.0,0,0,0,,24
original_limit_0,original,"2,1,3,6",0,120,9283004,28,4,730,2182.0,0,0,120.0,0.0,0,0,0,,23
original_limit_0,original,"1,2,3,6",1,120,9283001,28,4,730,2308.0,0,0,120.0,0.0,0,0,0,,20
original_limit_0,original,"1,2,3,6",1,120,9283005,28,4,730,2350.0,0,0,120.0,0.0,0,0,0,,23
original_limit_0,original,"1,2,3,6",1,120,9283009,28,4,730,2248.0,0,0,120.0,0.0,0,0,0,,21
original_limit_0,original,"2,1,3,6",0,120,9283008,28,4,730,3004.0,0,0,120.0,0.0,0,0,0,,23
original_limit_0,original,"1,3,6,2",3,120,9283007,28,4,730,2008.0,0,0,120.0,0.0,0,0,0,,25
original_limit_0,original,"1,3,2,6",2,120,9283006,28,4,730,1643.0,0,0,120.0,0.0,0,0,0,,27
original_limit_0,original,"2,1,3,6",0,400,9283000,28,4,730,284.0,0,0,390.0,10.0,0,0,0,,25
original_limit_0,original,"1,2,3,6",1,400,9283001,28,4,730,93.0,0,0,390.0,10.0,0,0,0,,20
original_limit_0,original,"1,3,2,6",2,400,9283002,28,4,730,199.0,0,0,400.0,0.0,0,0,0,,26
original_limit_0,original,"2,1,3,6",0,400,9283004,28,4,730,217.0,0,0,400.0,0.0,0,0,0,,27
original_limit_0,original,"1,3,6,2",3,400,9283003,28,4,730,251.0,0,0,390.0,10.0,0,0,0,,23
original_limit_0,original,"1,2,3,6",1,400,9283005,28,4,730,531.0,0,0,390.0,10.0,0,0,0,,22
original_limit_0,original,"1,3,6,2",3,400,9283007,28,4,730,337.0,0,0,390.0,10.0,0,0,0,,23
original_limit_0,original,"1,3,2,6",2,400,9283006,28,4,730,204.0,0,0,390.0,10.0,0,0,0,,22
original_limit_0,original,"2,3,4,7",0,120,9283000,28,4,730,3728.0,0,0,120.0,0.0,0,0,0,,18
original_limit_0,original,"3,2,4,7",1,120,9283001,28,4,730,4607.0,0,0,120.0,0.0,0,0,0,,18
original_limit_0,original,"2,1,3,6",0,400,9283008,28,4,730,293.0,0,0,390.0,10.0,0,0,0,,25
original_limit_0,original,"1,2,3,6",1,400,9283009,28,4,730,338.0,0,0,400.0,0.0,0,0,0,,26
original_limit_0,original,"3,4,7,2",3,120,9283003,28,4,730,3817.0,0,0,120.0,0.0,0,0,0,,16
original_limit_0,original,"3,4,2,7",2,120,9283002,28,4,730,3851.0,0,0,120.0,0.0,0,0,0,,19
original_limit_0,original,"3,2,4,7",1,120,9283005,28,4,730,4458.0,0,0,120.0,0.0,0,0,0,,19
original_limit_0,original,"2,3,4,7",0,120,9283004,28,4,730,3721.0,0,0,120.0,0.0,0,0,0,,16
original_limit_0,original,"3,4,7,2",3,120,9283007,28,4,730,3615.0,0,0,120.0,0.0,0,0,0,,16
original_limit_0,original,"3,4,2,7",2,120,9283006,28,4,730,1431.0,0,0,120.0,0.0,0,0,0,,19
original_limit_0,original,"3,2,4,7",1,120,9283009,28,4,730,1476.0,0,0,120.0,0.0,0,0,0,,20
original_limit_0,original,"2,3,4,7",0,120,9283008,28,4,730,3525.0,0,0,120.0,0.0,0,0,0,,15
original_limit_0,original,"2,3,4,7",0,400,9283000,28,4,730,932.0,0,0,400.0,0.0,0,0,0,,23
original_limit_0,original,"3,4,7,2",3,400,9283003,28,4,730,690.0,0,0,400.0,0.0,0,0,0,,22
original_limit_0,original,"3,2,4,7",1,400,9283001,28,4,730,1253.0,0,0,400.0,0.0,0,0,0,,23
original_limit_0,original,"3,2,4,7",1,400,9283005,28,4,730,1900.0,0,0,400.0,0.0,0,0,0,,28
original_limit_0,original,"3,4,2,7",2,400,9283002,28,4,730,1061.0,0,0,400.0,0.0,0,0,0,,25
original_limit_0,original,"2,3,4,7",0,400,9283004,28,4,730,726.0,0,0,400.0,0.0,0,0,0,,24
original_limit_0,original,"2,4,6,8",0,120,9283000,28,4,730,4153.0,0,0,120.0,0.0,0,0,0,,20
original_limit_0,original,"4,2,6,8",1,120,9283001,28,4,730,4536.0,0,0,120.0,0.0,0,0,0,,18
original_limit_0,original,"4,6,2,8",2,120,9283002,28,4,730,4644.0,0,0,120.0,0.0,0,0,0,,21
original_limit_0,original,"4,6,8,2",3,120,9283003,28,4,730,4078.0,0,0,120.0,0.0,0,0,0,,17
original_limit_0,original,"2,4,6,8",0,120,9283004,28,4,730,3849.0,0,5,120.0,0.0,0,0,0,,13
original_limit_0,original,"4,2,6,8",1,120,9283005,28,4,730,4401.0,0,0,120.0,0.0,0,0,0,,20
original_limit_0,original,"4,6,2,8",2,120,9283006,28,4,730,4050.0,0,0,120.0,0.0,0,0,0,,19
original_limit_0,original,"4,6,8,2",3,120,9283007,28,4,730,4636.0,0,0,120.0,0.0,0,0,0,,14
original_limit_0,original,"2,4,6,8",0,120,9283008,28,4,730,4196.0,0,0,120.0,0.0,0,0,0,,21
original_limit_0,original,"4,2,6,8",1,120,9283009,28,4,730,4589.0,0,0,120.0,0.0,0,0,0,,17
original_limit_0,original,"2,4,6,8",0,400,9283000,28,4,730,3001.0,0,0,370.0,30.0,0,0,0,,27
original_limit_0,original,"4,2,6,8",1,400,9283001,28,4,730,2696.0,0,0,370.0,30.0,0,0,0,,25
original_limit_0,original,"4,6,2,8",2,400,9283002,28,4,730,3111.0,0,0,370.0,30.0,0,0,0,,24
original_limit_0,original,"4,6,8,2",3,400,9283003,28,4,730,2780.0,0,0,370.0,30.0,0,0,0,,26
original_limit_0,original,"2,4,6,8",0,400,9283004,28,4,730,2825.0,0,0,370.0,30.0,0,0,0,,26
original_limit_0,original,"4,2,6,8",1,400,9283005,28,4,730,2706.0,0,0,370.0,30.0,0,0,0,,24
original_limit_0,original,"4,6,2,8",2,400,9283006,28,4,730,2780.0,0,0,370.0,30.0,0,0,0,,23
original_limit_0,original,"4,6,8,2",3,400,9283007,28,4,730,3182.0,0,0,370.0,30.0,0,0,0,,25
original_limit_0,original,"2,4,6,8",0,400,9283008,28,4,730,3157.0,0,0,370.0,30.0,0,0,0,,26
original_limit_0,original,"4,2,6,8",1,400,9283009,28,4,730,3192.0,0,0,370.0,30.0,0,0,0,,26
original_limit_0,original,"2,6,7,9",0,120,9283000,28,4,730,3408934.0,52,198,120.0,0.0,0,0,0,,1
original_limit_0,original,"6,2,7,9",1,120,9283001,28,4,730,2558350.0,39,181,120.0,0.0,0,0,0,,3
original_limit_0,original,"6,7,2,9",2,120,9283002,28,4,730,2233101.0,34,123,120.0,0.0,0,0,0,,1
original_limit_0,original,"6,7,9,2",3,120,9283003,28,4,730,3213265.0,49,187,120.0,0.0,0,0,0,,1
original_limit_0,original,"2,6,7,9",0,120,9283004,28,4,730,2688167.0,41,147,120.0,0.0,0,0,0,,2
original_limit_0,original,"6,2,7,9",1,120,9283005,28,4,730,2167041.0,33,118,120.0,0.0,0,0,0,,1
original_limit_0,original,"6,7,2,9",2,120,9283006,28,4,730,2298348.0,35,147,120.0,0.0,0,0,0,,1
original_limit_0,original,"6,7,9,2",3,120,9283007,28,4,730,1577950.0,24,94,120.0,0.0,0,0,0,,2
original_limit_0,original,"2,6,7,9",0,120,9283008,28,4,730,3803415.0,58,217,120.0,0.0,0,0,0,,1
original_limit_0,original,"6,2,7,9",1,120,9283009,28,4,730,2885086.0,44,171,120.0,0.0,0,0,0,,2
original_limit_0,original,"3,4,2,7",2,400,9283006,28,4,730,918.0,0,0,400.0,0.0,0,0,0,,25
original_limit_0,original,"2,3,4,7",0,400,9283008,28,4,730,916.0,0,0,400.0,0.0,0,0,0,,24
original_limit_0,original,"3,4,7,2",3,400,9283007,28,4,730,841.0,0,0,400.0,0.0,0,0,0,,26
original_limit_0,original,"3,2,4,7",1,400,9283009,28,4,730,1294.0,0,0,400.0,0.0,0,0,0,,23
original_limit_0,original,"2,6,7,9",0,400,9283000,28,4,730,1173.0,0,0,400.0,0.0,0,0,0,,24
original_limit_0,original,"6,2,7,9",1,400,9283001,28,4,730,1314.0,0,0,400.0,0.0,0,0,0,,23
original_limit_0,original,"6,7,2,9",2,400,9283002,28,4,730,1301.0,0,0,400.0,0.0,0,0,0,,27
original_limit_0,original,"6,7,9,2",3,400,9283003,28,4,730,1013.0,0,0,400.0,0.0,0,0,0,,26
original_limit_0,original,"2,6,7,9",0,400,9283004,28,4,730,1479.0,0,0,400.0,0.0,0,0,0,,23
original_limit_0,original,"6,7,2,9",2,400,9283006,28,4,730,1469.0,0,0,400.0,0.0,0,0,0,,27
original_limit_0,original,"6,2,7,9",1,400,9283005,28,4,730,1460.0,0,0,400.0,0.0,0,0,0,,23
original_limit_0,original,"6,7,9,2",3,400,9283007,28,4,730,1250.0,0,0,400.0,0.0,0,0,0,,27
original_limit_0,original,"2,6,7,9",0,400,9283008,28,4,730,1204.0,0,0,400.0,0.0,0,0,0,,26
original_limit_0,original,"2,7,8,10",0,120,9283000,28,4,730,2019.0,0,0,120.0,0.0,0,0,0,,22
original_limit_0,original,"7,2,8,10",1,120,9283001,28,4,730,1891.0,0,0,120.0,0.0,0,0,0,,22
original_limit_0,original,"7,8,2,10",2,120,9283002,28,4,730,771.0,0,0,120.0,0.0,0,0,0,,26
original_limit_0,original,"7,8,10,2",3,120,9283003,28,4,730,2577.0,0,0,120.0,0.0,0,0,0,,22
original_limit_0,original,"6,2,7,9",1,400,9283009,28,4,730,1100.0,0,0,400.0,0.0,0,0,0,,27
original_limit_0,original,"2,7,8,10",0,120,9283004,28,4,730,1651.0,0,0,120.0,0.0,0,0,0,,24
original_limit_0,original,"7,2,8,10",1,120,9283005,28,4,730,1589.0,0,0,120.0,0.0,0,0,0,,23
original_limit_0,original,"7,8,2,10",2,120,9283006,28,4,730,1948.0,0,0,120.0,0.0,0,0,0,,19
original_limit_0,original,"7,8,10,2",3,120,9283007,28,4,730,1852.0,0,0,120.0,0.0,0,0,0,,22
original_limit_0,original,"2,7,8,10",0,120,9283008,28,4,730,1069.0,0,0,120.0,0.0,0,0,0,,16
original_limit_0,original,"7,2,8,10",1,120,9283009,28,4,730,2169.0,0,0,120.0,0.0,0,0,0,,20
original_limit_0,original,"2,7,8,10",0,400,9283000,28,4,730,438.0,0,0,400.0,0.0,0,0,0,,26
original_limit_0,original,"7,2,8,10",1,400,9283001,28,4,730,688.0,0,0,400.0,0.0,0,0,0,,24
original_limit_0,original,"7,8,2,10",2,400,9283002,28,4,730,309.0,0,0,400.0,0.0,0,0,0,,26
original_limit_0,original,"7,8,10,2",3,400,9283003,28,4,730,528.0,0,0,400.0,0.0,0,0,0,,22
original_limit_0,original,"7,2,8,10",1,400,9283005,28,4,730,608.0,0,0,400.0,0.0,0,0,0,,23
original_limit_0,original,"2,7,8,10",0,400,9283004,28,4,730,614.0,0,0,400.0,0.0,0,0,0,,27
original_limit_0,original,"7,8,2,10",2,400,9283006,28,4,730,433.0,0,0,400.0,0.0,0,0,0,,25
original_limit_0,original,"7,8,10,2",3,400,9283007,28,4,730,465.0,0,0,400.0,0.0,0,0,0,,27
original_limit_0,original,"2,8,9,1",0,120,9283000,28,4,730,1643633.0,25,104,120.0,0.0,0,0,0,,1
original_limit_0,original,"8,2,9,1",1,120,9283001,28,4,730,1642975.0,25,82,120.0,0.0,0,0,0,,4
original_limit_0,original,"2,7,8,10",0,400,9283008,28,4,730,496.0,0,0,400.0,0.0,0,0,0,,28
original_limit_0,original,"7,2,8,10",1,400,9283009,28,4,730,468.0,0,0,400.0,0.0,0,0,0,,22
original_limit_0,original,"8,9,2,1",2,120,9283002,28,4,730,1840453.0,28,100,120.0,0.0,0,0,0,,3
original_limit_0,original,"8,9,1,2",3,120,9283003,28,4,730,1184086.0,18,79,120.0,0.0,0,0,0,,4
original_limit_0,original,"8,2,9,1",1,120,9283005,28,4,730,3082350.0,47,192,120.0,0.0,0,0,0,,1
original_limit_0,original,"8,9,2,1",2,120,9283006,28,4,730,3412444.0,52,191,120.0,0.0,0,0,0,,1
original_limit_0,original,"2,8,9,1",0,120,9283004,28,4,730,1118305.0,17,60,120.0,0.0,0,0,0,,5
original_limit_0,original,"8,9,1,2",3,120,9283007,28,4,730,3015924.0,46,193,120.0,0.0,0,0,0,,1
original_limit_0,original,"2,8,9,1",0,120,9283008,28,4,730,529619.0,8,55,120.0,0.0,0,0,0,,2
original_limit_0,original,"8,2,9,1",1,120,9283009,28,4,730,2295783.0,35,166,120.0,0.0,0,0,0,,1
original_limit_0,original,"2,8,9,1",0,400,9283000,28,4,730,1320.0,0,0,400.0,0.0,0,0,0,,27
original_limit_0,original,"8,2,9,1",1,400,9283001,28,4,730,979.0,0,0,400.0,0.0,0,0,0,,24
original_limit_0,original,"8,9,2,1",2,400,9283002,28,4,730,1511.0,0,0,400.0,0.0,0,0,0,,26
original_limit_0,original,"8,9,1,2",3,400,9283003,28,4,730,1184.0,0,0,400.0,0.0,0,0,0,,26
original_limit_0,original,"2,8,9,1",0,400,9283004,28,4,730,1068.0,0,0,400.0,0.0,0,0,0,,23
original_limit_0,original,"8,2,9,1",1,400,9283005,28,4,730,1512.0,0,0,400.0,0.0,0,0,0,,27
original_limit_0,original,"8,9,2,1",2,400,9283006,28,4,730,1222.0,0,0,400.0,0.0,0,0,0,,23
original_limit_0,original,"8,9,1,2",3,400,9283007,28,4,730,1305.0,0,0,400.0,0.0,0,0,0,,28
original_limit_0,original,"2,8,9,1",0,400,9283008,28,4,730,1200.0,0,0,400.0,0.0,0,0,0,,23
original_limit_0,original,"8,2,9,1",1,400,9283009,28,4,730,1249.0,0,0,400.0,0.0,0,0,0,,25
original_limit_0,original,"9,10,2,3",2,120,9283002,28,4,730,1774009.0,27,116,120.0,0.0,0,0,0,,2
original_limit_0,original,"2,9,10,3",0,120,9283000,28,4,730,1577993.0,24,85,120.0,0.0,0,0,0,,3
original_limit_0,original,"9,2,10,3",1,120,9283001,28,4,730,1381557.0,21,98,120.0,0.0,0,0,0,,1
original_limit_0,original,"2,9,10,3",0,120,9283004,28,4,730,2950270.0,45,183,120.0,0.0,0,0,0,,1
original_limit_0,original,"9,10,3,2",3,120,9283003,28,4,730,1643251.0,25,103,120.0,0.0,0,0,0,,2
original_limit_0,original,"9,2,10,3",1,120,9283005,28,4,730,1577812.0,24,93,120.0,0.0,0,0,0,,2
original_limit_0,original,"9,10,2,3",2,120,9283006,28,4,730,2885916.0,44,176,120.0,0.0,0,0,0,,1
original_limit_0,original,"2,9,10,3",0,120,9283008,28,4,730,1512731.0,23,89,120.0,0.0,0,0,0,,2
original_limit_0,original,"9,10,3,2",3,120,9283007,28,4,730,2167049.0,33,129,120.0,0.0,0,0,0,,1
original_limit_0,original,"9,2,10,3",1,120,9283009,28,4,730,1446111.0,22,93,120.0,0.0,0,0,0,,1
original_limit_0,original,"2,9,10,3",0,400,9283000,28,4,730,812.0,0,0,400.0,0.0,0,0,0,,28
original_limit_0,original,"9,2,10,3",1,400,9283001,28,4,730,1491.0,0,0,400.0,0.0,0,0,0,,23
original_limit_0,original,"9,10,2,3",2,400,9283002,28,4,730,1063.0,0,0,400.0,0.0,0,0,0,,26
original_limit_0,original,"9,10,3,2",3,400,9283003,28,4,730,1315.0,0,0,400.0,0.0,0,0,0,,23
original_limit_0,original,"9,2,10,3",1,400,9283005,28,4,730,928.0,0,0,400.0,0.0,0,0,0,,23
original_limit_0,original,"2,9,10,3",0,400,9283004,28,4,730,1004.0,0,0,400.0,0.0,0,0,0,,24
original_limit_0,original,"9,10,3,2",3,400,9283007,28,4,730,1669.0,0,0,400.0,0.0,0,0,0,,26
original_limit_0,original,"9,10,2,3",2,400,9283006,28,4,730,1249.0,0,0,400.0,0.0,0,0,0,,25
original_limit_0,original,"2,10,1,4",0,120,9283000,28,4,730,3582.0,0,0,120.0,0.0,0,0,0,,18
original_limit_0,original,"10,2,1,4",1,120,9283001,28,4,730,4169.0,0,0,120.0,0.0,0,0,0,,20
original_limit_0,original,"10,1,2,4",2,120,9283002,28,4,730,2426.0,0,0,120.0,0.0,0,0,0,,17
original_limit_0,original,"10,1,4,2",3,120,9283003,28,4,730,2444.0,0,0,120.0,0.0,0,0,0,,20
original_limit_0,original,"2,10,1,4",0,120,9283004,28,4,730,5052.0,0,0,120.0,0.0,0,0,0,,22
original_limit_0,original,"10,2,1,4",1,120,9283005,28,4,730,4219.0,0,0,120.0,0.0,0,0,0,,23
original_limit_0,original,"10,1,2,4",2,120,9283006,28,4,730,3879.0,0,0,120.0,0.0,0,0,0,,17
original_limit_0,original,"10,1,4,2",3,120,9283007,28,4,730,2915.0,0,0,120.0,0.0,0,0,0,,21
original_limit_0,original,"2,10,1,4",0,120,9283008,28,4,730,3774.0,0,0,120.0,0.0,0,0,0,,21
original_limit_0,original,"10,2,1,4",1,120,9283009,28,4,730,4469.0,0,0,120.0,0.0,0,0,0,,22
original_limit_0,original,"2,10,1,4",0,400,9283000,28,4,730,1302.0,0,0,400.0,0.0,0,0,0,,24
original_limit_0,original,"10,2,1,4",1,400,9283001,28,4,730,1002.0,0,0,400.0,0.0,0,0,0,,28
original_limit_0,original,"10,1,2,4",2,400,9283002,28,4,730,1061.0,0,0,400.0,0.0,0,0,0,,25
original_limit_0,original,"10,1,4,2",3,400,9283003,28,4,730,1114.0,0,0,400.0,0.0,0,0,0,,22
original_limit_0,original,"2,10,1,4",0,400,9283004,28,4,730,1163.0,0,0,400.0,0.0,0,0,0,,26
original_limit_0,original,"10,2,1,4",1,400,9283005,28,4,730,1102.0,0,0,400.0,0.0,0,0,0,,25
original_limit_0,original,"10,1,2,4",2,400,9283006,28,4,730,1695.0,0,0,400.0,0.0,0,0,0,,24
original_limit_0,original,"10,1,4,2",3,400,9283007,28,4,730,1215.0,0,0,400.0,0.0,0,0,0,,24
original_limit_0,original,"2,10,1,4",0,400,9283008,28,4,730,1388.0,0,0,400.0,0.0,0,0,0,,23
original_limit_0,original,"10,2,1,4",1,400,9283009,28,4,730,1055.0,0,0,400.0,0.0,0,0,0,,25
original_limit_0,original,"2,1,1,1",0,120,9283000,28,4,730,2529.0,0,0,120.0,0.0,0,0,0,,24
original_limit_0,original,"1,2,1,1",1,120,9283001,28,4,730,1488.0,0,0,120.0,0.0,0,0,0,,23
original_limit_0,original,"1,1,2,1",2,120,9283002,28,4,730,1807.0,0,0,120.0,0.0,0,0,0,,25
original_limit_0,original,"1,1,1,2",3,120,9283003,28,4,730,2189.0,0,0,120.0,0.0,0,0,0,,24
original_limit_0,original,"2,1,1,1",0,120,9283004,28,4,730,2156.0,0,0,120.0,0.0,0,0,0,,22
original_limit_0,original,"1,2,1,1",1,120,9283005,28,4,730,2498.0,0,0,120.0,0.0,0,0,0,,21
original_limit_0,original,"1,1,2,1",2,120,9283006,28,4,730,2060.0,0,0,120.0,0.0,0,0,0,,23
original_limit_0,original,"1,1,1,2",3,120,9283007,28,4,730,1859.0,0,0,120.0,0.0,0,0,0,,23
original_limit_0,original,"2,1,1,1",0,120,9283008,28,4,730,1918.0,0,0,120.0,0.0,0,0,0,,24
original_limit_0,original,"1,2,1,1",1,120,9283009,28,4,730,1782.0,0,0,120.0,0.0,0,0,0,,26
original_limit_0,original,"2,1,1,1",0,400,9283000,28,4,730,223.0,0,0,400.0,0.0,0,0,0,,25
original_limit_0,original,"1,2,1,1",1,400,9283001,28,4,730,186.0,0,0,400.0,0.0,0,0,0,,25
original_limit_0,original,"1,1,2,1",2,400,9283002,28,4,730,270.0,0,0,400.0,0.0,0,0,0,,26
original_limit_0,original,"1,1,1,2",3,400,9283003,28,4,730,326.0,0,0,400.0,0.0,0,0,0,,20
original_limit_0,original,"2,1,1,1",0,400,9283004,28,4,730,315.0,0,0,400.0,0.0,0,0,0,,22
original_limit_0,original,"1,2,1,1",1,400,9283005,28,4,730,196.0,0,0,400.0,0.0,0,0,0,,23
original_limit_0,original,"1,1,2,1",2,400,9283006,28,4,730,216.0,0,0,400.0,0.0,0,0,0,,22
original_limit_0,original,"1,1,1,2",3,400,9283007,28,4,730,339.0,0,0,400.0,0.0,0,0,0,,24
original_limit_0,original,"2,1,1,1",0,400,9283008,28,4,730,156.0,0,0,400.0,0.0,0,0,0,,23
original_limit_0,original,"1,2,1,1",1,400,9283009,28,4,730,178.0,0,0,400.0,0.0,0,0,0,,23
original_limit_0,original,"2,9,10,3",0,400,9283008,28,4,730,1245.0,0,0,400.0,0.0,0,0,0,,27
original_limit_0,original,"9,2,10,3",1,400,9283009,28,4,730,1049.0,0,0,400.0,0.0,0,0,0,,24
original_limit_0,original,"3,2,3,3",1,120,9283001,28,4,730,1525.0,0,0,120.0,0.0,0,0,0,,19
original_limit_0,original,"2,3,3,3",0,120,9283000,28,4,730,2252.0,0,0,120.0,0.0,0,0,0,,27
original_limit_0,original,"3,3,2,3",2,120,9283002,28,4,730,2147.0,0,0,110.0,10.0,0,0,0,,23
original_limit_0,original,"3,3,3,2",3,120,9283003,28,4,730,2046.0,0,0,110.0,10.0,0,0,0,,18
original_limit_0,original,"2,3,3,3",0,120,9283004,28,4,730,1712.0,0,0,120.0,0.0,0,0,0,,22
original_limit_0,original,"3,2,3,3",1,120,9283005,28,4,730,1900.0,0,0,120.0,0.0,0,0,0,,26
original_limit_0,original,"3,3,2,3",2,120,9283006,28,4,730,2033.0,0,0,120.0,0.0,0,0,0,,22
original_limit_0,original,"3,3,3,2",3,120,9283007,28,4,730,2374.0,0,0,120.0,0.0,0,0,0,,22
original_limit_0,original,"2,3,3,3",0,120,9283008,28,4,730,1898.0,0,0,120.0,0.0,0,0,0,,22
original_limit_0,original,"3,2,3,3",1,120,9283009,28,4,730,3319.0,0,0,110.0,10.0,0,0,0,,22
original_limit_0,original,"2,3,3,3",0,400,9283000,28,4,730,58.0,0,0,350.0,50.0,0,0,0,,24
original_limit_0,original,"3,2,3,3",1,400,9283001,28,4,730,90.0,0,0,350.0,50.0,0,0,0,,23
original_limit_0,original,"3,3,2,3",2,400,9283002,28,4,730,0.0,0,0,340.0,60.0,0,0,0,,24
original_limit_0,original,"3,3,3,2",3,400,9283003,28,4,730,67.0,0,0,340.0,60.0,0,0,0,,23
original_limit_0,original,"2,3,3,3",0,400,9283004,28,4,730,37.0,0,0,350.0,50.0,0,0,0,,25
original_limit_0,original,"2,4,4,4",0,120,9283000,28,4,730,3231.0,0,0,120.0,0.0,0,0,0,,15
original_limit_0,original,"3,2,3,3",1,400,9283005,28,4,730,82.0,0,0,340.0,60.0,0,0,0,,25
original_limit_0,original,"4,2,4,4",1,120,9283001,28,4,730,4704.0,0,0,120.0,0.0,0,0,0,,24
original_limit_0,original,"4,4,2,4",2,120,9283002,28,4,730,3896.0,0,0,120.0,0.0,0,0,0,,19
original_limit_0,original,"4,4,4,2",3,120,9283003,28,4,730,4498.0,0,0,120.0,0.0,0,0,0,,24
original_limit_0,original,"2,4,4,4",0,120,9283004,28,4,730,3284.0,0,0,120.0,0.0,0,0,0,,18
original_limit_0,original,"4,2,4,4",1,120,9283005,28,4,730,4340.0,0,0,120.0,0.0,0,0,0,,20
original_limit_0,original,"4,4,2,4",2,120,9283006,28,4,730,5129.0,0,0,120.0,0.0,0,0,0,,16
original_limit_0,original,"4,4,4,2",3,120,9283007,28,4,730,4506.0,0,0,120.0,0.0,0,0,0,,20
original_limit_0,original,"2,4,4,4",0,120,9283008,28,4,730,4250.0,0,0,120.0,0.0,0,0,0,,17
original_limit_0,original,"4,2,4,4",1,120,9283009,28,4,730,3323.0,0,0,120.0,0.0,0,0,0,,23
original_limit_0,original,"2,4,4,4",0,400,9283000,28,4,730,3757.0,0,0,180.0,220.0,0,0,0,,24
original_limit_0,original,"4,2,4,4",1,400,9283001,28,4,730,3889.0,0,0,170.0,230.0,0,0,0,,21
original_limit_0,original,"4,4,2,4",2,400,9283002,28,4,730,4650.0,0,0,180.0,220.0,0,0,0,,26
original_limit_0,original,"4,4,4,2",3,400,9283003,28,4,730,4230.0,0,0,180.0,220.0,0,0,0,,27
original_limit_0,original,"2,4,4,4",0,400,9283004,28,4,730,5036.0,0,0,180.0,220.0,0,0,0,,27
original_limit_0,original,"4,2,4,4",1,400,9283005,28,4,730,3612.0,0,0,170.0,230.0,0,0,0,,26
original_limit_0,original,"4,4,2,4",2,400,9283006,28,4,730,3812.0,0,0,190.0,210.0,0,0,0,,22
original_limit_0,original,"4,4,4,2",3,400,9283007,28,4,730,4475.0,0,0,170.0,230.0,0,0,0,,18
original_limit_0,original,"2,4,4,4",0,400,9283008,28,4,730,3927.0,0,0,180.0,220.0,0,0,0,,23
original_limit_0,original,"4,2,4,4",1,400,9283009,28,4,730,3729.0,0,0,180.0,220.0,0,0,0,,27
original_limit_0,original,"3,3,3,2",3,400,9283007,28,4,730,85.0,0,0,350.0,50.0,0,0,0,,23
original_limit_0,original,"3,3,2,3",2,400,9283006,28,4,730,64.0,0,0,340.0,60.0,0,0,0,,26
original_limit_0,original,"2,6,6,6",0,120,9283000,28,4,730,1863.0,0,0,120.0,0.0,0,0,0,,21
original_limit_0,original,"6,2,6,6",1,120,9283001,28,4,730,1639.0,0,0,120.0,0.0,0,0,0,,25
original_limit_0,original,"6,6,2,6",2,120,9283002,28,4,730,2942.0,0,0,120.0,0.0,0,0,0,,24
original_limit_0,original,"6,6,6,2",3,120,9283003,28,4,730,3884.0,0,0,120.0,0.0,0,0,0,,22
original_limit_0,original,"2,6,6,6",0,120,9283004,28,4,730,909.0,0,0,120.0,0.0,0,0,0,,18
original_limit_0,original,"6,2,6,6",1,120,9283005,28,4,730,1417.0,0,0,120.0,0.0,0,0,0,,21
original_limit_0,original,"6,6,2,6",2,120,9283006,28,4,730,3315.0,0,0,120.0,0.0,0,0,0,,22
original_limit_0,original,"6,6,6,2",3,120,9283007,28,4,730,3925.0,0,0,120.0,0.0,0,0,0,,25
original_limit_0,original,"2,6,6,6",0,120,9283008,28,4,730,3569.0,0,0,120.0,0.0,0,0,0,,24
original_limit_0,original,"6,2,6,6",1,120,9283009,28,4,730,2911.0,0,0,120.0,0.0,0,0,0,,21
original_limit_0,original,"2,6,6,6",0,400,9283000,28,4,730,17.0,0,0,160.0,240.0,0,0,0,,24
original_limit_0,original,"6,2,6,6",1,400,9283001,28,4,730,287.0,0,0,170.0,230.0,0,0,0,,21
original_limit_0,original,"6,6,2,6",2,400,9283002,28,4,730,775.0,0,0,170.0,230.0,0,0,0,,20
original_limit_0,original,"6,6,6,2",3,400,9283003,28,4,730,0.0,0,0,160.0,240.0,0,0,0,,25
original_limit_0,original,"2,6,6,6",0,400,9283004,28,4,730,705.0,0,0,170.0,230.0,0,0,0,,22
original_limit_0,original,"6,2,6,6",1,400,9283005,28,4,730,20.0,0,0,170.0,230.0,0,0,0,,23
original_limit_0,original,"6,6,2,6",2,400,9283006,28,4,730,628.0,0,0,180.0,220.0,0,0,0,,27
original_limit_0,original,"6,6,6,2",3,400,9283007,28,4,730,701.0,0,0,170.0,230.0,0,0,0,,24
original_limit_0,original,"2,7,7,7",0,120,9283000,28,4,730,837.0,0,0,120.0,0.0,0,0,0,,21
original_limit_0,original,"7,2,7,7",1,120,9283001,28,4,730,593.0,0,0,120.0,0.0,0,0,0,,22
original_limit_0,original,"2,6,6,6",0,400,9283008,28,4,730,8.0,0,0,140.0,260.0,0,0,0,,24
original_limit_0,original,"7,7,2,7",2,120,9283002,28,4,730,874.0,0,0,120.0,0.0,0,0,0,,21
original_limit_0,original,"7,7,7,2",3,120,9283003,28,4,730,913.0,0,0,120.0,0.0,0,0,0,,22
original_limit_0,original,"6,2,6,6",1,400,9283009,28,4,730,766.0,0,0,160.0,240.0,0,0,0,,18
original_limit_0,original,"2,7,7,7",0,120,9283004,28,4,730,841.0,0,0,120.0,0.0,0,0,0,,19
original_limit_0,original,"7,2,7,7",1,120,9283005,28,4,730,1452.0,0,0,120.0,0.0,0,0,0,,26
original_limit_0,original,"7,7,2,7",2,120,9283006,28,4,730,1152.0,0,0,120.0,0.0,0,0,0,,21
original_limit_0,original,"7,7,7,2",3,120,9283007,28,4,730,340.0,0,0,120.0,0.0,0,0,0,,21
original_limit_0,original,"2,7,7,7",0,120,9283008,28,4,730,152.0,0,0,120.0,0.0,0,0,0,,25
original_limit_0,original,"7,2,7,7",1,120,9283009,28,4,730,1149.0,0,0,120.0,0.0,0,0,0,,20
original_limit_0,original,"2,7,7,7",0,400,9283000,28,4,730,745.0,0,0,400.0,0.0,0,0,0,,24
original_limit_0,original,"7,2,7,7",1,400,9283001,28,4,730,369.0,0,0,400.0,0.0,0,0,0,,19
original_limit_0,original,"7,7,2,7",2,400,9283002,28,4,730,626.0,0,0,400.0,0.0,0,0,0,,27
original_limit_0,original,"7,7,7,2",3,400,9283003,28,4,730,722.0,0,0,400.0,0.0,0,0,0,,27
original_limit_0,original,"2,7,7,7",0,400,9283004,28,4,730,593.0,0,0,400.0,0.0,0,0,0,,24
original_limit_0,original,"7,2,7,7",1,400,9283005,28,4,730,1373.0,0,0,400.0,0.0,0,0,0,,23
original_limit_0,original,"7,7,2,7",2,400,9283006,28,4,730,1180.0,0,0,400.0,0.0,0,0,0,,23
original_limit_0,original,"7,7,7,2",3,400,9283007,28,4,730,166.0,0,0,400.0,0.0,0,0,0,,18
original_limit_0,original,"2,7,7,7",0,400,9283008,28,4,730,272.0,0,0,400.0,0.0,0,0,0,,27
original_limit_0,original,"7,2,7,7",1,400,9283009,28,4,730,698.0,0,0,400.0,0.0,0,0,0,,22
original_limit_0,original,"2,8,8,8",0,120,9283000,28,4,730,2026.0,0,0,120.0,0.0,0,0,0,,27
original_limit_0,original,"8,2,8,8",1,120,9283001,28,4,730,1142.0,0,0,120.0,0.0,0,0,0,,26
original_limit_0,original,"8,8,2,8",2,120,9283002,28,4,730,2964.0,0,0,120.0,0.0,0,0,0,,24
original_limit_0,original,"8,8,8,2",3,120,9283003,28,4,730,3029.0,0,0,120.0,0.0,0,0,0,,26
original_limit_0,original,"2,8,8,8",0,120,9283004,28,4,730,1810.0,0,0,120.0,0.0,0,0,0,,26
original_limit_0,original,"8,2,8,8",1,120,9283005,28,4,730,1821.0,0,0,120.0,0.0,0,0,0,,23
original_limit_0,original,"8,8,2,8",2,120,9283006,28,4,730,1726.0,0,0,120.0,0.0,0,0,0,,21
original_limit_0,original,"8,8,8,2",3,120,9283007,28,4,730,2228.0,0,0,120.0,0.0,0,0,0,,22
original_limit_0,original,"2,8,8,8",0,120,9283008,28,4,730,1572.0,0,0,120.0,0.0,0,0,0,,22
original_limit_0,original,"8,2,8,8",1,120,9283009,28,4,730,2650.0,0,0,120.0,0.0,0,0,0,,27
original_limit_0,original,"2,8,8,8",0,400,9283000,28,4,730,1293.0,0,0,370.0,30.0,0,0,0,,24
original_limit_0,original,"8,2,8,8",1,400,9283001,28,4,730,645.0,0,0,370.0,30.0,0,0,0,,23
original_limit_0,original,"8,8,2,8",2,400,9283002,28,4,730,1730.0,0,0,370.0,30.0,0,0,0,,26
original_limit_0,original,"8,8,8,2",3,400,9283003,28,4,730,1271.0,0,0,380.0,20.0,0,0,0,,27
original_limit_0,original,"2,8,8,8",0,400,9283004,28,4,730,458.0,0,0,370.0,30.0,0,0,0,,25
original_limit_0,original,"8,2,8,8",1,400,9283005,28,4,730,1129.0,0,0,370.0,30.0,0,0,0,,27
original_limit_0,original,"8,8,2,8",2,400,9283006,28,4,730,1017.0,0,0,380.0,20.0,0,0,0,,27
original_limit_0,original,"8,8,8,2",3,400,9283007,28,4,730,1694.0,0,0,370.0,30.0,0,0,0,,27
original_limit_0,original,"2,8,8,8",0,400,9283008,28,4,730,911.0,0,0,370.0,30.0,0,0,0,,25
original_limit_0,original,"2,9,9,9",0,120,9283000,28,4,730,1967684.0,30,136,120.0,0.0,0,0,0,,1
original_limit_0,original,"8,2,8,8",1,400,9283009,28,4,730,1545.0,0,0,380.0,20.0,0,0,0,,27
original_limit_0,original,"9,2,9,9",1,120,9283001,28,4,730,1774322.0,27,120,120.0,0.0,0,0,0,,1
original_limit_0,original,"9,9,9,2",3,120,9283003,28,4,730,1840100.0,28,114,120.0,0.0,0,0,0,,1
original_limit_0,original,"9,9,2,9",2,120,9283002,28,4,730,1969218.0,30,128,120.0,0.0,0,0,0,,1
original_limit_0,original,"2,9,9,9",0,120,9283004,28,4,730,2232957.0,34,139,120.0,0.0,0,0,0,,1
original_limit_0,original,"9,2,9,9",1,120,9283005,28,4,730,2884378.0,44,176,120.0,0.0,0,0,0,,1
original_limit_0,original,"9,9,2,9",2,120,9283006,28,4,730,3409832.0,52,201,120.0,0.0,0,0,0,,1
original_limit_0,original,"9,9,9,2",3,120,9283007,28,4,730,2167376.0,33,134,120.0,0.0,0,0,0,,1
original_limit_0,original,"2,9,9,9",0,120,9283008,28,4,730,2361746.0,36,141,120.0,0.0,0,0,0,,1
original_limit_0,original,"9,2,9,9",1,120,9283009,28,4,730,1708492.0,26,107,120.0,0.0,0,0,0,,1
original_limit_0,original,"9,2,9,9",1,400,9283001,28,4,730,1375.0,0,0,400.0,0.0,0,0,0,,28
original_limit_0,original,"2,9,9,9",0,400,9283000,28,4,730,1180.0,0,0,400.0,0.0,0,0,0,,28
original_limit_0,original,"9,9,2,9",2,400,9283002,28,4,730,1406.0,0,0,400.0,0.0,0,0,0,,26
original_limit_0,original,"9,9,9,2",3,400,9283003,28,4,730,1275.0,0,0,390.0,10.0,0,0,0,,27
original_limit_0,original,"9,2,9,9",1,400,9283005,28,4,730,1239.0,0,0,400.0,0.0,0,0,0,,27
original_limit_0,original,"2,9,9,9",0,400,9283004,28,4,730,1811.0,0,0,400.0,0.0,0,0,0,,25
original_limit_0,original,"9,9,2,9",2,400,9283006,28,4,730,1429.0,0,0,400.0,0.0,0,0,0,,25
original_limit_0,original,"9,9,9,2",3,400,9283007,28,4,730,1206.0,0,0,400.0,0.0,0,0,0,,27
original_limit_0,original,"2,10,10,10",0,120,9283000,28,4,730,3221.0,0,0,120.0,0.0,0,0,0,,22
original_limit_0,original,"10,2,10,10",1,120,9283001,28,4,730,1962.0,0,0,120.0,0.0,0,0,0,,21
original_limit_0,original,"2,9,9,9",0,400,9283008,28,4,730,1304.0,0,0,390.0,10.0,0,0,0,,26
original_limit_0,original,"9,2,9,9",1,400,9283009,28,4,730,1375.0,0,0,400.0,0.0,0,0,0,,28
original_limit_0,original,"10,10,2,10",2,120,9283002,28,4,730,2607.0,0,0,120.0,0.0,0,0,0,,20
original_limit_0,original,"10,2,10,10",1,120,9283005,28,4,730,1755.0,0,0,120.0,0.0,0,0,0,,25
original_limit_0,original,"2,10,10,10",0,120,9283004,28,4,730,2472.0,0,0,120.0,0.0,0,0,0,,20
original_limit_0,original,"10,10,10,2",3,120,9283003,28,4,730,2375.0,0,0,120.0,0.0,0,0,0,,22
original_limit_0,original,"10,10,2,10",2,120,9283006,28,4,730,1963.0,0,0,120.0,0.0,0,0,0,,19
original_limit_0,original,"10,10,10,2",3,120,9283007,28,4,730,3046.0,0,0,120.0,0.0,0,0,0,,22
original_limit_0,original,"2,10,10,10",0,120,9283008,28,4,730,2313.0,0,0,120.0,0.0,0,0,0,,21
original_limit_0,original,"10,2,10,10",1,120,9283009,28,4,730,2402.0,0,0,120.0,0.0,0,0,0,,20
original_limit_0,original,"2,10,10,10",0,400,9283000,28,4,730,327.0,0,0,400.0,0.0,0,0,0,,25
original_limit_0,original,"10,2,10,10",1,400,9283001,28,4,730,351.0,0,0,400.0,0.0,0,0,0,,26
original_limit_0,original,"10,10,2,10",2,400,9283002,28,4,730,364.0,0,0,400.0,0.0,0,0,0,,27
original_limit_0,original,"10,10,10,2",3,400,9283003,28,4,730,357.0,0,0,400.0,0.0,0,0,0,,22
original_limit_0,original,"2,10,10,10",0,400,9283004,28,4,730,230.0,0,0,400.0,0.0,0,0,0,,21
original_limit_0,original,"10,2,10,10",1,400,9283005,28,4,730,387.0,0,0,400.0,0.0,0,0,0,,26
original_limit_0,original,"10,10,2,10",2,400,9283006,28,4,730,300.0,0,0,400.0,0.0,0,0,0,,27
original_limit_0,original,"10,10,10,2",3,400,9283007,28,4,730,359.0,0,0,400.0,0.0,0,0,0,,21
original_limit_0,original,"2,10,10,10",0,400,9283008,28,4,730,365.0,0,0,400.0,0.0,0,0,0,,25
original_limit_0,original,"10,2,10,10",1,400,9283009,28,4,730,262.0,0,0,400.0,0.0,0,0,0,,25
original_limit_0,original,"2,3,3,3",0,400,9283008,28,4,730,60.0,0,0,340.0,60.0,0,0,0,,23
original_limit_0,original,"3,2,3,3",1,400,9283009,28,4,730,58.0,0,0,350.0,50.0,0,0,0,,26
original_limit_1,original,"2,1,3,6",0,120,9283000,28,4,730,2052.0,0,0,120.0,0.0,0,0,0,,24
original_limit_1,original,"1,2,3,6",1,120,9283001,28,4,730,2308.0,0,0,120.0,0.0,0,0,0,,20
original_limit_1,original,"1,3,6,2",3,120,9283003,28,4,730,1374.0,0,0,120.0,0.0,0,0,0,,26
original_limit_1,original,"1,3,2,6",2,120,9283002,28,4,730,1974.0,0,0,120.0,0.0,0,0,0,,27
original_limit_1,original,"2,1,3,6",0,120,9283004,28,4,730,2182.0,0,0,120.0,0.0,0,0,0,,23
original_limit_1,original,"1,2,3,6",1,120,9283005,28,4,730,2350.0,0,0,120.0,0.0,0,0,0,,23
original_limit_1,original,"1,3,6,2",3,120,9283007,28,4,730,2008.0,0,0,120.0,0.0,0,0,0,,25
original_limit_1,original,"1,3,2,6",2,120,9283006,28,4,730,1643.0,0,0,120.0,0.0,0,0,0,,27
original_limit_1,original,"2,1,3,6",0,120,9283008,28,4,730,3004.0,0,0,120.0,0.0,0,0,0,,23
original_limit_1,original,"1,2,3,6",1,120,9283009,28,4,730,2248.0,0,0,120.0,0.0,0,0,0,,21
original_limit_1,original,"2,1,3,6",0,400,9283000,28,4,730,198.0,0,0,390.0,10.0,4,0,0,,19
original_limit_1,original,"1,2,3,6",1,400,9283001,28,4,730,73.0,0,0,390.0,10.0,13,0,0,,21
original_limit_1,original,"1,3,2,6",2,400,9283002,28,4,730,139.0,0,0,400.0,0.0,15,0,0,,26
original_limit_1,original,"1,3,6,2",3,400,9283003,28,4,730,253.0,0,0,390.0,10.0,5,0,0,,22
original_limit_1,original,"2,1,3,6",0,400,9283004,28,4,730,159.0,0,0,400.0,0.0,10,0,0,,28
original_limit_1,original,"1,2,3,6",1,400,9283005,28,4,730,395.0,0,0,390.0,10.0,20,0,0,,20
original_limit_1,original,"1,3,6,2",3,400,9283007,28,4,730,357.0,0,0,400.0,0.0,7,0,0,,27
original_limit_1,original,"1,2,3,6",1,400,9283009,28,4,730,337.0,0,0,390.0,10.0,6,0,0,,19
original_limit_1,original,"2,1,3,6",0,400,9283008,28,4,730,88.0,0,0,390.0,10.0,7,0,0,,22
original_limit_1,original,"1,3,2,6",2,400,9283006,28,4,730,271.0,0,0,390.0,10.0,14,0,0,,20
original_limit_1,original,"2,3,4,7",0,120,9283000,28,4,730,3728.0,0,0,120.0,0.0,0,0,0,,18
original_limit_1,original,"3,2,4,7",1,120,9283001,28,4,730,4607.0,0,0,120.0,0.0,0,0,0,,18
original_limit_1,original,"3,4,2,7",2,120,9283002,28,4,730,3851.0,0,0,120.0,0.0,0,0,0,,19
original_limit_1,original,"3,2,4,7",1,120,9283005,28,4,730,4458.0,0,0,120.0,0.0,0,0,0,,19
original_limit_1,original,"2,3,4,7",0,120,9283004,28,4,730,3721.0,0,0,120.0,0.0,0,0,0,,16
original_limit_1,original,"3,4,7,2",3,120,9283003,28,4,730,3817.0,0,0,120.0,0.0,0,0,0,,16
original_limit_1,original,"3,4,2,7",2,120,9283006,28,4,730,1431.0,0,0,120.0,0.0,0,0,0,,19
original_limit_1,original,"3,4,7,2",3,120,9283007,28,4,730,3615.0,0,0,120.0,0.0,0,0,0,,16
original_limit_1,original,"2,3,4,7",0,120,9283008,28,4,730,3525.0,0,0,120.0,0.0,0,0,0,,15
original_limit_1,original,"3,2,4,7",1,120,9283009,28,4,730,1476.0,0,0,120.0,0.0,0,0,0,,20
original_limit_1,original,"3,2,4,7",1,400,9283001,28,4,730,748.0,0,0,400.0,0.0,20,0,0,,22
original_limit_1,original,"2,3,4,7",0,400,9283000,28,4,730,816.0,0,0,400.0,0.0,28,0,0,,26
original_limit_1,original,"3,4,2,7",2,400,9283002,28,4,730,986.0,0,0,400.0,0.0,17,0,0,,25
original_limit_1,original,"3,4,7,2",3,400,9283003,28,4,730,860.0,0,0,400.0,0.0,15,0,0,,24
original_limit_1,original,"2,3,4,7",0,400,9283004,28,4,730,1066.0,0,0,400.0,0.0,25,0,0,,24
original_limit_1,original,"3,2,4,7",1,400,9283005,28,4,730,960.0,0,0,400.0,0.0,16,0,0,,28
original_limit_1,original,"3,4,2,7",2,400,9283006,28,4,730,620.0,0,0,400.0,0.0,23,0,0,,24
original_limit_1,original,"3,4,7,2",3,400,9283007,28,4,730,545.0,0,0,400.0,0.0,22,0,0,,25
original_limit_1,original,"2,3,4,7",0,400,9283008,28,4,730,792.0,0,0,400.0,0.0,11,0,0,,26
original_limit_1,original,"2,4,6,8",0,120,9283000,28,4,730,4153.0,0,0,120.0,0.0,0,0,0,,20
original_limit_1,original,"4,2,6,8",1,120,9283001,28,4,730,4536.0,0,0,120.0,0.0,0,0,0,,18
original_limit_1,original,"3,2,4,7",1,400,9283009,28,4,730,926.0,0,0,400.0,0.0,16,0,0,,27
original_limit_1,original,"4,6,2,8",2,120,9283002,28,4,730,4644.0,0,0,120.0,0.0,0,0,0,,21
original_limit_1,original,"4,6,8,2",3,120,9283003,28,4,730,4078.0,0,0,120.0,0.0,0,0,0,,17
original_limit_1,original,"2,4,6,8",0,120,9283004,28,4,730,3849.0,0,5,120.0,0.0,0,0,0,,13
original_limit_1,original,"4,2,6,8",1,120,9283005,28,4,730,4401.0,0,0,120.0,0.0,0,0,0,,20
original_limit_1,original,"4,6,2,8",2,120,9283006,28,4,730,4050.0,0,0,120.0,0.0,0,0,0,,19
original_limit_1,original,"4,6,8,2",3,120,9283007,28,4,730,4636.0,0,0,120.0,0.0,0,0,0,,14
original_limit_1,original,"2,4,6,8",0,120,9283008,28,4,730,4196.0,0,0,120.0,0.0,0,0,0,,21
original_limit_1,original,"4,2,6,8",1,120,9283009,28,4,730,4589.0,0,0,120.0,0.0,0,0,0,,17
original_limit_1,original,"2,4,6,8",0,400,9283000,28,4,730,2670.0,0,0,370.0,30.0,23,0,0,,27
original_limit_1,original,"4,2,6,8",1,400,9283001,28,4,730,1994.0,0,0,370.0,30.0,39,0,0,,23
original_limit_1,original,"4,6,2,8",2,400,9283002,28,4,730,2047.0,0,0,370.0,30.0,32,0,0,,28
original_limit_1,original,"4,6,8,2",3,400,9283003,28,4,730,2765.0,0,0,370.0,30.0,30,0,0,,26
original_limit_1,original,"2,4,6,8",0,400,9283004,28,4,730,2314.0,0,0,370.0,30.0,30,0,0,,24
original_limit_1,original,"4,2,6,8",1,400,9283005,28,4,730,1796.0,0,0,370.0,30.0,26,0,0,,28
original_limit_1,original,"4,6,2,8",2,400,9283006,28,4,730,2330.0,0,0,370.0,30.0,27,0,0,,27
original_limit_1,original,"4,6,8,2",3,400,9283007,28,4,730,2190.0,0,0,370.0,30.0,31,0,0,,27
original_limit_1,original,"2,6,7,9",0,120,9283000,28,4,730,3408934.0,52,198,120.0,0.0,0,0,0,,1
original_limit_1,original,"2,4,6,8",0,400,9283008,28,4,730,2190.0,0,0,370.0,30.0,34,0,0,,27
original_limit_1,original,"6,2,7,9",1,120,9283001,28,4,730,2558350.0,39,181,120.0,0.0,0,0,0,,3
original_limit_1,original,"4,2,6,8",1,400,9283009,28,4,730,2421.0,0,0,370.0,30.0,19,0,0,,26
original_limit_1,original,"6,7,2,9",2,120,9283002,28,4,730,2233101.0,34,123,120.0,0.0,0,0,0,,1
original_limit_1,original,"6,7,9,2",3,120,9283003,28,4,730,3213265.0,49,187,120.0,0.0,0,0,0,,1
original_limit_1,original,"2,6,7,9",0,120,9283004,28,4,730,2688167.0,41,147,120.0,0.0,0,0,0,,2
original_limit_1,original,"6,2,7,9",1,120,9283005,28,4,730,2167041.0,33,118,120.0,0.0,0,0,0,,1
original_limit_1,original,"6,7,2,9",2,120,9283006,28,4,730,2298348.0,35,147,120.0,0.0,0,0,0,,1
original_limit_1,original,"6,7,9,2",3,120,9283007,28,4,730,1577950.0,24,94,120.0,0.0,0,0,0,,2
original_limit_1,original,"2,6,7,9",0,120,9283008,28,4,730,3803415.0,58,217,120.0,0.0,0,0,0,,1
original_limit_1,original,"6,2,7,9",1,120,9283009,28,4,730,2885086.0,44,171,120.0,0.0,0,0,0,,2
original_limit_1,original,"6,2,7,9",1,400,9283001,28,4,730,1471.0,0,0,400.0,0.0,13,0,0,,25
original_limit_1,original,"2,6,7,9",0,400,9283000,28,4,730,1078.0,0,0,400.0,0.0,10,0,0,,27
original_limit_1,original,"6,7,2,9",2,400,9283002,28,4,730,1284.0,0,0,400.0,0.0,12,0,0,,23
original_limit_1,original,"6,7,9,2",3,400,9283003,28,4,730,1357.0,0,0,400.0,0.0,11,0,0,,23
original_limit_1,original,"2,6,7,9",0,400,9283004,28,4,730,1440.0,0,0,400.0,0.0,11,0,0,,26
original_limit_1,original,"6,2,7,9",1,400,9283005,28,4,730,886.0,0,0,400.0,0.0,5,0,0,,22
original_limit_1,original,"6,7,9,2",3,400,9283007,28,4,730,1126.0,0,0,400.0,0.0,11,0,0,,22
original_limit_1,original,"6,7,2,9",2,400,9283006,28,4,730,1174.0,0,0,400.0,0.0,13,0,0,,26
original_limit_1,original,"2,6,7,9",0,400,9283008,28,4,730,1012.0,0,0,400.0,0.0,6,0,0,,26
original_limit_1,original,"2,7,8,10",0,120,9283000,28,4,730,2019.0,0,0,120.0,0.0,0,0,0,,22
original_limit_1,original,"6,2,7,9",1,400,9283009,28,4,730,1255.0,0,0,400.0,0.0,14,0,0,,26
original_limit_1,original,"7,2,8,10",1,120,9283001,28,4,730,1891.0,0,0,120.0,0.0,0,0,0,,22
original_limit_1,original,"7,8,10,2",3,120,9283003,28,4,730,2577.0,0,0,120.0,0.0,0,0,0,,22
original_limit_1,original,"7,8,2,10",2,120,9283002,28,4,730,771.0,0,0,120.0,0.0,0,0,0,,26
original_limit_1,original,"2,7,8,10",0,120,9283004,28,4,730,1651.0,0,0,120.0,0.0,0,0,0,,24
original_limit_1,original,"7,2,8,10",1,120,9283005,28,4,730,1589.0,0,0,120.0,0.0,0,0,0,,23
original_limit_1,original,"7,8,2,10",2,120,9283006,28,4,730,1948.0,0,0,120.0,0.0,0,0,0,,19
original_limit_1,original,"7,8,10,2",3,120,9283007,28,4,730,1852.0,0,0,120.0,0.0,0,0,0,,22
original_limit_1,original,"2,7,8,10",0,120,9283008,28,4,730,1069.0,0,0,120.0,0.0,0,0,0,,16
original_limit_1,original,"7,2,8,10",1,120,9283009,28,4,730,2169.0,0,0,120.0,0.0,0,0,0,,20
original_limit_1,original,"2,7,8,10",0,400,9283000,28,4,730,511.0,0,0,400.0,0.0,15,0,0,,25
original_limit_1,original,"7,2,8,10",1,400,9283001,28,4,730,572.0,0,0,400.0,0.0,4,0,0,,26
original_limit_1,original,"7,8,2,10",2,400,9283002,28,4,730,368.0,0,0,400.0,0.0,16,0,0,,26
original_limit_1,original,"7,8,10,2",3,400,9283003,28,4,730,549.0,0,0,400.0,0.0,14,0,0,,24
original_limit_1,original,"7,2,8,10",1,400,9283005,28,4,730,500.0,0,0,400.0,0.0,18,0,0,,20
original_limit_1,original,"2,7,8,10",0,400,9283004,28,4,730,651.0,0,0,400.0,0.0,12,0,0,,28
original_limit_1,original,"7,8,2,10",2,400,9283006,28,4,730,513.0,0,0,400.0,0.0,9,0,0,,22
original_limit_1,original,"7,8,10,2",3,400,9283007,28,4,730,218.0,0,0,400.0,0.0,15,0,0,,22
original_limit_1,original,"2,7,8,10",0,400,9283008,28,4,730,408.0,0,0,400.0,0.0,17,0,0,,24
original_limit_1,original,"7,2,8,10",1,400,9283009,28,4,730,510.0,0,0,400.0,0.0,9,0,0,,21
original_limit_1,original,"8,2,9,1",1,120,9283001,28,4,730,1642975.0,25,82,120.0,0.0,0,0,0,,4
original_limit_1,original,"2,8,9,1",0,120,9283000,28,4,730,1643633.0,25,104,120.0,0.0,0,0,0,,1
original_limit_1,original,"8,9,2,1",2,120,9283002,28,4,730,1840453.0,28,100,120.0,0.0,0,0,0,,3
original_limit_1,original,"2,8,9,1",0,120,9283004,28,4,730,1118305.0,17,60,120.0,0.0,0,0,0,,5
original_limit_1,original,"8,9,1,2",3,120,9283003,28,4,730,1184086.0,18,79,120.0,0.0,0,0,0,,4
original_limit_1,original,"8,2,9,1",1,120,9283005,28,4,730,3082350.0,47,192,120.0,0.0,0,0,0,,1
original_limit_1,original,"8,9,2,1",2,120,9283006,28,4,730,3412444.0,52,191,120.0,0.0,0,0,0,,1
original_limit_1,original,"8,9,1,2",3,120,9283007,28,4,730,3015924.0,46,193,120.0,0.0,0,0,0,,1
original_limit_1,original,"2,8,9,1",0,120,9283008,28,4,730,529619.0,8,55,120.0,0.0,0,0,0,,2
original_limit_1,original,"8,2,9,1",1,120,9283009,28,4,730,2295783.0,35,166,120.0,0.0,0,0,0,,1
original_limit_1,original,"2,8,9,1",0,400,9283000,28,4,730,1190.0,0,0,400.0,0.0,10,0,0,,27
original_limit_1,original,"8,2,9,1",1,400,9283001,28,4,730,973.0,0,0,400.0,0.0,11,0,0,,22
original_limit_1,original,"8,9,2,1",2,400,9283002,28,4,730,1822.0,0,0,400.0,0.0,9,0,0,,24
original_limit_1,original,"8,9,1,2",3,400,9283003,28,4,730,1185.0,0,0,400.0,0.0,9,0,0,,21
original_limit_1,original,"2,8,9,1",0,400,9283004,28,4,730,1113.0,0,0,400.0,0.0,6,0,0,,27
original_limit_1,original,"8,2,9,1",1,400,9283005,28,4,730,1176.0,0,0,400.0,0.0,8,0,0,,23
original_limit_1,original,"8,9,2,1",2,400,9283006,28,4,730,882.0,0,0,400.0,0.0,10,0,0,,27
original_limit_1,original,"8,9,1,2",3,400,9283007,28,4,730,924.0,0,0,400.0,0.0,10,0,0,,27
original_limit_1,original,"2,8,9,1",0,400,9283008,28,4,730,819.0,0,0,400.0,0.0,13,0,0,,26
original_limit_1,original,"8,2,9,1",1,400,9283009,28,4,730,841.0,0,0,400.0,0.0,12,0,0,,23
original_limit_1,original,"9,10,2,3",2,120,9283002,28,4,730,1774009.0,27,116,120.0,0.0,0,0,0,,2
original_limit_1,original,"2,9,10,3",0,120,9283000,28,4,730,1577993.0,24,85,120.0,0.0,0,0,0,,3
original_limit_1,original,"9,2,10,3",1,120,9283001,28,4,730,1381557.0,21,98,120.0,0.0,0,0,0,,1
original_limit_1,original,"2,9,10,3",0,120,9283004,28,4,730,2950270.0,45,183,120.0,0.0,0,0,0,,1
original_limit_1,original,"9,10,3,2",3,120,9283003,28,4,730,1643251.0,25,103,120.0,0.0,0,0,0,,2
original_limit_1,original,"9,2,10,3",1,120,9283005,28,4,730,1577812.0,24,93,120.0,0.0,0,0,0,,2
original_limit_1,original,"9,10,2,3",2,120,9283006,28,4,730,2885916.0,44,176,120.0,0.0,0,0,0,,1
original_limit_1,original,"2,9,10,3",0,120,9283008,28,4,730,1512731.0,23,89,120.0,0.0,0,0,0,,2
original_limit_1,original,"9,2,10,3",1,120,9283009,28,4,730,1446111.0,22,93,120.0,0.0,0,0,0,,1
original_limit_1,original,"9,10,3,2",3,120,9283007,28,4,730,2167049.0,33,129,120.0,0.0,0,0,0,,1
original_limit_1,original,"2,9,10,3",0,400,9283000,28,4,730,711.0,0,0,400.0,0.0,9,0,0,,23
original_limit_1,original,"9,2,10,3",1,400,9283001,28,4,730,1323.0,0,0,400.0,0.0,9,0,0,,25
original_limit_1,original,"9,10,2,3",2,400,9283002,28,4,730,1078.0,0,0,400.0,0.0,9,0,0,,25
original_limit_1,original,"2,9,10,3",0,400,9283004,28,4,730,763.0,0,0,400.0,0.0,12,0,0,,25
original_limit_1,original,"9,10,3,2",3,400,9283003,28,4,730,1175.0,0,0,400.0,0.0,12,0,0,,28
original_limit_1,original,"9,2,10,3",1,400,9283005,28,4,730,1038.0,0,0,400.0,0.0,10,0,0,,22
original_limit_1,original,"9,10,2,3",2,400,9283006,28,4,730,596.0,0,0,400.0,0.0,5,0,0,,24
original_limit_1,original,"9,10,3,2",3,400,9283007,28,4,730,817.0,0,0,400.0,0.0,4,0,0,,25
original_limit_1,original,"2,10,1,4",0,120,9283000,28,4,730,3582.0,0,0,120.0,0.0,0,0,0,,18
original_limit_1,original,"10,2,1,4",1,120,9283001,28,4,730,4169.0,0,0,120.0,0.0,0,0,0,,20
original_limit_1,original,"10,1,2,4",2,120,9283002,28,4,730,2426.0,0,0,120.0,0.0,0,0,0,,17
original_limit_1,original,"10,1,4,2",3,120,9283003,28,4,730,2444.0,0,0,120.0,0.0,0,0,0,,20
original_limit_1,original,"2,10,1,4",0,120,9283004,28,4,730,5052.0,0,0,120.0,0.0,0,0,0,,22
original_limit_1,original,"10,2,1,4",1,120,9283005,28,4,730,4219.0,0,0,120.0,0.0,0,0,0,,23
original_limit_1,original,"10,1,2,4",2,120,9283006,28,4,730,3879.0,0,0,120.0,0.0,0,0,0,,17
original_limit_1,original,"10,1,4,2",3,120,9283007,28,4,730,2915.0,0,0,120.0,0.0,0,0,0,,21
original_limit_1,original,"2,10,1,4",0,120,9283008,28,4,730,3774.0,0,0,120.0,0.0,0,0,0,,21
original_limit_1,original,"10,2,1,4",1,120,9283009,28,4,730,4469.0,0,0,120.0,0.0,0,0,0,,22
original_limit_1,original,"2,10,1,4",0,400,9283000,28,4,730,1198.0,0,0,400.0,0.0,19,0,0,,22
original_limit_1,original,"10,2,1,4",1,400,9283001,28,4,730,1342.0,0,0,400.0,0.0,20,0,0,,26
original_limit_1,original,"10,1,2,4",2,400,9283002,28,4,730,1145.0,0,0,400.0,0.0,14,0,0,,26
original_limit_1,original,"10,1,4,2",3,400,9283003,28,4,730,979.0,0,0,400.0,0.0,26,0,0,,27
original_limit_1,original,"2,10,1,4",0,400,9283004,28,4,730,775.0,0,0,400.0,0.0,35,0,0,,28
original_limit_1,original,"10,2,1,4",1,400,9283005,28,4,730,1287.0,0,0,400.0,0.0,14,0,0,,26
original_limit_1,original,"10,1,2,4",2,400,9283006,28,4,730,1618.0,0,0,400.0,0.0,11,0,0,,28
original_limit_1,original,"10,1,4,2",3,400,9283007,28,4,730,1224.0,0,0,400.0,0.0,20,0,0,,23
original_limit_1,original,"2,10,1,4",0,400,9283008,28,4,730,1445.0,0,0,400.0,0.0,17,0,0,,27
original_limit_1,original,"2,1,1,1",0,120,9283000,28,4,730,2529.0,0,0,120.0,0.0,0,0,0,,24
original_limit_1,original,"10,2,1,4",1,400,9283009,28,4,730,826.0,0,0,400.0,0.0,27,0,0,,24
original_limit_1,original,"1,2,1,1",1,120,9283001,28,4,730,1488.0,0,0,120.0,0.0,0,0,0,,23
original_limit_1,original,"1,1,2,1",2,120,9283002,28,4,730,1807.0,0,0,120.0,0.0,0,0,0,,25
original_limit_1,original,"1,1,1,2",3,120,9283003,28,4,730,2189.0,0,0,120.0,0.0,0,0,0,,24
original_limit_1,original,"1,2,1,1",1,120,9283005,28,4,730,2498.0,0,0,120.0,0.0,0,0,0,,21
original_limit_1,original,"2,1,1,1",0,120,9283004,28,4,730,2156.0,0,0,120.0,0.0,0,0,0,,22
original_limit_1,original,"1,1,2,1",2,120,9283006,28,4,730,2060.0,0,0,120.0,0.0,0,0,0,,23
original_limit_1,original,"1,1,1,2",3,120,9283007,28,4,730,1859.0,0,0,120.0,0.0,0,0,0,,23
original_limit_1,original,"1,2,1,1",1,120,9283009,28,4,730,1782.0,0,0,120.0,0.0,0,0,0,,26
original_limit_1,original,"2,1,1,1",0,120,9283008,28,4,730,1918.0,0,0,120.0,0.0,0,0,0,,24
original_limit_1,original,"2,1,1,1",0,400,9283000,28,4,730,395.0,0,0,400.0,0.0,7,0,0,,26
original_limit_1,original,"1,2,1,1",1,400,9283001,28,4,730,159.0,0,0,400.0,0.0,10,0,0,,26
original_limit_1,original,"1,1,2,1",2,400,9283002,28,4,730,254.0,0,0,400.0,0.0,8,0,0,,24
original_limit_1,original,"1,1,1,2",3,400,9283003,28,4,730,204.0,0,0,400.0,0.0,6,0,0,,26
original_limit_1,original,"2,1,1,1",0,400,9283004,28,4,730,285.0,0,0,400.0,0.0,11,0,0,,27
original_limit_1,original,"1,2,1,1",1,400,9283005,28,4,730,183.0,0,0,400.0,0.0,14,0,0,,24
original_limit_1,original,"1,1,2,1",2,400,9283006,28,4,730,97.0,0,0,400.0,0.0,11,0,0,,28
original_limit_1,original,"1,1,1,2",3,400,9283007,28,4,730,151.0,0,0,400.0,0.0,17,0,0,,25
original_limit_1,original,"2,1,1,1",0,400,9283008,28,4,730,108.0,0,0,390.0,10.0,17,0,0,,18
original_limit_1,original,"1,2,1,1",1,400,9283009,28,4,730,175.0,0,0,400.0,0.0,14,0,0,,27
original_limit_1,original,"2,9,10,3",0,400,9283008,28,4,730,900.0,0,0,400.0,0.0,7,0,0,,27
original_limit_1,original,"9,2,10,3",1,400,9283009,28,4,730,970.0,0,0,400.0,0.0,11,0,0,,22
original_limit_1,original,"3,2,3,3",1,120,9283001,28,4,730,1525.0,0,0,120.0,0.0,0,0,0,,19
original_limit_1,original,"2,3,3,3",0,120,9283000,28,4,730,2252.0,0,0,120.0,0.0,0,0,0,,27
original_limit_1,original,"3,3,2,3",2,120,9283002,28,4,730,2147.0,0,0,110.0,10.0,0,0,0,,23
original_limit_1,original,"3,3,3,2",3,120,9283003,28,4,730,2046.0,0,0,110.0,10.0,0,0,0,,18
original_limit_1,original,"2,3,3,3",0,120,9283004,28,4,730,1712.0,0,0,120.0,0.0,0,0,0,,22
original_limit_1,original,"3,2,3,3",1,120,9283005,28,4,730,1900.0,0,0,120.0,0.0,0,0,0,,26
original_limit_1,original,"3,3,2,3",2,120,9283006,28,4,730,2033.0,0,0,120.0,0.0,0,0,0,,22
original_limit_1,original,"3,3,3,2",3,120,9283007,28,4,730,2374.0,0,0,120.0,0.0,0,0,0,,22
original_limit_1,original,"2,3,3,3",0,120,9283008,28,4,730,1898.0,0,0,120.0,0.0,0,0,0,,22
original_limit_1,original,"3,2,3,3",1,120,9283009,28,4,730,3319.0,0,0,110.0,10.0,0,0,0,,22
original_limit_1,original,"2,3,3,3",0,400,9283000,28,4,730,38.0,0,0,350.0,50.0,1,0,0,,24
original_limit_1,original,"3,2,3,3",1,400,9283001,28,4,730,19.0,0,0,350.0,50.0,3,0,0,,24
original_limit_1,original,"3,3,2,3",2,400,9283002,28,4,730,0.0,0,0,340.0,60.0,1,0,0,,24
original_limit_1,original,"3,3,3,2",3,400,9283003,28,4,730,123.0,0,0,350.0,50.0,4,0,0,,24
original_limit_1,original,"2,3,3,3",0,400,9283004,28,4,730,143.0,0,0,350.0,50.0,2,0,0,,26
original_limit_1,original,"2,4,4,4",0,120,9283000,28,4,730,3231.0,0,0,120.0,0.0,0,0,0,,15
original_limit_1,original,"3,2,3,3",1,400,9283005,28,4,730,40.0,0,0,350.0,50.0,2,0,0,,24
original_limit_1,original,"4,2,4,4",1,120,9283001,28,4,730,4704.0,0,0,120.0,0.0,0,0,0,,24
original_limit_1,original,"4,4,2,4",2,120,9283002,28,4,730,3896.0,0,0,120.0,0.0,0,0,0,,19
original_limit_1,original,"4,4,4,2",3,120,9283003,28,4,730,4498.0,0,0,120.0,0.0,0,0,0,,24
original_limit_1,original,"2,4,4,4",0,120,9283004,28,4,730,3284.0,0,0,120.0,0.0,0,0,0,,18
original_limit_1,original,"4,2,4,4",1,120,9283005,28,4,730,4340.0,0,0,120.0,0.0,0,0,0,,20
original_limit_1,original,"4,4,2,4",2,120,9283006,28,4,730,5129.0,0,0,120.0,0.0,0,0,0,,16
original_limit_1,original,"4,4,4,2",3,120,9283007,28,4,730,4506.0,0,0,120.0,0.0,0,0,0,,20
original_limit_1,original,"2,4,4,4",0,120,9283008,28,4,730,4250.0,0,0,120.0,0.0,0,0,0,,17
original_limit_1,original,"4,2,4,4",1,120,9283009,28,4,730,3323.0,0,0,120.0,0.0,0,0,0,,23
original_limit_1,original,"2,4,4,4",0,400,9283000,28,4,730,2895.0,0,0,210.0,190.0,28,0,0,,27
original_limit_1,original,"4,2,4,4",1,400,9283001,28,4,730,2667.0,0,0,200.0,200.0,34,0,0,,21
original_limit_1,original,"4,4,2,4",2,400,9283002,28,4,730,3465.0,0,0,210.0,190.0,38,0,0,,23
original_limit_1,original,"4,4,4,2",3,400,9283003,28,4,730,2133.0,0,0,210.0,190.0,37,0,0,,23
original_limit_1,original,"2,4,4,4",0,400,9283004,28,4,730,3125.0,0,0,200.0,200.0,33,0,0,,25
original_limit_1,original,"4,2,4,4",1,400,9283005,28,4,730,3188.0,0,0,200.0,200.0,31,0,0,,27
original_limit_1,original,"4,4,2,4",2,400,9283006,28,4,730,3894.0,0,0,200.0,200.0,25,0,0,,22
original_limit_1,original,"4,4,4,2",3,400,9283007,28,4,730,3521.0,0,0,200.0,200.0,25,0,0,,22
original_limit_1,original,"2,4,4,4",0,400,9283008,28,4,730,3373.0,0,0,210.0,190.0,35,0,0,,25
original_limit_1,original,"3,3,2,3",2,400,9283006,28,4,730,76.0,0,0,340.0,60.0,1,0,0,,26
original_limit_1,original,"3,3,3,2",3,400,9283007,28,4,730,113.0,0,0,350.0,50.0,1,0,0,,24
original_limit_1,original,"4,2,4,4",1,400,9283009,28,4,730,3333.0,0,0,210.0,190.0,33,0,0,,26
original_limit_1,original,"2,6,6,6",0,120,9283000,28,4,730,1863.0,0,0,120.0,0.0,0,0,0,,21
original_limit_1,original,"6,2,6,6",1,120,9283001,28,4,730,1639.0,0,0,120.0,0.0,0,0,0,,25
original_limit_1,original,"6,6,2,6",2,120,9283002,28,4,730,2942.0,0,0,120.0,0.0,0,0,0,,24
original_limit_1,original,"6,6,6,2",3,120,9283003,28,4,730,3884.0,0,0,120.0,0.0,0,0,0,,22
original_limit_1,original,"2,6,6,6",0,120,9283004,28,4,730,909.0,0,0,120.0,0.0,0,0,0,,18
original_limit_1,original,"6,2,6,6",1,120,9283005,28,4,730,1417.0,0,0,120.0,0.0,0,0,0,,21
original_limit_1,original,"6,6,2,6",2,120,9283006,28,4,730,3315.0,0,0,120.0,0.0,0,0,0,,22
original_limit_1,original,"6,6,6,2",3,120,9283007,28,4,730,3925.0,0,0,120.0,0.0,0,0,0,,25
original_limit_1,original,"2,6,6,6",0,120,9283008,28,4,730,3569.0,0,0,120.0,0.0,0,0,0,,24
original_limit_1,original,"6,2,6,6",1,120,9283009,28,4,730,2911.0,0,0,120.0,0.0,0,0,0,,21
original_limit_1,original,"2,6,6,6",0,400,9283000,28,4,730,0.0,0,0,140.0,260.0,8,0,0,,24
original_limit_1,original,"6,2,6,6",1,400,9283001,28,4,730,92.0,0,0,170.0,230.0,16,0,0,,22
original_limit_1,original,"6,6,2,6",2,400,9283002,28,4,730,472.0,0,0,190.0,210.0,21,0,0,,24
original_limit_1,original,"6,6,6,2",3,400,9283003,28,4,730,312.0,0,0,170.0,230.0,13,0,0,,23
original_limit_1,original,"2,6,6,6",0,400,9283004,28,4,730,261.0,0,0,170.0,230.0,21,0,0,,21
original_limit_1,original,"6,2,6,6",1,400,9283005,28,4,730,72.0,0,0,160.0,240.0,12,0,0,,20
original_limit_1,original,"6,6,2,6",2,400,9283006,28,4,730,50.0,0,0,180.0,220.0,13,0,0,,23
original_limit_1,original,"6,6,6,2",3,400,9283007,28,4,730,272.0,0,0,180.0,220.0,10,0,0,,25
original_limit_1,original,"2,6,6,6",0,400,9283008,28,4,730,56.0,0,0,170.0,230.0,14,0,0,,22
original_limit_1,original,"6,2,6,6",1,400,9283009,28,4,730,10.0,0,0,140.0,260.0,10,0,0,,23
original_limit_1,original,"2,7,7,7",0,120,9283000,28,4,730,837.0,0,0,120.0,0.0,0,0,0,,21
original_limit_1,original,"7,2,7,7",1,120,9283001,28,4,730,593.0,0,0,120.0,0.0,0,0,0,,22
original_limit_1,original,"7,7,2,7",2,120,9283002,28,4,730,874.0,0,0,120.0,0.0,0,0,0,,21
original_limit_1,original,"7,7,7,2",3,120,9283003,28,4,730,913.0,0,0,120.0,0.0,0,0,0,,22
original_limit_1,original,"2,7,7,7",0,120,9283004,28,4,730,841.0,0,0,120.0,0.0,0,0,0,,19
original_limit_1,original,"7,2,7,7",1,120,9283005,28,4,730,1452.0,0,0,120.0,0.0,0,0,0,,26
original_limit_1,original,"7,7,2,7",2,120,9283006,28,4,730,1152.0,0,0,120.0,0.0,0,0,0,,21
original_limit_1,original,"7,7,7,2",3,120,9283007,28,4,730,340.0,0,0,120.0,0.0,0,0,0,,21
original_limit_1,original,"2,7,7,7",0,120,9283008,28,4,730,152.0,0,0,120.0,0.0,0,0,0,,25
original_limit_1,original,"7,2,7,7",1,120,9283009,28,4,730,1149.0,0,0,120.0,0.0,0,0,0,,20
original_limit_1,original,"2,7,7,7",0,400,9283000,28,4,730,320.0,0,0,400.0,0.0,12,0,0,,25
original_limit_1,original,"7,2,7,7",1,400,9283001,28,4,730,393.0,0,0,400.0,0.0,9,0,0,,19
original_limit_1,original,"7,7,2,7",2,400,9283002,28,4,730,206.0,0,0,400.0,0.0,11,0,0,,22
original_limit_1,original,"7,7,7,2",3,400,9283003,28,4,730,565.0,0,0,400.0,0.0,14,0,0,,23
original_limit_1,original,"2,7,7,7",0,400,9283004,28,4,730,117.0,0,0,400.0,0.0,12,0,0,,27
original_limit_1,original,"7,2,7,7",1,400,9283005,28,4,730,556.0,0,0,400.0,0.0,17,0,0,,19
original_limit_1,original,"7,7,2,7",2,400,9283006,28,4,730,481.0,0,0,400.0,0.0,13,0,0,,24
original_limit_1,original,"7,7,7,2",3,400,9283007,28,4,730,154.0,0,0,400.0,0.0,9,0,0,,21
original_limit_1,original,"2,7,7,7",0,400,9283008,28,4,730,124.0,0,0,400.0,0.0,7,0,0,,22
original_limit_1,original,"7,2,7,7",1,400,9283009,28,4,730,230.0,0,0,400.0,0.0,12,0,0,,22
original_limit_1,original,"2,8,8,8",0,120,9283000,28,4,730,2026.0,0,0,120.0,0.0,0,0,0,,27
original_limit_1,original,"8,2,8,8",1,120,9283001,28,4,730,1142.0,0,0,120.0,0.0,0,0,0,,26
original_limit_1,original,"8,8,2,8",2,120,9283002,28,4,730,2964.0,0,0,120.0,0.0,0,0,0,,24
original_limit_1,original,"8,8,8,2",3,120,9283003,28,4,730,3029.0,0,0,120.0,0.0,0,0,0,,26
original_limit_1,original,"2,8,8,8",0,120,9283004,28,4,730,1810.0,0,0,120.0,0.0,0,0,0,,26
original_limit_1,original,"8,2,8,8",1,120,9283005,28,4,730,1821.0,0,0,120.0,0.0,0,0,0,,23
original_limit_1,original,"8,8,2,8",2,120,9283006,28,4,730,1726.0,0,0,120.0,0.0,0,0,0,,21
original_limit_1,original,"8,8,8,2",3,120,9283007,28,4,730,2228.0,0,0,120.0,0.0,0,0,0,,22
original_limit_1,original,"2,8,8,8",0,120,9283008,28,4,730,1572.0,0,0,120.0,0.0,0,0,0,,22
original_limit_1,original,"8,2,8,8",1,120,9283009,28,4,730,2650.0,0,0,120.0,0.0,0,0,0,,27
original_limit_1,original,"2,8,8,8",0,400,9283000,28,4,730,370.0,0,0,370.0,30.0,17,0,0,,24
original_limit_1,original,"8,2,8,8",1,400,9283001,28,4,730,359.0,0,0,370.0,30.0,11,0,0,,24
original_limit_1,original,"8,8,2,8",2,400,9283002,28,4,730,300.0,0,0,370.0,30.0,13,0,0,,26
original_limit_1,original,"8,8,8,2",3,400,9283003,28,4,730,456.0,0,0,370.0,30.0,20,0,0,,22
original_limit_1,original,"2,8,8,8",0,400,9283004,28,4,730,603.0,0,0,370.0,30.0,15,0,0,,23
original_limit_1,original,"8,2,8,8",1,400,9283005,28,4,730,1100.0,0,0,370.0,30.0,19,0,0,,25
original_limit_1,original,"8,8,2,8",2,400,9283006,28,4,730,740.0,0,0,370.0,30.0,17,0,0,,24
original_limit_1,original,"8,8,8,2",3,400,9283007,28,4,730,408.0,0,0,370.0,30.0,13,0,0,,24
original_limit_1,original,"2,9,9,9",0,120,9283000,28,4,730,1967684.0,30,136,120.0,0.0,0,0,0,,1
original_limit_1,original,"2,8,8,8",0,400,9283008,28,4,730,568.0,0,0,370.0,30.0,9,0,0,,24
original_limit_1,original,"9,2,9,9",1,120,9283001,28,4,730,1774322.0,27,120,120.0,0.0,0,0,0,,1
original_limit_1,original,"8,2,8,8",1,400,9283009,28,4,730,299.0,0,0,370.0,30.0,14,0,0,,27
original_limit_1,original,"9,9,2,9",2,120,9283002,28,4,730,1969218.0,30,128,120.0,0.0,0,0,0,,1
original_limit_1,original,"9,9,9,2",3,120,9283003,28,4,730,1840100.0,28,114,120.0,0.0,0,0,0,,1
original_limit_1,original,"2,9,9,9",0,120,9283004,28,4,730,2232957.0,34,139,120.0,0.0,0,0,0,,1
original_limit_1,original,"9,2,9,9",1,120,9283005,28,4,730,2884378.0,44,176,120.0,0.0,0,0,0,,1
original_limit_1,original,"9,9,2,9",2,120,9283006,28,4,730,3409832.0,52,201,120.0,0.0,0,0,0,,1
original_limit_1,original,"9,9,9,2",3,120,9283007,28,4,730,2167376.0,33,134,120.0,0.0,0,0,0,,1
original_limit_1,original,"2,9,9,9",0,120,9283008,28,4,730,2361746.0,36,141,120.0,0.0,0,0,0,,1
original_limit_1,original,"9,2,9,9",1,120,9283009,28,4,730,1708492.0,26,107,120.0,0.0,0,0,0,,1
original_limit_1,original,"2,9,9,9",0,400,9283000,28,4,730,1580.0,0,0,400.0,0.0,7,0,0,,23
original_limit_1,original,"9,2,9,9",1,400,9283001,28,4,730,1440.0,0,0,400.0,0.0,9,0,0,,27
original_limit_1,original,"9,9,2,9",2,400,9283002,28,4,730,1329.0,0,0,400.0,0.0,9,0,0,,26
original_limit_1,original,"9,9,9,2",3,400,9283003,28,4,730,1547.0,0,0,400.0,0.0,8,0,0,,25
original_limit_1,original,"2,9,9,9",0,400,9283004,28,4,730,1308.0,0,0,400.0,0.0,10,0,0,,26
original_limit_1,original,"9,2,9,9",1,400,9283005,28,4,730,1227.0,0,0,400.0,0.0,4,0,0,,24
original_limit_1,original,"9,9,2,9",2,400,9283006,28,4,730,1497.0,0,0,400.0,0.0,13,0,0,,27
original_limit_1,original,"9,9,9,2",3,400,9283007,28,4,730,1320.0,0,0,400.0,0.0,14,0,0,,25
original_limit_1,original,"2,9,9,9",0,400,9283008,28,4,730,1150.0,0,0,400.0,0.0,12,0,0,,21
original_limit_1,original,"9,2,9,9",1,400,9283009,28,4,730,1607.0,0,0,390.0,10.0,6,0,0,,22
original_limit_1,original,"2,10,10,10",0,120,9283000,28,4,730,3221.0,0,0,120.0,0.0,0,0,0,,22
original_limit_1,original,"10,2,10,10",1,120,9283001,28,4,730,1962.0,0,0,120.0,0.0,0,0,0,,21
original_limit_1,original,"10,10,2,10",2,120,9283002,28,4,730,2607.0,0,0,120.0,0.0,0,0,0,,20
original_limit_1,original,"10,10,10,2",3,120,9283003,28,4,730,2375.0,0,0,120.0,0.0,0,0,0,,22
original_limit_1,original,"2,10,10,10",0,120,9283004,28,4,730,2472.0,0,0,120.0,0.0,0,0,0,,20
original_limit_1,original,"10,2,10,10",1,120,9283005,28,4,730,1755.0,0,0,120.0,0.0,0,0,0,,25
original_limit_1,original,"10,10,2,10",2,120,9283006,28,4,730,1963.0,0,0,120.0,0.0,0,0,0,,19
original_limit_1,original,"10,10,10,2",3,120,9283007,28,4,730,3046.0,0,0,120.0,0.0,0,0,0,,22
original_limit_1,original,"2,10,10,10",0,120,9283008,28,4,730,2313.0,0,0,120.0,0.0,0,0,0,,21
original_limit_1,original,"10,2,10,10",1,120,9283009,28,4,730,2402.0,0,0,120.0,0.0,0,0,0,,20
original_limit_1,original,"10,2,10,10",1,400,9283001,28,4,730,252.0,0,0,400.0,0.0,8,0,0,,22
original_limit_1,original,"2,10,10,10",0,400,9283000,28,4,730,424.0,0,0,400.0,0.0,13,0,0,,21
original_limit_1,original,"10,10,2,10",2,400,9283002,28,4,730,176.0,0,0,400.0,0.0,10,0,0,,27
original_limit_1,original,"10,10,10,2",3,400,9283003,28,4,730,372.0,0,0,400.0,0.0,8,0,0,,24
original_limit_1,original,"2,10,10,10",0,400,9283004,28,4,730,246.0,0,0,400.0,0.0,8,0,0,,22
original_limit_1,original,"10,10,2,10",2,400,9283006,28,4,730,365.0,0,0,400.0,0.0,8,0,0,,26
original_limit_1,original,"10,2,10,10",1,400,9283005,28,4,730,277.0,0,0,400.0,0.0,11,0,0,,22
original_limit_1,original,"10,10,10,2",3,400,9283007,28,4,730,317.0,0,0,400.0,0.0,12,0,0,,26
original_limit_1,original,"2,10,10,10",0,400,9283008,28,4,730,253.0,0,0,400.0,0.0,6,0,0,,26
original_limit_1,original,"10,2,10,10",1,400,9283009,28,4,730,350.0,0,0,400.0,0.0,11,0,0,,25
original_limit_2,original,"2,1,3,6",0,120,9283000,28,4,730,2052.0,0,0,120.0,0.0,0,0,0,,24
original_limit_1,original,"2,3,3,3",0,400,9283008,28,4,730,110.0,0,0,340.0,60.0,4,0,0,,22
original_limit_2,original,"1,2,3,6",1,120,9283001,28,4,730,2308.0,0,0,120.0,0.0,0,0,0,,20
original_limit_2,original,"1,3,2,6",2,120,9283002,28,4,730,1974.0,0,0,120.0,0.0,0,0,0,,27
original_limit_2,original,"1,3,6,2",3,120,9283003,28,4,730,1374.0,0,0,120.0,0.0,0,0,0,,26
original_limit_1,original,"3,2,3,3",1,400,9283009,28,4,730,32.0,0,0,350.0,50.0,1,0,0,,24
original_limit_2,original,"2,1,3,6",0,120,9283004,28,4,730,2182.0,0,0,120.0,0.0,0,0,0,,23
original_limit_2,original,"1,3,2,6",2,120,9283006,28,4,730,1643.0,0,0,120.0,0.0,0,0,0,,27
original_limit_2,original,"1,2,3,6",1,120,9283005,28,4,730,2350.0,0,0,120.0,0.0,0,0,0,,23
original_limit_2,original,"1,3,6,2",3,120,9283007,28,4,730,2008.0,0,0,120.0,0.0,0,0,0,,25
original_limit_2,original,"2,1,3,6",0,120,9283008,28,4,730,3004.0,0,0,120.0,0.0,0,0,0,,23
original_limit_2,original,"1,2,3,6",1,120,9283009,28,4,730,2248.0,0,0,120.0,0.0,0,0,0,,21
original_limit_2,original,"2,1,3,6",0,400,9283000,28,4,730,198.0,0,0,390.0,10.0,4,0,0,,19
original_limit_2,original,"1,2,3,6",1,400,9283001,28,4,730,73.0,0,0,390.0,10.0,13,0,0,,21
original_limit_2,original,"1,3,2,6",2,400,9283002,28,4,730,239.0,0,0,390.0,10.0,17,1,0,,21
original_limit_2,original,"1,3,6,2",3,400,9283003,28,4,730,253.0,0,0,390.0,10.0,5,0,0,,22
original_limit_2,original,"2,1,3,6",0,400,9283004,28,4,730,159.0,0,0,400.0,0.0,10,0,0,,28
original_limit_2,original,"1,2,3,6",1,400,9283005,28,4,730,395.0,0,0,390.0,10.0,20,0,0,,20
original_limit_2,original,"1,3,2,6",2,400,9283006,28,4,730,271.0,0,0,390.0,10.0,14,0,0,,20
original_limit_2,original,"1,3,6,2",3,400,9283007,28,4,730,357.0,0,0,400.0,0.0,7,0,0,,27
original_limit_2,original,"2,1,3,6",0,400,9283008,28,4,730,88.0,0,0,390.0,10.0,7,0,0,,22
original_limit_2,original,"2,3,4,7",0,120,9283000,28,4,730,3728.0,0,0,120.0,0.0,0,0,0,,18
original_limit_2,original,"1,2,3,6",1,400,9283009,28,4,730,337.0,0,0,390.0,10.0,6,0,0,,19
original_limit_2,original,"3,2,4,7",1,120,9283001,28,4,730,4607.0,0,0,120.0,0.0,0,0,0,,18
original_limit_2,original,"3,4,2,7",2,120,9283002,28,4,730,3851.0,0,0,120.0,0.0,0,0,0,,19
original_limit_2,original,"3,4,7,2",3,120,9283003,28,4,730,3817.0,0,0,120.0,0.0,0,0,0,,16
original_limit_2,original,"3,2,4,7",1,120,9283005,28,4,730,4458.0,0,0,120.0,0.0,0,0,0,,19
original_limit_2,original,"2,3,4,7",0,120,9283004,28,4,730,3721.0,0,0,120.0,0.0,0,0,0,,16
original_limit_2,original,"3,4,2,7",2,120,9283006,28,4,730,1431.0,0,0,120.0,0.0,0,0,0,,19
original_limit_2,original,"3,4,7,2",3,120,9283007,28,4,730,3615.0,0,0,120.0,0.0,0,0,0,,16
original_limit_2,original,"3,2,4,7",1,120,9283009,28,4,730,1476.0,0,0,120.0,0.0,0,0,0,,20
original_limit_2,original,"2,3,4,7",0,120,9283008,28,4,730,3525.0,0,0,120.0,0.0,0,0,0,,15
original_limit_2,original,"3,2,4,7",1,400,9283001,28,4,730,913.0,0,0,400.0,0.0,15,1,0,,22
original_limit_2,original,"2,3,4,7",0,400,9283000,28,4,730,610.0,0,0,400.0,0.0,32,1,0,,24
original_limit_2,original,"3,4,7,2",3,400,9283003,28,4,730,860.0,0,0,400.0,0.0,15,0,0,,24
original_limit_2,original,"3,4,2,7",2,400,9283002,28,4,730,986.0,0,0,400.0,0.0,17,0,0,,25
original_limit_2,original,"3,2,4,7",1,400,9283005,28,4,730,960.0,0,0,400.0,0.0,16,0,0,,28
original_limit_2,original,"3,4,2,7",2,400,9283006,28,4,730,928.0,0,0,400.0,0.0,20,2,0,,25
original_limit_2,original,"2,3,4,7",0,400,9283004,28,4,730,1066.0,0,0,400.0,0.0,25,0,0,,24
original_limit_2,original,"3,4,7,2",3,400,9283007,28,4,730,643.0,0,0,400.0,0.0,23,1,0,,24
original_limit_2,original,"2,3,4,7",0,400,9283008,28,4,730,792.0,0,0,400.0,0.0,11,0,0,,26
original_limit_2,original,"3,2,4,7",1,400,9283009,28,4,730,926.0,0,0,400.0,0.0,16,0,0,,27
original_limit_2,original,"2,4,6,8",0,120,9283000,28,4,730,4153.0,0,0,120.0,0.0,0,0,0,,20
original_limit_2,original,"4,2,6,8",1,120,9283001,28,4,730,4536.0,0,0,120.0,0.0,0,0,0,,18
original_limit_2,original,"4,6,2,8",2,120,9283002,28,4,730,4644.0,0,0,120.0,0.0,0,0,0,,21
original_limit_2,original,"4,6,8,2",3,120,9283003,28,4,730,4078.0,0,0,120.0,0.0,0,0,0,,17
original_limit_2,original,"2,4,6,8",0,120,9283004,28,4,730,3849.0,0,5,120.0,0.0,0,0,0,,13
original_limit_2,original,"4,2,6,8",1,120,9283005,28,4,730,4401.0,0,0,120.0,0.0,0,0,0,,20
original_limit_2,original,"4,6,2,8",2,120,9283006,28,4,730,4050.0,0,0,120.0,0.0,0,0,0,,19
original_limit_2,original,"4,6,8,2",3,120,9283007,28,4,730,4636.0,0,0,120.0,0.0,0,0,0,,14
original_limit_2,original,"2,4,6,8",0,120,9283008,28,4,730,4196.0,0,0,120.0,0.0,0,0,0,,21
original_limit_2,original,"4,2,6,8",1,120,9283009,28,4,730,4589.0,0,0,120.0,0.0,0,0,0,,17
original_limit_2,original,"2,4,6,8",0,400,9283000,28,4,730,2670.0,0,0,370.0,30.0,23,0,0,,27
original_limit_2,original,"4,2,6,8",1,400,9283001,28,4,730,2319.0,0,0,370.0,30.0,23,1,0,,27
original_limit_2,original,"4,6,2,8",2,400,9283002,28,4,730,1839.0,0,0,370.0,30.0,31,1,0,,26
original_limit_2,original,"4,6,8,2",3,400,9283003,28,4,730,2765.0,0,0,370.0,30.0,30,0,0,,26
original_limit_2,original,"2,4,6,8",0,400,9283004,28,4,730,2314.0,0,0,370.0,30.0,30,0,0,,24
original_limit_2,original,"4,2,6,8",1,400,9283005,28,4,730,1796.0,0,0,370.0,30.0,26,0,0,,28
original_limit_2,original,"2,6,7,9",0,120,9283000,28,4,730,3408934.0,52,198,120.0,0.0,0,0,0,,1
original_limit_2,original,"4,6,2,8",2,400,9283006,28,4,730,2330.0,0,0,370.0,30.0,27,0,0,,27
original_limit_2,original,"4,6,8,2",3,400,9283007,28,4,730,2115.0,0,0,370.0,30.0,37,2,0,,23
original_limit_2,original,"6,2,7,9",1,120,9283001,28,4,730,2558350.0,39,181,120.0,0.0,0,0,0,,3
original_limit_2,original,"2,4,6,8",0,400,9283008,28,4,730,2190.0,0,0,370.0,30.0,34,0,0,,27
original_limit_2,original,"4,2,6,8",1,400,9283009,28,4,730,2421.0,0,0,370.0,30.0,19,0,0,,26
original_limit_2,original,"6,7,2,9",2,120,9283002,28,4,730,2233101.0,34,123,120.0,0.0,0,0,0,,1
original_limit_2,original,"6,7,9,2",3,120,9283003,28,4,730,3213265.0,49,187,120.0,0.0,0,0,0,,1
original_limit_2,original,"2,6,7,9",0,120,9283004,28,4,730,2688167.0,41,147,120.0,0.0,0,0,0,,2
original_limit_2,original,"6,2,7,9",1,120,9283005,28,4,730,2167041.0,33,118,120.0,0.0,0,0,0,,1
original_limit_2,original,"6,7,2,9",2,120,9283006,28,4,730,2298348.0,35,147,120.0,0.0,0,0,0,,1
original_limit_2,original,"6,7,9,2",3,120,9283007,28,4,730,1577950.0,24,94,120.0,0.0,0,0,0,,2
original_limit_2,original,"2,6,7,9",0,120,9283008,28,4,730,3803415.0,58,217,120.0,0.0,0,0,0,,1
original_limit_2,original,"6,2,7,9",1,120,9283009,28,4,730,2885086.0,44,171,120.0,0.0,0,0,0,,2
original_limit_2,original,"2,6,7,9",0,400,9283000,28,4,730,1078.0,0,0,400.0,0.0,10,0,0,,27
original_limit_2,original,"6,2,7,9",1,400,9283001,28,4,730,1471.0,0,0,400.0,0.0,13,0,0,,25
original_limit_2,original,"6,7,2,9",2,400,9283002,28,4,730,1284.0,0,0,400.0,0.0,12,0,0,,23
original_limit_2,original,"6,7,9,2",3,400,9283003,28,4,730,1484.0,0,0,400.0,0.0,10,1,0,,26
original_limit_2,original,"6,2,7,9",1,400,9283005,28,4,730,886.0,0,0,400.0,0.0,5,0,0,,22
original_limit_2,original,"2,6,7,9",0,400,9283004,28,4,730,1440.0,0,0,400.0,0.0,11,0,0,,26
original_limit_2,original,"6,7,2,9",2,400,9283006,28,4,730,1174.0,0,0,400.0,0.0,13,0,0,,26
original_limit_2,original,"2,6,7,9",0,400,9283008,28,4,730,1024.0,0,0,400.0,0.0,15,1,0,,23
original_limit_2,original,"6,7,9,2",3,400,9283007,28,4,730,1126.0,0,0,400.0,0.0,11,0,0,,22
original_limit_2,original,"6,2,7,9",1,400,9283009,28,4,730,1255.0,0,0,400.0,0.0,14,0,0,,26
original_limit_2,original,"2,7,8,10",0,120,9283000,28,4,730,2019.0,0,0,120.0,0.0,0,0,0,,22
original_limit_2,original,"7,2,8,10",1,120,9283001,28,4,730,1891.0,0,0,120.0,0.0,0,0,0,,22
original_limit_2,original,"7,8,2,10",2,120,9283002,28,4,730,771.0,0,0,120.0,0.0,0,0,0,,26
original_limit_2,original,"7,8,10,2",3,120,9283003,28,4,730,2577.0,0,0,120.0,0.0,0,0,0,,22
original_limit_2,original,"2,7,8,10",0,120,9283004,28,4,730,1651.0,0,0,120.0,0.0,0,0,0,,24
original_limit_2,original,"7,2,8,10",1,120,9283005,28,4,730,1589.0,0,0,120.0,0.0,0,0,0,,23
original_limit_2,original,"7,8,2,10",2,120,9283006,28,4,730,1948.0,0,0,120.0,0.0,0,0,0,,19
original_limit_2,original,"7,8,10,2",3,120,9283007,28,4,730,1852.0,0,0,120.0,0.0,0,0,0,,22
original_limit_2,original,"2,7,8,10",0,120,9283008,28,4,730,1069.0,0,0,120.0,0.0,0,0,0,,16
original_limit_2,original,"7,2,8,10",1,120,9283009,28,4,730,2169.0,0,0,120.0,0.0,0,0,0,,20
original_limit_2,original,"2,7,8,10",0,400,9283000,28,4,730,511.0,0,0,400.0,0.0,15,0,0,,25
original_limit_2,original,"7,2,8,10",1,400,9283001,28,4,730,572.0,0,0,400.0,0.0,4,0,0,,26
original_limit_2,original,"7,8,2,10",2,400,9283002,28,4,730,368.0,0,0,400.0,0.0,16,0,0,,26
original_limit_2,original,"7,8,10,2",3,400,9283003,28,4,730,549.0,0,0,400.0,0.0,14,0,0,,24
original_limit_2,original,"2,7,8,10",0,400,9283004,28,4,730,651.0,0,0,400.0,0.0,12,0,0,,28
original_limit_2,original,"7,2,8,10",1,400,9283005,28,4,730,500.0,0,0,400.0,0.0,18,0,0,,20
original_limit_2,original,"7,8,2,10",2,400,9283006,28,4,730,513.0,0,0,400.0,0.0,9,0,0,,22
original_limit_2,original,"7,8,10,2",3,400,9283007,28,4,730,294.0,0,0,400.0,0.0,21,1,0,,21
original_limit_2,original,"2,7,8,10",0,400,9283008,28,4,730,408.0,0,0,400.0,0.0,17,0,0,,24
original_limit_2,original,"2,8,9,1",0,120,9283000,28,4,730,1643633.0,25,104,120.0,0.0,0,0,0,,1
original_limit_2,original,"7,2,8,10",1,400,9283009,28,4,730,524.0,0,0,400.0,0.0,10,1,0,,24
original_limit_2,original,"8,2,9,1",1,120,9283001,28,4,730,1642975.0,25,82,120.0,0.0,0,0,0,,4
original_limit_2,original,"8,9,2,1",2,120,9283002,28,4,730,1840453.0,28,100,120.0,0.0,0,0,0,,3
original_limit_2,original,"8,9,1,2",3,120,9283003,28,4,730,1184086.0,18,79,120.0,0.0,0,0,0,,4
original_limit_2,original,"8,2,9,1",1,120,9283005,28,4,730,3082350.0,47,192,120.0,0.0,0,0,0,,1
original_limit_2,original,"2,8,9,1",0,120,9283004,28,4,730,1118305.0,17,60,120.0,0.0,0,0,0,,5
original_limit_2,original,"8,9,2,1",2,120,9283006,28,4,730,3412444.0,52,191,120.0,0.0,0,0,0,,1
original_limit_2,original,"8,9,1,2",3,120,9283007,28,4,730,3015924.0,46,193,120.0,0.0,0,0,0,,1
original_limit_2,original,"2,8,9,1",0,120,9283008,28,4,730,529619.0,8,55,120.0,0.0,0,0,0,,2
original_limit_2,original,"8,2,9,1",1,120,9283009,28,4,730,2295783.0,35,166,120.0,0.0,0,0,0,,1
original_limit_2,original,"8,9,2,1",2,400,9283002,28,4,730,1822.0,0,0,400.0,0.0,9,0,0,,24
original_limit_2,original,"8,2,9,1",1,400,9283001,28,4,730,973.0,0,0,400.0,0.0,11,0,0,,22
original_limit_2,original,"2,8,9,1",0,400,9283000,28,4,730,1190.0,0,0,400.0,0.0,10,0,0,,27
original_limit_2,original,"8,9,1,2",3,400,9283003,28,4,730,1185.0,0,0,400.0,0.0,9,0,0,,21
original_limit_2,original,"2,8,9,1",0,400,9283004,28,4,730,1113.0,0,0,400.0,0.0,6,0,0,,27
original_limit_2,original,"8,2,9,1",1,400,9283005,28,4,730,1176.0,0,0,400.0,0.0,8,0,0,,23
original_limit_2,original,"8,9,2,1",2,400,9283006,28,4,730,882.0,0,0,400.0,0.0,10,0,0,,27
original_limit_2,original,"8,9,1,2",3,400,9283007,28,4,730,924.0,0,0,400.0,0.0,10,0,0,,27
original_limit_2,original,"2,8,9,1",0,400,9283008,28,4,730,930.0,0,0,400.0,0.0,10,1,0,,26
original_limit_2,original,"8,2,9,1",1,400,9283009,28,4,730,841.0,0,0,400.0,0.0,12,0,0,,23
original_limit_2,original,"2,9,10,3",0,120,9283000,28,4,730,1577993.0,24,85,120.0,0.0,0,0,0,,3
original_limit_2,original,"9,2,10,3",1,120,9283001,28,4,730,1381557.0,21,98,120.0,0.0,0,0,0,,1
original_limit_2,original,"9,10,2,3",2,120,9283002,28,4,730,1774009.0,27,116,120.0,0.0,0,0,0,,2
original_limit_2,original,"2,9,10,3",0,120,9283004,28,4,730,2950270.0,45,183,120.0,0.0,0,0,0,,1
original_limit_2,original,"9,10,3,2",3,120,9283003,28,4,730,1643251.0,25,103,120.0,0.0,0,0,0,,2
original_limit_2,original,"9,2,10,3",1,120,9283005,28,4,730,1577812.0,24,93,120.0,0.0,0,0,0,,2
original_limit_2,original,"9,10,2,3",2,120,9283006,28,4,730,2885916.0,44,176,120.0,0.0,0,0,0,,1
original_limit_2,original,"2,9,10,3",0,120,9283008,28,4,730,1512731.0,23,89,120.0,0.0,0,0,0,,2
original_limit_2,original,"2,9,10,3",0,400,9283000,28,4,730,711.0,0,0,400.0,0.0,9,0,0,,23
original_limit_2,original,"9,2,10,3",1,120,9283009,28,4,730,1446111.0,22,93,120.0,0.0,0,0,0,,1
original_limit_2,original,"9,10,3,2",3,120,9283007,28,4,730,2167049.0,33,129,120.0,0.0,0,0,0,,1
original_limit_2,original,"9,2,10,3",1,400,9283001,28,4,730,1323.0,0,0,400.0,0.0,9,0,0,,25
original_limit_2,original,"9,10,2,3",2,400,9283002,28,4,730,1078.0,0,0,400.0,0.0,9,0,0,,25
original_limit_2,original,"9,10,3,2",3,400,9283003,28,4,730,1175.0,0,0,400.0,0.0,12,0,0,,28
original_limit_2,original,"2,9,10,3",0,400,9283004,28,4,730,763.0,0,0,400.0,0.0,12,0,0,,25
original_limit_2,original,"9,2,10,3",1,400,9283005,28,4,730,1038.0,0,0,400.0,0.0,10,0,0,,22
original_limit_2,original,"9,10,2,3",2,400,9283006,28,4,730,596.0,0,0,400.0,0.0,5,0,0,,24
original_limit_2,original,"9,10,3,2",3,400,9283007,28,4,730,817.0,0,0,400.0,0.0,4,0,0,,25
original_limit_2,original,"2,10,1,4",0,120,9283000,28,4,730,3582.0,0,0,120.0,0.0,0,0,0,,18
original_limit_2,original,"10,2,1,4",1,120,9283001,28,4,730,4169.0,0,0,120.0,0.0,0,0,0,,20
original_limit_2,original,"10,1,2,4",2,120,9283002,28,4,730,2426.0,0,0,120.0,0.0,0,0,0,,17
original_limit_2,original,"10,1,4,2",3,120,9283003,28,4,730,2444.0,0,0,120.0,0.0,0,0,0,,20
original_limit_2,original,"2,10,1,4",0,120,9283004,28,4,730,5052.0,0,0,120.0,0.0,0,0,0,,22
original_limit_2,original,"10,2,1,4",1,120,9283005,28,4,730,4219.0,0,0,120.0,0.0,0,0,0,,23
original_limit_2,original,"10,1,2,4",2,120,9283006,28,4,730,3879.0,0,0,120.0,0.0,0,0,0,,17
original_limit_2,original,"10,1,4,2",3,120,9283007,28,4,730,2915.0,0,0,120.0,0.0,0,0,0,,21
original_limit_2,original,"2,10,1,4",0,120,9283008,28,4,730,3774.0,0,0,120.0,0.0,0,0,0,,21
original_limit_2,original,"10,2,1,4",1,120,9283009,28,4,730,4469.0,0,0,120.0,0.0,0,0,0,,22
original_limit_2,original,"2,10,1,4",0,400,9283000,28,4,730,1198.0,0,0,400.0,0.0,19,0,0,,22
original_limit_2,original,"10,2,1,4",1,400,9283001,28,4,730,1342.0,0,0,400.0,0.0,20,0,0,,26
original_limit_2,original,"10,1,2,4",2,400,9283002,28,4,730,1145.0,0,0,400.0,0.0,14,0,0,,26
original_limit_2,original,"10,1,4,2",3,400,9283003,28,4,730,979.0,0,0,400.0,0.0,26,0,0,,27
original_limit_2,original,"2,10,1,4",0,400,9283004,28,4,730,1000.0,0,0,400.0,0.0,25,1,0,,27
original_limit_2,original,"10,2,1,4",1,400,9283005,28,4,730,1287.0,0,0,400.0,0.0,14,0,0,,26
original_limit_2,original,"10,1,2,4",2,400,9283006,28,4,730,1618.0,0,0,400.0,0.0,11,0,0,,28
original_limit_2,original,"10,1,4,2",3,400,9283007,28,4,730,1224.0,0,0,400.0,0.0,20,0,0,,23
original_limit_2,original,"2,10,1,4",0,400,9283008,28,4,730,1445.0,0,0,400.0,0.0,17,0,0,,27
original_limit_2,original,"10,2,1,4",1,400,9283009,28,4,730,736.0,0,0,400.0,0.0,31,1,0,,25
original_limit_2,original,"2,1,1,1",0,120,9283000,28,4,730,2529.0,0,0,120.0,0.0,0,0,0,,24
original_limit_2,original,"1,2,1,1",1,120,9283001,28,4,730,1488.0,0,0,120.0,0.0,0,0,0,,23
original_limit_2,original,"1,1,2,1",2,120,9283002,28,4,730,1807.0,0,0,120.0,0.0,0,0,0,,25
original_limit_2,original,"1,1,1,2",3,120,9283003,28,4,730,2189.0,0,0,120.0,0.0,0,0,0,,24
original_limit_2,original,"2,1,1,1",0,120,9283004,28,4,730,2156.0,0,0,120.0,0.0,0,0,0,,22
original_limit_2,original,"1,2,1,1",1,120,9283005,28,4,730,2498.0,0,0,120.0,0.0,0,0,0,,21
original_limit_2,original,"1,1,2,1",2,120,9283006,28,4,730,2060.0,0,0,120.0,0.0,0,0,0,,23
original_limit_2,original,"1,1,1,2",3,120,9283007,28,4,730,1859.0,0,0,120.0,0.0,0,0,0,,23
original_limit_2,original,"2,1,1,1",0,120,9283008,28,4,730,1918.0,0,0,120.0,0.0,0,0,0,,24
original_limit_2,original,"1,2,1,1",1,120,9283009,28,4,730,1782.0,0,0,120.0,0.0,0,0,0,,26
original_limit_2,original,"2,1,1,1",0,400,9283000,28,4,730,395.0,0,0,400.0,0.0,7,0,0,,26
original_limit_2,original,"1,2,1,1",1,400,9283001,28,4,730,159.0,0,0,400.0,0.0,10,0,0,,26
original_limit_2,original,"1,1,2,1",2,400,9283002,28,4,730,267.0,0,0,400.0,0.0,19,1,0,,21
original_limit_2,original,"1,1,1,2",3,400,9283003,28,4,730,204.0,0,0,400.0,0.0,6,0,0,,26
original_limit_2,original,"2,1,1,1",0,400,9283004,28,4,730,374.0,0,0,400.0,0.0,11,1,0,,27
original_limit_2,original,"1,2,1,1",1,400,9283005,28,4,730,183.0,0,0,400.0,0.0,14,0,0,,24
original_limit_2,original,"1,1,2,1",2,400,9283006,28,4,730,125.0,0,0,400.0,0.0,21,2,0,,25
original_limit_2,original,"1,1,1,2",3,400,9283007,28,4,730,151.0,0,0,400.0,0.0,17,0,0,,25
original_limit_2,original,"2,1,1,1",0,400,9283008,28,4,730,136.0,0,0,400.0,0.0,17,1,0,,25
original_limit_2,original,"1,2,1,1",1,400,9283009,28,4,730,197.0,0,0,400.0,0.0,14,1,0,,24
original_limit_2,original,"2,9,10,3",0,400,9283008,28,4,730,900.0,0,0,400.0,0.0,7,0,0,,27
original_limit_2,original,"9,2,10,3",1,400,9283009,28,4,730,970.0,0,0,400.0,0.0,11,0,0,,22
original_limit_2,original,"3,2,3,3",1,120,9283001,28,4,730,1525.0,0,0,120.0,0.0,0,0,0,,19
original_limit_2,original,"2,3,3,3",0,120,9283000,28,4,730,2252.0,0,0,120.0,0.0,0,0,0,,27
original_limit_2,original,"3,3,2,3",2,120,9283002,28,4,730,2147.0,0,0,110.0,10.0,0,0,0,,23
original_limit_2,original,"3,3,3,2",3,120,9283003,28,4,730,2046.0,0,0,110.0,10.0,0,0,0,,18
original_limit_2,original,"2,3,3,3",0,120,9283004,28,4,730,1712.0,0,0,120.0,0.0,0,0,0,,22
original_limit_2,original,"3,2,3,3",1,120,9283005,28,4,730,1900.0,0,0,120.0,0.0,0,0,0,,26
original_limit_2,original,"3,3,2,3",2,120,9283006,28,4,730,2033.0,0,0,120.0,0.0,0,0,0,,22
original_limit_2,original,"3,3,3,2",3,120,9283007,28,4,730,2374.0,0,0,120.0,0.0,0,0,0,,22
original_limit_2,original,"2,3,3,3",0,120,9283008,28,4,730,1898.0,0,0,120.0,0.0,0,0,0,,22
original_limit_2,original,"3,2,3,3",1,120,9283009,28,4,730,3319.0,0,0,110.0,10.0,0,0,0,,22
original_limit_2,original,"2,3,3,3",0,400,9283000,28,4,730,38.0,0,0,350.0,50.0,1,0,0,,24
original_limit_2,original,"3,2,3,3",1,400,9283001,28,4,730,19.0,0,0,350.0,50.0,3,0,0,,24
original_limit_2,original,"3,3,2,3",2,400,9283002,28,4,730,0.0,0,0,340.0,60.0,1,0,0,,24
original_limit_2,original,"3,3,3,2",3,400,9283003,28,4,730,123.0,0,0,350.0,50.0,4,0,0,,24
original_limit_2,original,"2,3,3,3",0,400,9283004,28,4,730,143.0,0,0,350.0,50.0,2,0,0,,26
original_limit_2,original,"3,2,3,3",1,400,9283005,28,4,730,40.0,0,0,350.0,50.0,2,0,0,,24
original_limit_2,original,"2,4,4,4",0,120,9283000,28,4,730,3231.0,0,0,120.0,0.0,0,0,0,,15
original_limit_2,original,"4,2,4,4",1,120,9283001,28,4,730,4704.0,0,0,120.0,0.0,0,0,0,,24
original_limit_2,original,"4,4,2,4",2,120,9283002,28,4,730,3896.0,0,0,120.0,0.0,0,0,0,,19
original_limit_2,original,"4,4,4,2",3,120,9283003,28,4,730,4498.0,0,0,120.0,0.0,0,0,0,,24
original_limit_2,original,"2,4,4,4",0,120,9283004,28,4,730,3284.0,0,0,120.0,0.0,0,0,0,,18
original_limit_2,original,"4,2,4,4",1,120,9283005,28,4,730,4340.0,0,0,120.0,0.0,0,0,0,,20
original_limit_2,original,"4,4,2,4",2,120,9283006,28,4,730,5129.0,0,0,120.0,0.0,0,0,0,,16
original_limit_2,original,"4,4,4,2",3,120,9283007,28,4,730,4506.0,0,0,120.0,0.0,0,0,0,,20
original_limit_2,original,"2,4,4,4",0,120,9283008,28,4,730,4250.0,0,0,120.0,0.0,0,0,0,,17
original_limit_2,original,"4,2,4,4",1,120,9283009,28,4,730,3323.0,0,0,120.0,0.0,0,0,0,,23
original_limit_2,original,"2,4,4,4",0,400,9283000,28,4,730,3230.0,0,0,210.0,190.0,34,2,0,,24
original_limit_2,original,"4,2,4,4",1,400,9283001,28,4,730,2981.0,0,0,210.0,190.0,33,1,0,,25
original_limit_2,original,"4,4,2,4",2,400,9283002,28,4,730,3429.0,0,0,210.0,190.0,40,1,0,,25
original_limit_2,original,"4,4,4,2",3,400,9283003,28,4,730,2085.0,0,0,210.0,190.0,35,1,0,,23
original_limit_2,original,"2,4,4,4",0,400,9283004,28,4,730,2801.0,0,0,200.0,200.0,34,1,0,,23
original_limit_2,original,"4,2,4,4",1,400,9283005,28,4,730,3129.0,0,0,210.0,190.0,41,1,0,,27
original_limit_2,original,"4,4,2,4",2,400,9283006,28,4,730,3232.0,0,0,220.0,180.0,35,1,0,,27
original_limit_2,original,"4,4,4,2",3,400,9283007,28,4,730,3521.0,0,0,200.0,200.0,25,0,0,,22
original_limit_2,original,"2,4,4,4",0,400,9283008,28,4,730,3373.0,0,0,210.0,190.0,35,0,0,,25
original_limit_2,original,"4,2,4,4",1,400,9283009,28,4,730,3333.0,0,0,210.0,190.0,33,0,0,,26
original_limit_2,original,"3,3,2,3",2,400,9283006,28,4,730,76.0,0,0,340.0,60.0,1,0,0,,26
original_limit_2,original,"3,3,3,2",3,400,9283007,28,4,730,113.0,0,0,350.0,50.0,1,0,0,,24
original_limit_2,original,"2,6,6,6",0,120,9283000,28,4,730,1863.0,0,0,120.0,0.0,0,0,0,,21
original_limit_2,original,"6,2,6,6",1,120,9283001,28,4,730,1639.0,0,0,120.0,0.0,0,0,0,,25
original_limit_2,original,"6,6,2,6",2,120,9283002,28,4,730,2942.0,0,0,120.0,0.0,0,0,0,,24
original_limit_2,original,"6,6,6,2",3,120,9283003,28,4,730,3884.0,0,0,120.0,0.0,0,0,0,,22
original_limit_2,original,"2,6,6,6",0,120,9283004,28,4,730,909.0,0,0,120.0,0.0,0,0,0,,18
original_limit_2,original,"6,2,6,6",1,120,9283005,28,4,730,1417.0,0,0,120.0,0.0,0,0,0,,21
original_limit_2,original,"6,6,2,6",2,120,9283006,28,4,730,3315.0,0,0,120.0,0.0,0,0,0,,22
original_limit_2,original,"6,6,6,2",3,120,9283007,28,4,730,3925.0,0,0,120.0,0.0,0,0,0,,25
original_limit_2,original,"2,6,6,6",0,120,9283008,28,4,730,3569.0,0,0,120.0,0.0,0,0,0,,24
original_limit_2,original,"6,2,6,6",1,120,9283009,28,4,730,2911.0,0,0,120.0,0.0,0,0,0,,21
original_limit_2,original,"2,6,6,6",0,400,9283000,28,4,730,0.0,0,0,140.0,260.0,8,0,0,,24
original_limit_2,original,"6,2,6,6",1,400,9283001,28,4,730,92.0,0,0,170.0,230.0,16,0,0,,22
original_limit_2,original,"6,6,2,6",2,400,9283002,28,4,730,477.0,0,0,190.0,210.0,24,1,0,,25
original_limit_2,original,"6,6,6,2",3,400,9283003,28,4,730,312.0,0,0,170.0,230.0,13,0,0,,23
original_limit_2,original,"2,6,6,6",0,400,9283004,28,4,730,45.0,0,0,170.0,230.0,13,2,0,,25
original_limit_2,original,"6,2,6,6",1,400,9283005,28,4,730,120.0,0,0,160.0,240.0,13,1,0,,25
original_limit_2,original,"6,6,2,6",2,400,9283006,28,4,730,96.0,0,0,160.0,240.0,10,1,0,,22
original_limit_2,original,"2,7,7,7",0,120,9283000,28,4,730,837.0,0,0,120.0,0.0,0,0,0,,21
original_limit_2,original,"6,6,6,2",3,400,9283007,28,4,730,272.0,0,0,180.0,220.0,10,0,0,,25
original_limit_2,original,"7,2,7,7",1,120,9283001,28,4,730,593.0,0,0,120.0,0.0,0,0,0,,22
original_limit_2,original,"7,7,2,7",2,120,9283002,28,4,730,874.0,0,0,120.0,0.0,0,0,0,,21
original_limit_2,original,"2,6,6,6",0,400,9283008,28,4,730,56.0,0,0,170.0,230.0,14,0,0,,22
original_limit_2,original,"6,2,6,6",1,400,9283009,28,4,730,10.0,0,0,140.0,260.0,10,0,0,,23
original_limit_2,original,"7,7,7,2",3,120,9283003,28,4,730,913.0,0,0,120.0,0.0,0,0,0,,22
original_limit_2,original,"2,7,7,7",0,120,9283004,28,4,730,841.0,0,0,120.0,0.0,0,0,0,,19
original_limit_2,original,"7,2,7,7",1,120,9283005,28,4,730,1452.0,0,0,120.0,0.0,0,0,0,,26
original_limit_2,original,"7,7,2,7",2,120,9283006,28,4,730,1152.0,0,0,120.0,0.0,0,0,0,,21
original_limit_2,original,"7,7,7,2",3,120,9283007,28,4,730,340.0,0,0,120.0,0.0,0,0,0,,21
original_limit_2,original,"2,7,7,7",0,120,9283008,28,4,730,152.0,0,0,120.0,0.0,0,0,0,,25
original_limit_2,original,"7,2,7,7",1,120,9283009,28,4,730,1149.0,0,0,120.0,0.0,0,0,0,,20
original_limit_2,original,"2,7,7,7",0,400,9283000,28,4,730,320.0,0,0,400.0,0.0,12,0,0,,25
original_limit_2,original,"7,2,7,7",1,400,9283001,28,4,730,463.0,0,0,400.0,0.0,8,1,0,,26
original_limit_2,original,"7,7,2,7",2,400,9283002,28,4,730,315.0,0,0,400.0,0.0,12,1,0,,19
original_limit_2,original,"7,7,7,2",3,400,9283003,28,4,730,565.0,0,0,400.0,0.0,14,0,0,,23
original_limit_2,original,"2,7,7,7",0,400,9283004,28,4,730,117.0,0,0,400.0,0.0,12,0,0,,27
original_limit_2,original,"7,2,7,7",1,400,9283005,28,4,730,556.0,0,0,400.0,0.0,17,0,0,,19
original_limit_2,original,"7,7,2,7",2,400,9283006,28,4,730,481.0,0,0,400.0,0.0,13,0,0,,24
original_limit_2,original,"7,7,7,2",3,400,9283007,28,4,730,154.0,0,0,400.0,0.0,9,0,0,,21
original_limit_2,original,"2,7,7,7",0,400,9283008,28,4,730,124.0,0,0,400.0,0.0,7,0,0,,22
original_limit_2,original,"7,2,7,7",1,400,9283009,28,4,730,203.0,0,0,400.0,0.0,16,1,0,,27
original_limit_2,original,"2,8,8,8",0,120,9283000,28,4,730,2026.0,0,0,120.0,0.0,0,0,0,,27
original_limit_2,original,"8,2,8,8",1,120,9283001,28,4,730,1142.0,0,0,120.0,0.0,0,0,0,,26
original_limit_2,original,"8,8,2,8",2,120,9283002,28,4,730,2964.0,0,0,120.0,0.0,0,0,0,,24
original_limit_2,original,"8,8,8,2",3,120,9283003,28,4,730,3029.0,0,0,120.0,0.0,0,0,0,,26
original_limit_2,original,"2,8,8,8",0,120,9283004,28,4,730,1810.0,0,0,120.0,0.0,0,0,0,,26
original_limit_2,original,"8,2,8,8",1,120,9283005,28,4,730,1821.0,0,0,120.0,0.0,0,0,0,,23
original_limit_2,original,"8,8,2,8",2,120,9283006,28,4,730,1726.0,0,0,120.0,0.0,0,0,0,,21
original_limit_2,original,"8,8,8,2",3,120,9283007,28,4,730,2228.0,0,0,120.0,0.0,0,0,0,,22
original_limit_2,original,"2,8,8,8",0,120,9283008,28,4,730,1572.0,0,0,120.0,0.0,0,0,0,,22
original_limit_2,original,"8,2,8,8",1,120,9283009,28,4,730,2650.0,0,0,120.0,0.0,0,0,0,,27
original_limit_2,original,"2,8,8,8",0,400,9283000,28,4,730,448.0,0,0,370.0,30.0,19,1,0,,26
original_limit_2,original,"8,2,8,8",1,400,9283001,28,4,730,359.0,0,0,370.0,30.0,11,0,0,,24
original_limit_2,original,"8,8,2,8",2,400,9283002,28,4,730,300.0,0,0,370.0,30.0,13,0,0,,26
original_limit_2,original,"8,8,8,2",3,400,9283003,28,4,730,679.0,0,0,370.0,30.0,16,1,0,,24
original_limit_2,original,"2,8,8,8",0,400,9283004,28,4,730,603.0,0,0,370.0,30.0,15,0,0,,23
original_limit_2,original,"8,2,8,8",1,400,9283005,28,4,730,1100.0,0,0,370.0,30.0,19,0,0,,25
original_limit_2,original,"8,8,2,8",2,400,9283006,28,4,730,549.0,0,0,370.0,30.0,16,2,0,,26
original_limit_2,original,"8,8,8,2",3,400,9283007,28,4,730,408.0,0,0,370.0,30.0,13,0,0,,24
original_limit_2,original,"2,8,8,8",0,400,9283008,28,4,730,568.0,0,0,370.0,30.0,9,0,0,,24
original_limit_2,original,"2,9,9,9",0,120,9283000,28,4,730,1967684.0,30,136,120.0,0.0,0,0,0,,1
original_limit_2,original,"9,2,9,9",1,120,9283001,28,4,730,1774322.0,27,120,120.0,0.0,0,0,0,,1
original_limit_2,original,"8,2,8,8",1,400,9283009,28,4,730,496.0,0,0,370.0,30.0,15,1,0,,25
original_limit_2,original,"9,9,2,9",2,120,9283002,28,4,730,1969218.0,30,128,120.0,0.0,0,0,0,,1
original_limit_2,original,"9,9,9,2",3,120,9283003,28,4,730,1840100.0,28,114,120.0,0.0,0,0,0,,1
original_limit_2,original,"2,9,9,9",0,120,9283004,28,4,730,2232957.0,34,139,120.0,0.0,0,0,0,,1
original_limit_2,original,"9,2,9,9",1,120,9283005,28,4,730,2884378.0,44,176,120.0,0.0,0,0,0,,1
original_limit_2,original,"9,9,2,9",2,120,9283006,28,4,730,3409832.0,52,201,120.0,0.0,0,0,0,,1
original_limit_2,original,"9,9,9,2",3,120,9283007,28,4,730,2167376.0,33,134,120.0,0.0,0,0,0,,1
original_limit_2,original,"2,9,9,9",0,120,9283008,28,4,730,2361746.0,36,141,120.0,0.0,0,0,0,,1
original_limit_2,original,"9,2,9,9",1,120,9283009,28,4,730,1708492.0,26,107,120.0,0.0,0,0,0,,1
original_limit_2,original,"2,9,9,9",0,400,9283000,28,4,730,1580.0,0,0,400.0,0.0,7,0,0,,23
original_limit_2,original,"9,2,9,9",1,400,9283001,28,4,730,1440.0,0,0,400.0,0.0,9,0,0,,27
original_limit_2,original,"9,9,2,9",2,400,9283002,28,4,730,1329.0,0,0,400.0,0.0,9,0,0,,26
original_limit_2,original,"9,9,9,2",3,400,9283003,28,4,730,1740.0,0,0,400.0,0.0,5,1,0,,27
original_limit_2,original,"2,9,9,9",0,400,9283004,28,4,730,1308.0,0,0,400.0,0.0,10,0,0,,26
original_limit_2,original,"9,2,9,9",1,400,9283005,28,4,730,1227.0,0,0,400.0,0.0,4,0,0,,24
original_limit_2,original,"9,9,2,9",2,400,9283006,28,4,730,1497.0,0,0,400.0,0.0,13,0,0,,27
original_limit_2,original,"9,9,9,2",3,400,9283007,28,4,730,1320.0,0,0,400.0,0.0,14,0,0,,25
original_limit_2,original,"2,9,9,9",0,400,9283008,28,4,730,1150.0,0,0,400.0,0.0,12,0,0,,21
original_limit_2,original,"2,10,10,10",0,120,9283000,28,4,730,3221.0,0,0,120.0,0.0,0,0,0,,22
original_limit_2,original,"9,2,9,9",1,400,9283009,28,4,730,1607.0,0,0,390.0,10.0,6,0,0,,22
original_limit_2,original,"10,2,10,10",1,120,9283001,28,4,730,1962.0,0,0,120.0,0.0,0,0,0,,21
original_limit_2,original,"10,10,10,2",3,120,9283003,28,4,730,2375.0,0,0,120.0,0.0,0,0,0,,22
original_limit_2,original,"10,10,2,10",2,120,9283002,28,4,730,2607.0,0,0,120.0,0.0,0,0,0,,20
original_limit_2,original,"2,10,10,10",0,120,9283004,28,4,730,2472.0,0,0,120.0,0.0,0,0,0,,20
original_limit_2,original,"10,2,10,10",1,120,9283005,28,4,730,1755.0,0,0,120.0,0.0,0,0,0,,25
original_limit_2,original,"10,10,2,10",2,120,9283006,28,4,730,1963.0,0,0,120.0,0.0,0,0,0,,19
original_limit_2,original,"10,10,10,2",3,120,9283007,28,4,730,3046.0,0,0,120.0,0.0,0,0,0,,22
original_limit_2,original,"2,10,10,10",0,120,9283008,28,4,730,2313.0,0,0,120.0,0.0,0,0,0,,21
original_limit_2,original,"10,2,10,10",1,120,9283009,28,4,730,2402.0,0,0,120.0,0.0,0,0,0,,20
original_limit_2,original,"2,10,10,10",0,400,9283000,28,4,730,424.0,0,0,400.0,0.0,13,0,0,,21
original_limit_2,original,"10,2,10,10",1,400,9283001,28,4,730,252.0,0,0,400.0,0.0,8,0,0,,22
original_limit_2,original,"10,10,2,10",2,400,9283002,28,4,730,176.0,0,0,400.0,0.0,10,0,0,,27
original_limit_2,original,"10,10,10,2",3,400,9283003,28,4,730,372.0,0,0,400.0,0.0,8,0,0,,24
original_limit_2,original,"2,10,10,10",0,400,9283004,28,4,730,246.0,0,0,400.0,0.0,8,0,0,,22
original_limit_2,original,"10,2,10,10",1,400,9283005,28,4,730,202.0,0,0,400.0,0.0,13,1,0,,23
original_limit_2,original,"10,10,2,10",2,400,9283006,28,4,730,334.0,0,0,400.0,0.0,12,1,0,,26
original_limit_2,original,"10,10,10,2",3,400,9283007,28,4,730,317.0,0,0,400.0,0.0,12,0,0,,26
original_limit_2,original,"2,10,10,10",0,400,9283008,28,4,730,267.0,0,0,400.0,0.0,8,1,0,,24
original_limit_2,original,"10,2,10,10",1,400,9283009,28,4,730,350.0,0,0,400.0,0.0,11,0,0,,25
original_limit_2,original,"2,3,3,3",0,400,9283008,28,4,730,110.0,0,0,340.0,60.0,4,0,0,,22
original_limit_2,original,"3,2,3,3",1,400,9283009,28,4,730,32.0,0,0,350.0,50.0,1,0,0,,24
fixed_limit_0,fixed,"2,1,3,6",0,120,9283000,28,4,730,2052.0,0,0,120.0,0.0,0,0,0,,24
fixed_limit_0,fixed,"1,2,3,6",1,120,9283001,28,4,730,2308.0,0,0,120.0,0.0,0,0,0,,20
fixed_limit_0,fixed,"1,3,6,2",3,120,9283003,28,4,730,1374.0,0,0,120.0,0.0,0,0,0,,26
fixed_limit_0,fixed,"1,3,2,6",2,120,9283002,28,4,730,1974.0,0,0,120.0,0.0,0,0,0,,27
fixed_limit_0,fixed,"2,1,3,6",0,120,9283004,28,4,730,2182.0,0,0,120.0,0.0,0,0,0,,23
fixed_limit_0,fixed,"1,3,2,6",2,120,9283006,28,4,730,1643.0,0,0,120.0,0.0,0,0,0,,27
fixed_limit_0,fixed,"1,2,3,6",1,120,9283005,28,4,730,2350.0,0,0,120.0,0.0,0,0,0,,23
fixed_limit_0,fixed,"1,3,6,2",3,120,9283007,28,4,730,2008.0,0,0,120.0,0.0,0,0,0,,25
fixed_limit_0,fixed,"2,1,3,6",0,120,9283008,28,4,730,3004.0,0,0,120.0,0.0,0,0,0,,23
fixed_limit_0,fixed,"1,2,3,6",1,120,9283009,28,4,730,2248.0,0,0,120.0,0.0,0,0,0,,21
fixed_limit_0,fixed,"2,1,3,6",0,400,9283000,28,4,730,284.0,0,0,390.0,10.0,0,0,0,,25
fixed_limit_0,fixed,"1,3,2,6",2,400,9283002,28,4,730,199.0,0,0,400.0,0.0,0,0,0,,26
fixed_limit_0,fixed,"1,2,3,6",1,400,9283001,28,4,730,93.0,0,0,390.0,10.0,0,0,0,,20
fixed_limit_0,fixed,"1,3,6,2",3,400,9283003,28,4,730,251.0,0,0,390.0,10.0,0,0,0,,23
fixed_limit_0,fixed,"2,1,3,6",0,400,9283004,28,4,730,217.0,0,0,400.0,0.0,0,0,0,,27
fixed_limit_0,fixed,"1,2,3,6",1,400,9283005,28,4,730,531.0,0,0,390.0,10.0,0,0,0,,22
fixed_limit_0,fixed,"1,3,2,6",2,400,9283006,28,4,730,204.0,0,0,390.0,10.0,0,0,0,,22
fixed_limit_0,fixed,"2,3,4,7",0,120,9283000,28,4,730,3728.0,0,0,120.0,0.0,0,0,0,,18
fixed_limit_0,fixed,"1,3,6,2",3,400,9283007,28,4,730,337.0,0,0,390.0,10.0,0,0,0,,23
fixed_limit_0,fixed,"2,1,3,6",0,400,9283008,28,4,730,293.0,0,0,390.0,10.0,0,0,0,,25
fixed_limit_0,fixed,"1,2,3,6",1,400,9283009,28,4,730,338.0,0,0,400.0,0.0,0,0,0,,26
fixed_limit_0,fixed,"3,2,4,7",1,120,9283001,28,4,730,4607.0,0,0,120.0,0.0,0,0,0,,18
fixed_limit_0,fixed,"3,4,2,7",2,120,9283002,28,4,730,3851.0,0,0,120.0,0.0,0,0,0,,19
fixed_limit_0,fixed,"3,4,7,2",3,120,9283003,28,4,730,3817.0,0,0,120.0,0.0,0,0,0,,16
fixed_limit_0,fixed,"3,2,4,7",1,120,9283005,28,4,730,4458.0,0,0,120.0,0.0,0,0,0,,19
fixed_limit_0,fixed,"2,3,4,7",0,120,9283004,28,4,730,3721.0,0,0,120.0,0.0,0,0,0,,16
fixed_limit_0,fixed,"3,4,2,7",2,120,9283006,28,4,730,1431.0,0,0,120.0,0.0,0,0,0,,19
fixed_limit_0,fixed,"3,4,7,2",3,120,9283007,28,4,730,3615.0,0,0,120.0,0.0,0,0,0,,16
fixed_limit_0,fixed,"2,3,4,7",0,120,9283008,28,4,730,3525.0,0,0,120.0,0.0,0,0,0,,15
fixed_limit_0,fixed,"3,2,4,7",1,120,9283009,28,4,730,1476.0,0,0,120.0,0.0,0,0,0,,20
fixed_limit_0,fixed,"2,3,4,7",0,400,9283000,28,4,730,932.0,0,0,400.0,0.0,0,0,0,,23
fixed_limit_0,fixed,"3,2,4,7",1,400,9283001,28,4,730,1253.0,0,0,400.0,0.0,0,0,0,,23
fixed_limit_0,fixed,"3,4,2,7",2,400,9283002,28,4,730,1061.0,0,0,400.0,0.0,0,0,0,,25
fixed_limit_0,fixed,"3,4,7,2",3,400,9283003,28,4,730,690.0,0,0,400.0,0.0,0,0,0,,22
fixed_limit_0,fixed,"2,3,4,7",0,400,9283004,28,4,730,726.0,0,0,400.0,0.0,0,0,0,,24
fixed_limit_0,fixed,"3,2,4,7",1,400,9283005,28,4,730,1900.0,0,0,400.0,0.0,0,0,0,,28
fixed_limit_0,fixed,"2,4,6,8",0,120,9283000,28,4,730,4153.0,0,0,120.0,0.0,0,0,0,,20
fixed_limit_0,fixed,"3,4,2,7",2,400,9283006,28,4,730,918.0,0,0,400.0,0.0,0,0,0,,25
fixed_limit_0,fixed,"4,2,6,8",1,120,9283001,28,4,730,4536.0,0,0,120.0,0.0,0,0,0,,18
fixed_limit_0,fixed,"4,6,2,8",2,120,9283002,28,4,730,4644.0,0,0,120.0,0.0,0,0,0,,21
fixed_limit_0,fixed,"3,4,7,2",3,400,9283007,28,4,730,841.0,0,0,400.0,0.0,0,0,0,,26
fixed_limit_0,fixed,"2,3,4,7",0,400,9283008,28,4,730,916.0,0,0,400.0,0.0,0,0,0,,24
fixed_limit_0,fixed,"3,2,4,7",1,400,9283009,28,4,730,1294.0,0,0,400.0,0.0,0,0,0,,23
fixed_limit_0,fixed,"4,6,8,2",3,120,9283003,28,4,730,4078.0,0,0,120.0,0.0,0,0,0,,17
fixed_limit_0,fixed,"2,4,6,8",0,120,9283004,28,4,730,3849.0,0,5,120.0,0.0,0,0,0,,13
fixed_limit_0,fixed,"4,2,6,8",1,120,9283005,28,4,730,4401.0,0,0,120.0,0.0,0,0,0,,20
fixed_limit_0,fixed,"4,6,2,8",2,120,9283006,28,4,730,4050.0,0,0,120.0,0.0,0,0,0,,19
fixed_limit_0,fixed,"4,6,8,2",3,120,9283007,28,4,730,4636.0,0,0,120.0,0.0,0,0,0,,14
fixed_limit_0,fixed,"2,4,6,8",0,120,9283008,28,4,730,4196.0,0,0,120.0,0.0,0,0,0,,21
fixed_limit_0,fixed,"4,2,6,8",1,120,9283009,28,4,730,4589.0,0,0,120.0,0.0,0,0,0,,17
fixed_limit_0,fixed,"2,4,6,8",0,400,9283000,28,4,730,3001.0,0,0,370.0,30.0,0,0,0,,27
fixed_limit_0,fixed,"4,2,6,8",1,400,9283001,28,4,730,2696.0,0,0,370.0,30.0,0,0,0,,25
fixed_limit_0,fixed,"4,6,2,8",2,400,9283002,28,4,730,3111.0,0,0,370.0,30.0,0,0,0,,24
fixed_limit_0,fixed,"4,6,8,2",3,400,9283003,28,4,730,2780.0,0,0,370.0,30.0,0,0,0,,26
fixed_limit_0,fixed,"2,4,6,8",0,400,9283004,28,4,730,2825.0,0,0,370.0,30.0,0,0,0,,26
fixed_limit_0,fixed,"4,2,6,8",1,400,9283005,28,4,730,2706.0,0,0,370.0,30.0,0,0,0,,24
fixed_limit_0,fixed,"4,6,2,8",2,400,9283006,28,4,730,2780.0,0,0,370.0,30.0,0,0,0,,23
fixed_limit_0,fixed,"4,6,8,2",3,400,9283007,28,4,730,3182.0,0,0,370.0,30.0,0,0,0,,25
fixed_limit_0,fixed,"2,4,6,8",0,400,9283008,28,4,730,3157.0,0,0,370.0,30.0,0,0,0,,26
fixed_limit_0,fixed,"2,6,7,9",0,120,9283000,28,4,730,3408934.0,52,198,120.0,0.0,0,0,0,,1
fixed_limit_0,fixed,"4,2,6,8",1,400,9283009,28,4,730,3192.0,0,0,370.0,30.0,0,0,0,,26
fixed_limit_0,fixed,"6,2,7,9",1,120,9283001,28,4,730,2558350.0,39,181,120.0,0.0,0,0,0,,3
fixed_limit_0,fixed,"6,7,2,9",2,120,9283002,28,4,730,2233101.0,34,123,120.0,0.0,0,0,0,,1
fixed_limit_0,fixed,"6,7,9,2",3,120,9283003,28,4,730,3213265.0,49,187,120.0,0.0,0,0,0,,1
fixed_limit_0,fixed,"2,6,7,9",0,120,9283004,28,4,730,2688167.0,41,147,120.0,0.0,0,0,0,,2
fixed_limit_0,fixed,"6,2,7,9",1,120,9283005,28,4,730,2167041.0,33,118,120.0,0.0,0,0,0,,1
fixed_limit_0,fixed,"6,7,9,2",3,120,9283007,28,4,730,1577950.0,24,94,120.0,0.0,0,0,0,,2
fixed_limit_0,fixed,"6,7,2,9",2,120,9283006,28,4,730,2298348.0,35,147,120.0,0.0,0,0,0,,1
fixed_limit_0,fixed,"2,6,7,9",0,120,9283008,28,4,730,3803415.0,58,217,120.0,0.0,0,0,0,,1
fixed_limit_0,fixed,"6,2,7,9",1,120,9283009,28,4,730,2885086.0,44,171,120.0,0.0,0,0,0,,2
fixed_limit_0,fixed,"2,6,7,9",0,400,9283000,28,4,730,1173.0,0,0,400.0,0.0,0,0,0,,24
fixed_limit_0,fixed,"6,2,7,9",1,400,9283001,28,4,730,1314.0,0,0,400.0,0.0,0,0,0,,23
fixed_limit_0,fixed,"6,7,2,9",2,400,9283002,28,4,730,1301.0,0,0,400.0,0.0,0,0,0,,27
fixed_limit_0,fixed,"6,7,9,2",3,400,9283003,28,4,730,1013.0,0,0,400.0,0.0,0,0,0,,26
fixed_limit_0,fixed,"2,6,7,9",0,400,9283004,28,4,730,1479.0,0,0,400.0,0.0,0,0,0,,23
fixed_limit_0,fixed,"6,2,7,9",1,400,9283005,28,4,730,1460.0,0,0,400.0,0.0,0,0,0,,23
fixed_limit_0,fixed,"6,7,2,9",2,400,9283006,28,4,730,1469.0,0,0,400.0,0.0,0,0,0,,27
fixed_limit_0,fixed,"6,7,9,2",3,400,9283007,28,4,730,1250.0,0,0,400.0,0.0,0,0,0,,27
fixed_limit_0,fixed,"6,2,7,9",1,400,9283009,28,4,730,1100.0,0,0,400.0,0.0,0,0,0,,27
fixed_limit_0,fixed,"2,6,7,9",0,400,9283008,28,4,730,1204.0,0,0,400.0,0.0,0,0,0,,26
fixed_limit_0,fixed,"2,7,8,10",0,120,9283000,28,4,730,2019.0,0,0,120.0,0.0,0,0,0,,22
fixed_limit_0,fixed,"7,2,8,10",1,120,9283001,28,4,730,1891.0,0,0,120.0,0.0,0,0,0,,22
fixed_limit_0,fixed,"7,8,2,10",2,120,9283002,28,4,730,771.0,0,0,120.0,0.0,0,0,0,,26
fixed_limit_0,fixed,"7,8,10,2",3,120,9283003,28,4,730,2577.0,0,0,120.0,0.0,0,0,0,,22
fixed_limit_0,fixed,"2,7,8,10",0,120,9283004,28,4,730,1651.0,0,0,120.0,0.0,0,0,0,,24
fixed_limit_0,fixed,"7,2,8,10",1,120,9283005,28,4,730,1589.0,0,0,120.0,0.0,0,0,0,,23
fixed_limit_0,fixed,"7,8,2,10",2,120,9283006,28,4,730,1948.0,0,0,120.0,0.0,0,0,0,,19
fixed_limit_0,fixed,"7,8,10,2",3,120,9283007,28,4,730,1852.0,0,0,120.0,0.0,0,0,0,,22
fixed_limit_0,fixed,"2,7,8,10",0,120,9283008,28,4,730,1069.0,0,0,120.0,0.0,0,0,0,,16
fixed_limit_0,fixed,"7,2,8,10",1,120,9283009,28,4,730,2169.0,0,0,120.0,0.0,0,0,0,,20
fixed_limit_0,fixed,"2,7,8,10",0,400,9283000,28,4,730,438.0,0,0,400.0,0.0,0,0,0,,26
fixed_limit_0,fixed,"7,2,8,10",1,400,9283001,28,4,730,688.0,0,0,400.0,0.0,0,0,0,,24
fixed_limit_0,fixed,"7,8,2,10",2,400,9283002,28,4,730,309.0,0,0,400.0,0.0,0,0,0,,26
fixed_limit_0,fixed,"7,8,10,2",3,400,9283003,28,4,730,528.0,0,0,400.0,0.0,0,0,0,,22
fixed_limit_0,fixed,"2,7,8,10",0,400,9283004,28,4,730,614.0,0,0,400.0,0.0,0,0,0,,27
fixed_limit_0,fixed,"7,2,8,10",1,400,9283005,28,4,730,608.0,0,0,400.0,0.0,0,0,0,,23
fixed_limit_0,fixed,"7,8,2,10",2,400,9283006,28,4,730,433.0,0,0,400.0,0.0,0,0,0,,25
fixed_limit_0,fixed,"7,8,10,2",3,400,9283007,28,4,730,465.0,0,0,400.0,0.0,0,0,0,,27
fixed_limit_0,fixed,"2,7,8,10",0,400,9283008,28,4,730,496.0,0,0,400.0,0.0,0,0,0,,28
fixed_limit_0,fixed,"7,2,8,10",1,400,9283009,28,4,730,468.0,0,0,400.0,0.0,0,0,0,,22
fixed_limit_0,fixed,"2,8,9,1",0,120,9283000,28,4,730,1643633.0,25,104,120.0,0.0,0,0,0,,1
fixed_limit_0,fixed,"8,2,9,1",1,120,9283001,28,4,730,1642975.0,25,82,120.0,0.0,0,0,0,,4
fixed_limit_0,fixed,"8,9,2,1",2,120,9283002,28,4,730,1840453.0,28,100,120.0,0.0,0,0,0,,3
fixed_limit_0,fixed,"8,9,1,2",3,120,9283003,28,4,730,1184086.0,18,79,120.0,0.0,0,0,0,,4
fixed_limit_0,fixed,"2,8,9,1",0,120,9283004,28,4,730,1118305.0,17,60,120.0,0.0,0,0,0,,5
fixed_limit_0,fixed,"8,2,9,1",1,120,9283005,28,4,730,3082350.0,47,192,120.0,0.0,0,0,0,,1
fixed_limit_0,fixed,"8,9,2,1",2,120,9283006,28,4,730,3412444.0,52,191,120.0,0.0,0,0,0,,1
fixed_limit_0,fixed,"8,9,1,2",3,120,9283007,28,4,730,3015924.0,46,193,120.0,0.0,0,0,0,,1
fixed_limit_0,fixed,"2,8,9,1",0,120,9283008,28,4,730,529619.0,8,55,120.0,0.0,0,0,0,,2
fixed_limit_0,fixed,"8,2,9,1",1,120,9283009,28,4,730,2295783.0,35,166,120.0,0.0,0,0,0,,1
fixed_limit_0,fixed,"2,8,9,1",0,400,9283000,28,4,730,1320.0,0,0,400.0,0.0,0,0,0,,27
fixed_limit_0,fixed,"8,2,9,1",1,400,9283001,28,4,730,979.0,0,0,400.0,0.0,0,0,0,,24
fixed_limit_0,fixed,"8,9,2,1",2,400,9283002,28,4,730,1511.0,0,0,400.0,0.0,0,0,0,,26
fixed_limit_0,fixed,"8,9,1,2",3,400,9283003,28,4,730,1184.0,0,0,400.0,0.0,0,0,0,,26
fixed_limit_0,fixed,"2,8,9,1",0,400,9283004,28,4,730,1068.0,0,0,400.0,0.0,0,0,0,,23
fixed_limit_0,fixed,"8,2,9,1",1,400,9283005,28,4,730,1512.0,0,0,400.0,0.0,0,0,0,,27
fixed_limit_0,fixed,"8,9,1,2",3,400,9283007,28,4,730,1305.0,0,0,400.0,0.0,0,0,0,,28
fixed_limit_0,fixed,"8,9,2,1",2,400,9283006,28,4,730,1222.0,0,0,400.0,0.0,0,0,0,,23
fixed_limit_0,fixed,"2,8,9,1",0,400,9283008,28,4,730,1200.0,0,0,400.0,0.0,0,0,0,,23
fixed_limit_0,fixed,"8,2,9,1",1,400,9283009,28,4,730,1249.0,0,0,400.0,0.0,0,0,0,,25
fixed_limit_0,fixed,"9,10,2,3",2,120,9283002,28,4,730,1774009.0,27,116,120.0,0.0,0,0,0,,2
fixed_limit_0,fixed,"2,9,10,3",0,120,9283000,28,4,730,1577993.0,24,85,120.0,0.0,0,0,0,,3
fixed_limit_0,fixed,"9,10,3,2",3,120,9283003,28,4,730,1643251.0,25,103,120.0,0.0,0,0,0,,2
fixed_limit_0,fixed,"9,2,10,3",1,120,9283001,28,4,730,1381557.0,21,98,120.0,0.0,0,0,0,,1
fixed_limit_0,fixed,"2,9,10,3",0,120,9283004,28,4,730,2950270.0,45,183,120.0,0.0,0,0,0,,1
fixed_limit_0,fixed,"9,2,10,3",1,120,9283005,28,4,730,1577812.0,24,93,120.0,0.0,0,0,0,,2
fixed_limit_0,fixed,"9,10,2,3",2,120,9283006,28,4,730,2885916.0,44,176,120.0,0.0,0,0,0,,1
fixed_limit_0,fixed,"2,9,10,3",0,120,9283008,28,4,730,1512731.0,23,89,120.0,0.0,0,0,0,,2
fixed_limit_0,fixed,"9,10,3,2",3,120,9283007,28,4,730,2167049.0,33,129,120.0,0.0,0,0,0,,1
fixed_limit_0,fixed,"2,9,10,3",0,400,9283000,28,4,730,812.0,0,0,400.0,0.0,0,0,0,,28
fixed_limit_0,fixed,"9,2,10,3",1,120,9283009,28,4,730,1446111.0,22,93,120.0,0.0,0,0,0,,1
fixed_limit_0,fixed,"9,2,10,3",1,400,9283001,28,4,730,1491.0,0,0,400.0,0.0,0,0,0,,23
fixed_limit_0,fixed,"9,10,3,2",3,400,9283003,28,4,730,1315.0,0,0,400.0,0.0,0,0,0,,23
fixed_limit_0,fixed,"9,10,2,3",2,400,9283002,28,4,730,1063.0,0,0,400.0,0.0,0,0,0,,26
fixed_limit_0,fixed,"2,9,10,3",0,400,9283004,28,4,730,1004.0,0,0,400.0,0.0,0,0,0,,24
fixed_limit_0,fixed,"9,2,10,3",1,400,9283005,28,4,730,928.0,0,0,400.0,0.0,0,0,0,,23
fixed_limit_0,fixed,"9,10,2,3",2,400,9283006,28,4,730,1249.0,0,0,400.0,0.0,0,0,0,,25
fixed_limit_0,fixed,"9,10,3,2",3,400,9283007,28,4,730,1669.0,0,0,400.0,0.0,0,0,0,,26
fixed_limit_0,fixed,"2,10,1,4",0,120,9283000,28,4,730,3582.0,0,0,120.0,0.0,0,0,0,,18
fixed_limit_0,fixed,"10,2,1,4",1,120,9283001,28,4,730,4169.0,0,0,120.0,0.0,0,0,0,,20
fixed_limit_0,fixed,"10,1,2,4",2,120,9283002,28,4,730,2426.0,0,0,120.0,0.0,0,0,0,,17
fixed_limit_0,fixed,"10,1,4,2",3,120,9283003,28,4,730,2444.0,0,0,120.0,0.0,0,0,0,,20
fixed_limit_0,fixed,"2,10,1,4",0,120,9283004,28,4,730,5052.0,0,0,120.0,0.0,0,0,0,,22
fixed_limit_0,fixed,"10,2,1,4",1,120,9283005,28,4,730,4219.0,0,0,120.0,0.0,0,0,0,,23
fixed_limit_0,fixed,"10,1,2,4",2,120,9283006,28,4,730,3879.0,0,0,120.0,0.0,0,0,0,,17
fixed_limit_0,fixed,"10,1,4,2",3,120,9283007,28,4,730,2915.0,0,0,120.0,0.0,0,0,0,,21
fixed_limit_0,fixed,"2,10,1,4",0,120,9283008,28,4,730,3774.0,0,0,120.0,0.0,0,0,0,,21
fixed_limit_0,fixed,"10,2,1,4",1,120,9283009,28,4,730,4469.0,0,0,120.0,0.0,0,0,0,,22
fixed_limit_0,fixed,"2,10,1,4",0,400,9283000,28,4,730,1302.0,0,0,400.0,0.0,0,0,0,,24
fixed_limit_0,fixed,"10,2,1,4",1,400,9283001,28,4,730,1002.0,0,0,400.0,0.0,0,0,0,,28
fixed_limit_0,fixed,"10,1,2,4",2,400,9283002,28,4,730,1061.0,0,0,400.0,0.0,0,0,0,,25
fixed_limit_0,fixed,"10,1,4,2",3,400,9283003,28,4,730,1114.0,0,0,400.0,0.0,0,0,0,,22
fixed_limit_0,fixed,"2,10,1,4",0,400,9283004,28,4,730,1163.0,0,0,400.0,0.0,0,0,0,,26
fixed_limit_0,fixed,"10,2,1,4",1,400,9283005,28,4,730,1102.0,0,0,400.0,0.0,0,0,0,,25
fixed_limit_0,fixed,"10,1,2,4",2,400,9283006,28,4,730,1695.0,0,0,400.0,0.0,0,0,0,,24
fixed_limit_0,fixed,"10,1,4,2",3,400,9283007,28,4,730,1215.0,0,0,400.0,0.0,0,0,0,,24
fixed_limit_0,fixed,"2,10,1,4",0,400,9283008,28,4,730,1388.0,0,0,400.0,0.0,0,0,0,,23
fixed_limit_0,fixed,"2,1,1,1",0,120,9283000,28,4,730,2529.0,0,0,120.0,0.0,0,0,0,,24
fixed_limit_0,fixed,"1,2,1,1",1,120,9283001,28,4,730,1488.0,0,0,120.0,0.0,0,0,0,,23
fixed_limit_0,fixed,"10,2,1,4",1,400,9283009,28,4,730,1055.0,0,0,400.0,0.0,0,0,0,,25
fixed_limit_0,fixed,"1,1,2,1",2,120,9283002,28,4,730,1807.0,0,0,120.0,0.0,0,0,0,,25
fixed_limit_0,fixed,"1,1,1,2",3,120,9283003,28,4,730,2189.0,0,0,120.0,0.0,0,0,0,,24
fixed_limit_0,fixed,"2,1,1,1",0,120,9283004,28,4,730,2156.0,0,0,120.0,0.0,0,0,0,,22
fixed_limit_0,fixed,"1,2,1,1",1,120,9283005,28,4,730,2498.0,0,0,120.0,0.0,0,0,0,,21
fixed_limit_0,fixed,"1,1,2,1",2,120,9283006,28,4,730,2060.0,0,0,120.0,0.0,0,0,0,,23
fixed_limit_0,fixed,"1,1,1,2",3,120,9283007,28,4,730,1859.0,0,0,120.0,0.0,0,0,0,,23
fixed_limit_0,fixed,"2,1,1,1",0,120,9283008,28,4,730,1918.0,0,0,120.0,0.0,0,0,0,,24
fixed_limit_0,fixed,"1,2,1,1",1,120,9283009,28,4,730,1782.0,0,0,120.0,0.0,0,0,0,,26
fixed_limit_0,fixed,"2,1,1,1",0,400,9283000,28,4,730,223.0,0,0,400.0,0.0,0,0,0,,25
fixed_limit_0,fixed,"1,2,1,1",1,400,9283001,28,4,730,186.0,0,0,400.0,0.0,0,0,0,,25
fixed_limit_0,fixed,"1,1,2,1",2,400,9283002,28,4,730,270.0,0,0,400.0,0.0,0,0,0,,26
fixed_limit_0,fixed,"1,1,1,2",3,400,9283003,28,4,730,326.0,0,0,400.0,0.0,0,0,0,,20
fixed_limit_0,fixed,"2,1,1,1",0,400,9283004,28,4,730,315.0,0,0,400.0,0.0,0,0,0,,22
fixed_limit_0,fixed,"1,2,1,1",1,400,9283005,28,4,730,196.0,0,0,400.0,0.0,0,0,0,,23
fixed_limit_0,fixed,"1,1,2,1",2,400,9283006,28,4,730,216.0,0,0,400.0,0.0,0,0,0,,22
fixed_limit_0,fixed,"1,1,1,2",3,400,9283007,28,4,730,339.0,0,0,400.0,0.0,0,0,0,,24
fixed_limit_0,fixed,"2,1,1,1",0,400,9283008,28,4,730,156.0,0,0,400.0,0.0,0,0,0,,23
fixed_limit_0,fixed,"1,2,1,1",1,400,9283009,28,4,730,178.0,0,0,400.0,0.0,0,0,0,,23
fixed_limit_0,fixed,"2,9,10,3",0,400,9283008,28,4,730,1245.0,0,0,400.0,0.0,0,0,0,,27
fixed_limit_0,fixed,"9,2,10,3",1,400,9283009,28,4,730,1049.0,0,0,400.0,0.0,0,0,0,,24
fixed_limit_0,fixed,"3,2,3,3",1,120,9283001,28,4,730,1525.0,0,0,120.0,0.0,0,0,0,,19
fixed_limit_0,fixed,"2,3,3,3",0,120,9283000,28,4,730,2252.0,0,0,120.0,0.0,0,0,0,,27
fixed_limit_0,fixed,"3,3,2,3",2,120,9283002,28,4,730,2147.0,0,0,110.0,10.0,0,0,0,,23
fixed_limit_0,fixed,"3,3,3,2",3,120,9283003,28,4,730,2046.0,0,0,110.0,10.0,0,0,0,,18
fixed_limit_0,fixed,"2,3,3,3",0,120,9283004,28,4,730,1712.0,0,0,120.0,0.0,0,0,0,,22
fixed_limit_0,fixed,"3,2,3,3",1,120,9283005,28,4,730,1900.0,0,0,120.0,0.0,0,0,0,,26
fixed_limit_0,fixed,"3,3,3,2",3,120,9283007,28,4,730,2374.0,0,0,120.0,0.0,0,0,0,,22
fixed_limit_0,fixed,"2,3,3,3",0,120,9283008,28,4,730,1898.0,0,0,120.0,0.0,0,0,0,,22
fixed_limit_0,fixed,"3,3,2,3",2,120,9283006,28,4,730,2033.0,0,0,120.0,0.0,0,0,0,,22
fixed_limit_0,fixed,"3,2,3,3",1,120,9283009,28,4,730,3319.0,0,0,110.0,10.0,0,0,0,,22
fixed_limit_0,fixed,"2,3,3,3",0,400,9283000,28,4,730,58.0,0,0,350.0,50.0,0,0,0,,24
fixed_limit_0,fixed,"3,2,3,3",1,400,9283001,28,4,730,90.0,0,0,350.0,50.0,0,0,0,,23
fixed_limit_0,fixed,"3,3,2,3",2,400,9283002,28,4,730,0.0,0,0,340.0,60.0,0,0,0,,24
fixed_limit_0,fixed,"3,3,3,2",3,400,9283003,28,4,730,67.0,0,0,340.0,60.0,0,0,0,,23
fixed_limit_0,fixed,"2,3,3,3",0,400,9283004,28,4,730,37.0,0,0,350.0,50.0,0,0,0,,25
fixed_limit_0,fixed,"3,2,3,3",1,400,9283005,28,4,730,82.0,0,0,340.0,60.0,0,0,0,,25
fixed_limit_0,fixed,"2,4,4,4",0,120,9283000,28,4,730,3231.0,0,0,120.0,0.0,0,0,0,,15
fixed_limit_0,fixed,"4,2,4,4",1,120,9283001,28,4,730,4704.0,0,0,120.0,0.0,0,0,0,,24
fixed_limit_0,fixed,"4,4,2,4",2,120,9283002,28,4,730,3896.0,0,0,120.0,0.0,0,0,0,,19
fixed_limit_0,fixed,"4,4,4,2",3,120,9283003,28,4,730,4498.0,0,0,120.0,0.0,0,0,0,,24
fixed_limit_0,fixed,"2,4,4,4",0,120,9283004,28,4,730,3284.0,0,0,120.0,0.0,0,0,0,,18
fixed_limit_0,fixed,"4,2,4,4",1,120,9283005,28,4,730,4340.0,0,0,120.0,0.0,0,0,0,,20
fixed_limit_0,fixed,"4,4,2,4",2,120,9283006,28,4,730,5129.0,0,0,120.0,0.0,0,0,0,,16
fixed_limit_0,fixed,"4,4,4,2",3,120,9283007,28,4,730,4506.0,0,0,120.0,0.0,0,0,0,,20
fixed_limit_0,fixed,"2,4,4,4",0,120,9283008,28,4,730,4250.0,0,0,120.0,0.0,0,0,0,,17
fixed_limit_0,fixed,"4,2,4,4",1,120,9283009,28,4,730,3323.0,0,0,120.0,0.0,0,0,0,,23
fixed_limit_0,fixed,"2,4,4,4",0,400,9283000,28,4,730,3757.0,0,0,180.0,220.0,0,0,0,,24
fixed_limit_0,fixed,"4,2,4,4",1,400,9283001,28,4,730,3889.0,0,0,170.0,230.0,0,0,0,,21
fixed_limit_0,fixed,"4,4,2,4",2,400,9283002,28,4,730,4650.0,0,0,180.0,220.0,0,0,0,,26
fixed_limit_0,fixed,"4,4,4,2",3,400,9283003,28,4,730,4230.0,0,0,180.0,220.0,0,0,0,,27
fixed_limit_0,fixed,"2,4,4,4",0,400,9283004,28,4,730,5036.0,0,0,180.0,220.0,0,0,0,,27
fixed_limit_0,fixed,"4,2,4,4",1,400,9283005,28,4,730,3612.0,0,0,170.0,230.0,0,0,0,,26
fixed_limit_0,fixed,"4,4,2,4",2,400,9283006,28,4,730,3812.0,0,0,190.0,210.0,0,0,0,,22
fixed_limit_0,fixed,"4,4,4,2",3,400,9283007,28,4,730,4475.0,0,0,170.0,230.0,0,0,0,,18
fixed_limit_0,fixed,"2,4,4,4",0,400,9283008,28,4,730,3927.0,0,0,180.0,220.0,0,0,0,,23
fixed_limit_0,fixed,"4,2,4,4",1,400,9283009,28,4,730,3729.0,0,0,180.0,220.0,0,0,0,,27
fixed_limit_0,fixed,"2,6,6,6",0,120,9283000,28,4,730,1863.0,0,0,120.0,0.0,0,0,0,,21
fixed_limit_0,fixed,"6,2,6,6",1,120,9283001,28,4,730,1639.0,0,0,120.0,0.0,0,0,0,,25
fixed_limit_0,fixed,"6,6,2,6",2,120,9283002,28,4,730,2942.0,0,0,120.0,0.0,0,0,0,,24
fixed_limit_0,fixed,"6,6,6,2",3,120,9283003,28,4,730,3884.0,0,0,120.0,0.0,0,0,0,,22
fixed_limit_0,fixed,"2,6,6,6",0,120,9283004,28,4,730,909.0,0,0,120.0,0.0,0,0,0,,18
fixed_limit_0,fixed,"6,2,6,6",1,120,9283005,28,4,730,1417.0,0,0,120.0,0.0,0,0,0,,21
fixed_limit_0,fixed,"6,6,2,6",2,120,9283006,28,4,730,3315.0,0,0,120.0,0.0,0,0,0,,22
fixed_limit_0,fixed,"3,3,3,2",3,400,9283007,28,4,730,85.0,0,0,350.0,50.0,0,0,0,,23
fixed_limit_0,fixed,"3,3,2,3",2,400,9283006,28,4,730,64.0,0,0,340.0,60.0,0,0,0,,26
fixed_limit_0,fixed,"6,6,6,2",3,120,9283007,28,4,730,3925.0,0,0,120.0,0.0,0,0,0,,25
fixed_limit_0,fixed,"2,6,6,6",0,120,9283008,28,4,730,3569.0,0,0,120.0,0.0,0,0,0,,24
fixed_limit_0,fixed,"6,2,6,6",1,120,9283009,28,4,730,2911.0,0,0,120.0,0.0,0,0,0,,21
fixed_limit_0,fixed,"2,6,6,6",0,400,9283000,28,4,730,17.0,0,0,160.0,240.0,0,0,0,,24
fixed_limit_0,fixed,"6,2,6,6",1,400,9283001,28,4,730,287.0,0,0,170.0,230.0,0,0,0,,21
fixed_limit_0,fixed,"6,6,2,6",2,400,9283002,28,4,730,775.0,0,0,170.0,230.0,0,0,0,,20
fixed_limit_0,fixed,"6,6,6,2",3,400,9283003,28,4,730,0.0,0,0,160.0,240.0,0,0,0,,25
fixed_limit_0,fixed,"2,6,6,6",0,400,9283004,28,4,730,705.0,0,0,170.0,230.0,0,0,0,,22
fixed_limit_0,fixed,"6,2,6,6",1,400,9283005,28,4,730,20.0,0,0,170.0,230.0,0,0,0,,23
fixed_limit_0,fixed,"6,6,2,6",2,400,9283006,28,4,730,628.0,0,0,180.0,220.0,0,0,0,,27
fixed_limit_0,fixed,"6,6,6,2",3,400,9283007,28,4,730,701.0,0,0,170.0,230.0,0,0,0,,24
fixed_limit_0,fixed,"2,6,6,6",0,400,9283008,28,4,730,8.0,0,0,140.0,260.0,0,0,0,,24
fixed_limit_0,fixed,"2,7,7,7",0,120,9283000,28,4,730,837.0,0,0,120.0,0.0,0,0,0,,21
fixed_limit_0,fixed,"6,2,6,6",1,400,9283009,28,4,730,766.0,0,0,160.0,240.0,0,0,0,,18
fixed_limit_0,fixed,"7,2,7,7",1,120,9283001,28,4,730,593.0,0,0,120.0,0.0,0,0,0,,22
fixed_limit_0,fixed,"7,7,2,7",2,120,9283002,28,4,730,874.0,0,0,120.0,0.0,0,0,0,,21
fixed_limit_0,fixed,"7,7,7,2",3,120,9283003,28,4,730,913.0,0,0,120.0,0.0,0,0,0,,22
fixed_limit_0,fixed,"2,7,7,7",0,120,9283004,28,4,730,841.0,0,0,120.0,0.0,0,0,0,,19
fixed_limit_0,fixed,"7,2,7,7",1,120,9283005,28,4,730,1452.0,0,0,120.0,0.0,0,0,0,,26
fixed_limit_0,fixed,"7,7,2,7",2,120,9283006,28,4,730,1152.0,0,0,120.0,0.0,0,0,0,,21
fixed_limit_0,fixed,"7,7,7,2",3,120,9283007,28,4,730,340.0,0,0,120.0,0.0,0,0,0,,21
fixed_limit_0,fixed,"2,7,7,7",0,120,9283008,28,4,730,152.0,0,0,120.0,0.0,0,0,0,,25
fixed_limit_0,fixed,"7,2,7,7",1,120,9283009,28,4,730,1149.0,0,0,120.0,0.0,0,0,0,,20
fixed_limit_0,fixed,"2,7,7,7",0,400,9283000,28,4,730,745.0,0,0,400.0,0.0,0,0,0,,24
fixed_limit_0,fixed,"7,2,7,7",1,400,9283001,28,4,730,369.0,0,0,400.0,0.0,0,0,0,,19
fixed_limit_0,fixed,"7,7,2,7",2,400,9283002,28,4,730,626.0,0,0,400.0,0.0,0,0,0,,27
fixed_limit_0,fixed,"7,7,7,2",3,400,9283003,28,4,730,722.0,0,0,400.0,0.0,0,0,0,,27
fixed_limit_0,fixed,"2,7,7,7",0,400,9283004,28,4,730,593.0,0,0,400.0,0.0,0,0,0,,24
fixed_limit_0,fixed,"7,2,7,7",1,400,9283005,28,4,730,1373.0,0,0,400.0,0.0,0,0,0,,23
fixed_limit_0,fixed,"7,7,2,7",2,400,9283006,28,4,730,1180.0,0,0,400.0,0.0,0,0,0,,23
fixed_limit_0,fixed,"7,7,7,2",3,400,9283007,28,4,730,166.0,0,0,400.0,0.0,0,0,0,,18
fixed_limit_0,fixed,"2,7,7,7",0,400,9283008,28,4,730,272.0,0,0,400.0,0.0,0,0,0,,27
fixed_limit_0,fixed,"7,2,7,7",1,400,9283009,28,4,730,698.0,0,0,400.0,0.0,0,0,0,,22
fixed_limit_0,fixed,"2,8,8,8",0,120,9283000,28,4,730,2026.0,0,0,120.0,0.0,0,0,0,,27
fixed_limit_0,fixed,"8,2,8,8",1,120,9283001,28,4,730,1142.0,0,0,120.0,0.0,0,0,0,,26
fixed_limit_0,fixed,"8,8,2,8",2,120,9283002,28,4,730,2964.0,0,0,120.0,0.0,0,0,0,,24
fixed_limit_0,fixed,"8,8,8,2",3,120,9283003,28,4,730,3029.0,0,0,120.0,0.0,0,0,0,,26
fixed_limit_0,fixed,"2,8,8,8",0,120,9283004,28,4,730,1810.0,0,0,120.0,0.0,0,0,0,,26
fixed_limit_0,fixed,"8,2,8,8",1,120,9283005,28,4,730,1821.0,0,0,120.0,0.0,0,0,0,,23
fixed_limit_0,fixed,"8,8,2,8",2,120,9283006,28,4,730,1726.0,0,0,120.0,0.0,0,0,0,,21
fixed_limit_0,fixed,"8,8,8,2",3,120,9283007,28,4,730,2228.0,0,0,120.0,0.0,0,0,0,,22
fixed_limit_0,fixed,"2,8,8,8",0,120,9283008,28,4,730,1572.0,0,0,120.0,0.0,0,0,0,,22
fixed_limit_0,fixed,"8,2,8,8",1,120,9283009,28,4,730,2650.0,0,0,120.0,0.0,0,0,0,,27
fixed_limit_0,fixed,"2,8,8,8",0,400,9283000,28,4,730,1293.0,0,0,370.0,30.0,0,0,0,,24
fixed_limit_0,fixed,"8,2,8,8",1,400,9283001,28,4,730,645.0,0,0,370.0,30.0,0,0,0,,23
fixed_limit_0,fixed,"8,8,8,2",3,400,9283003,28,4,730,1271.0,0,0,380.0,20.0,0,0,0,,27
fixed_limit_0,fixed,"8,8,2,8",2,400,9283002,28,4,730,1730.0,0,0,370.0,30.0,0,0,0,,26
fixed_limit_0,fixed,"2,8,8,8",0,400,9283004,28,4,730,458.0,0,0,370.0,30.0,0,0,0,,25
fixed_limit_0,fixed,"8,2,8,8",1,400,9283005,28,4,730,1129.0,0,0,370.0,30.0,0,0,0,,27
fixed_limit_0,fixed,"8,8,2,8",2,400,9283006,28,4,730,1017.0,0,0,380.0,20.0,0,0,0,,27
fixed_limit_0,fixed,"8,8,8,2",3,400,9283007,28,4,730,1694.0,0,0,370.0,30.0,0,0,0,,27
fixed_limit_0,fixed,"2,8,8,8",0,400,9283008,28,4,730,911.0,0,0,370.0,30.0,0,0,0,,25
fixed_limit_0,fixed,"8,2,8,8",1,400,9283009,28,4,730,1545.0,0,0,380.0,20.0,0,0,0,,27
fixed_limit_0,fixed,"2,9,9,9",0,120,9283000,28,4,730,1967684.0,30,136,120.0,0.0,0,0,0,,1
fixed_limit_0,fixed,"9,2,9,9",1,120,9283001,28,4,730,1774322.0,27,120,120.0,0.0,0,0,0,,1
fixed_limit_0,fixed,"9,9,2,9",2,120,9283002,28,4,730,1969218.0,30,128,120.0,0.0,0,0,0,,1
fixed_limit_0,fixed,"2,9,9,9",0,120,9283004,28,4,730,2232957.0,34,139,120.0,0.0,0,0,0,,1
fixed_limit_0,fixed,"9,9,9,2",3,120,9283003,28,4,730,1840100.0,28,114,120.0,0.0,0,0,0,,1
fixed_limit_0,fixed,"9,2,9,9",1,120,9283005,28,4,730,2884378.0,44,176,120.0,0.0,0,0,0,,1
fixed_limit_0,fixed,"9,9,2,9",2,120,9283006,28,4,730,3409832.0,52,201,120.0,0.0,0,0,0,,1
fixed_limit_0,fixed,"9,9,9,2",3,120,9283007,28,4,730,2167376.0,33,134,120.0,0.0,0,0,0,,1
fixed_limit_0,fixed,"2,9,9,9",0,120,9283008,28,4,730,2361746.0,36,141,120.0,0.0,0,0,0,,1
fixed_limit_0,fixed,"9,2,9,9",1,120,9283009,28,4,730,1708492.0,26,107,120.0,0.0,0,0,0,,1
fixed_limit_0,fixed,"2,9,9,9",0,400,9283000,28,4,730,1180.0,0,0,400.0,0.0,0,0,0,,28
fixed_limit_0,fixed,"9,2,9,9",1,400,9283001,28,4,730,1375.0,0,0,400.0,0.0,0,0,0,,28
fixed_limit_0,fixed,"9,9,2,9",2,400,9283002,28,4,730,1406.0,0,0,400.0,0.0,0,0,0,,26
fixed_limit_0,fixed,"9,9,9,2",3,400,9283003,28,4,730,1275.0,0,0,390.0,10.0,0,0,0,,27
fixed_limit_0,fixed,"2,9,9,9",0,400,9283004,28,4,730,1811.0,0,0,400.0,0.0,0,0,0,,25
fixed_limit_0,fixed,"9,2,9,9",1,400,9283005,28,4,730,1239.0,0,0,400.0,0.0,0,0,0,,27
fixed_limit_0,fixed,"9,9,2,9",2,400,9283006,28,4,730,1429.0,0,0,400.0,0.0,0,0,0,,25
fixed_limit_0,fixed,"9,9,9,2",3,400,9283007,28,4,730,1206.0,0,0,400.0,0.0,0,0,0,,27
fixed_limit_0,fixed,"2,9,9,9",0,400,9283008,28,4,730,1304.0,0,0,390.0,10.0,0,0,0,,26
fixed_limit_0,fixed,"2,10,10,10",0,120,9283000,28,4,730,3221.0,0,0,120.0,0.0,0,0,0,,22
fixed_limit_0,fixed,"9,2,9,9",1,400,9283009,28,4,730,1375.0,0,0,400.0,0.0,0,0,0,,28
fixed_limit_0,fixed,"10,2,10,10",1,120,9283001,28,4,730,1962.0,0,0,120.0,0.0,0,0,0,,21
fixed_limit_0,fixed,"10,10,2,10",2,120,9283002,28,4,730,2607.0,0,0,120.0,0.0,0,0,0,,20
fixed_limit_0,fixed,"10,10,10,2",3,120,9283003,28,4,730,2375.0,0,0,120.0,0.0,0,0,0,,22
fixed_limit_0,fixed,"2,10,10,10",0,120,9283004,28,4,730,2472.0,0,0,120.0,0.0,0,0,0,,20
fixed_limit_0,fixed,"10,2,10,10",1,120,9283005,28,4,730,1755.0,0,0,120.0,0.0,0,0,0,,25
fixed_limit_0,fixed,"10,10,2,10",2,120,9283006,28,4,730,1963.0,0,0,120.0,0.0,0,0,0,,19
fixed_limit_0,fixed,"10,10,10,2",3,120,9283007,28,4,730,3046.0,0,0,120.0,0.0,0,0,0,,22
fixed_limit_0,fixed,"2,10,10,10",0,120,9283008,28,4,730,2313.0,0,0,120.0,0.0,0,0,0,,21
fixed_limit_0,fixed,"10,2,10,10",1,120,9283009,28,4,730,2402.0,0,0,120.0,0.0,0,0,0,,20
fixed_limit_0,fixed,"2,10,10,10",0,400,9283000,28,4,730,327.0,0,0,400.0,0.0,0,0,0,,25
fixed_limit_0,fixed,"10,2,10,10",1,400,9283001,28,4,730,351.0,0,0,400.0,0.0,0,0,0,,26
fixed_limit_0,fixed,"10,10,2,10",2,400,9283002,28,4,730,364.0,0,0,400.0,0.0,0,0,0,,27
fixed_limit_0,fixed,"10,10,10,2",3,400,9283003,28,4,730,357.0,0,0,400.0,0.0,0,0,0,,22
fixed_limit_0,fixed,"2,10,10,10",0,400,9283004,28,4,730,230.0,0,0,400.0,0.0,0,0,0,,21
fixed_limit_0,fixed,"10,2,10,10",1,400,9283005,28,4,730,387.0,0,0,400.0,0.0,0,0,0,,26
fixed_limit_0,fixed,"10,10,2,10",2,400,9283006,28,4,730,300.0,0,0,400.0,0.0,0,0,0,,27
fixed_limit_0,fixed,"10,10,10,2",3,400,9283007,28,4,730,359.0,0,0,400.0,0.0,0,0,0,,21
fixed_limit_0,fixed,"2,10,10,10",0,400,9283008,28,4,730,365.0,0,0,400.0,0.0,0,0,0,,25
fixed_limit_0,fixed,"10,2,10,10",1,400,9283009,28,4,730,262.0,0,0,400.0,0.0,0,0,0,,25
fixed_limit_1,fixed,"2,1,3,6",0,120,9283000,28,4,730,2052.0,0,0,120.0,0.0,0,0,0,,24
fixed_limit_1,fixed,"1,2,3,6",1,120,9283001,28,4,730,2308.0,0,0,120.0,0.0,0,0,0,,20
fixed_limit_1,fixed,"1,3,6,2",3,120,9283003,28,4,730,1374.0,0,0,120.0,0.0,0,0,0,,26
fixed_limit_1,fixed,"1,3,2,6",2,120,9283002,28,4,730,1974.0,0,0,120.0,0.0,0,0,0,,27
fixed_limit_0,fixed,"2,3,3,3",0,400,9283008,28,4,730,60.0,0,0,340.0,60.0,0,0,0,,23
fixed_limit_0,fixed,"3,2,3,3",1,400,9283009,28,4,730,58.0,0,0,350.0,50.0,0,0,0,,26
fixed_limit_1,fixed,"2,1,3,6",0,120,9283004,28,4,730,2182.0,0,0,120.0,0.0,0,0,0,,23
fixed_limit_1,fixed,"1,2,3,6",1,120,9283005,28,4,730,2350.0,0,0,120.0,0.0,0,0,0,,23
fixed_limit_1,fixed,"1,3,2,6",2,120,9283006,28,4,730,1643.0,0,0,120.0,0.0,0,0,0,,27
fixed_limit_1,fixed,"1,3,6,2",3,120,9283007,28,4,730,2008.0,0,0,120.0,0.0,0,0,0,,25
fixed_limit_1,fixed,"2,1,3,6",0,120,9283008,28,4,730,3004.0,0,0,120.0,0.0,0,0,0,,23
fixed_limit_1,fixed,"1,2,3,6",1,120,9283009,28,4,730,2248.0,0,0,120.0,0.0,0,0,0,,21
fixed_limit_1,fixed,"2,1,3,6",0,400,9283000,28,4,730,198.0,0,0,390.0,10.0,4,0,0,,19
fixed_limit_1,fixed,"1,2,3,6",1,400,9283001,28,4,730,73.0,0,0,390.0,10.0,13,0,0,,21
fixed_limit_1,fixed,"1,3,2,6",2,400,9283002,28,4,730,139.0,0,0,400.0,0.0,15,0,0,,26
fixed_limit_1,fixed,"1,3,6,2",3,400,9283003,28,4,730,253.0,0,0,390.0,10.0,5,0,0,,22
fixed_limit_1,fixed,"2,1,3,6",0,400,9283004,28,4,730,159.0,0,0,400.0,0.0,10,0,0,,28
fixed_limit_1,fixed,"1,2,3,6",1,400,9283005,28,4,730,395.0,0,0,390.0,10.0,20,0,0,,20
fixed_limit_1,fixed,"1,3,6,2",3,400,9283007,28,4,730,357.0,0,0,400.0,0.0,7,0,0,,27
fixed_limit_1,fixed,"1,3,2,6",2,400,9283006,28,4,730,271.0,0,0,390.0,10.0,14,0,0,,20
fixed_limit_1,fixed,"1,2,3,6",1,400,9283009,28,4,730,337.0,0,0,390.0,10.0,6,0,0,,19
fixed_limit_1,fixed,"2,1,3,6",0,400,9283008,28,4,730,88.0,0,0,390.0,10.0,7,0,0,,22
fixed_limit_1,fixed,"2,3,4,7",0,120,9283000,28,4,730,3728.0,0,0,120.0,0.0,0,0,0,,18
fixed_limit_1,fixed,"3,2,4,7",1,120,9283001,28,4,730,4607.0,0,0,120.0,0.0,0,0,0,,18
fixed_limit_1,fixed,"3,4,7,2",3,120,9283003,28,4,730,3817.0,0,0,120.0,0.0,0,0,0,,16
fixed_limit_1,fixed,"2,3,4,7",0,120,9283004,28,4,730,3721.0,0,0,120.0,0.0,0,0,0,,16
fixed_limit_1,fixed,"3,4,2,7",2,120,9283002,28,4,730,3851.0,0,0,120.0,0.0,0,0,0,,19
fixed_limit_1,fixed,"3,2,4,7",1,120,9283005,28,4,730,4458.0,0,0,120.0,0.0,0,0,0,,19
fixed_limit_1,fixed,"3,4,7,2",3,120,9283007,28,4,730,3615.0,0,0,120.0,0.0,0,0,0,,16
fixed_limit_1,fixed,"3,4,2,7",2,120,9283006,28,4,730,1431.0,0,0,120.0,0.0,0,0,0,,19
fixed_limit_1,fixed,"2,3,4,7",0,120,9283008,28,4,730,3525.0,0,0,120.0,0.0,0,0,0,,15
fixed_limit_1,fixed,"3,2,4,7",1,120,9283009,28,4,730,1476.0,0,0,120.0,0.0,0,0,0,,20
fixed_limit_1,fixed,"2,3,4,7",0,400,9283000,28,4,730,816.0,0,0,400.0,0.0,28,0,0,,26
fixed_limit_1,fixed,"3,2,4,7",1,400,9283001,28,4,730,748.0,0,0,400.0,0.0,20,0,0,,22
fixed_limit_1,fixed,"3,4,7,2",3,400,9283003,28,4,730,860.0,0,0,400.0,0.0,15,0,0,,24
fixed_limit_1,fixed,"3,4,2,7",2,400,9283002,28,4,730,986.0,0,0,400.0,0.0,17,0,0,,25
fixed_limit_1,fixed,"2,3,4,7",0,400,9283004,28,4,730,1066.0,0,0,400.0,0.0,25,0,0,,24
fixed_limit_1,fixed,"3,2,4,7",1,400,9283005,28,4,730,960.0,0,0,400.0,0.0,16,0,0,,28
fixed_limit_1,fixed,"3,4,2,7",2,400,9283006,28,4,730,620.0,0,0,400.0,0.0,23,0,0,,24
fixed_limit_1,fixed,"3,4,7,2",3,400,9283007,28,4,730,545.0,0,0,400.0,0.0,22,0,0,,25
fixed_limit_1,fixed,"2,4,6,8",0,120,9283000,28,4,730,4153.0,0,0,120.0,0.0,0,0,0,,20
fixed_limit_1,fixed,"4,2,6,8",1,120,9283001,28,4,730,4536.0,0,0,120.0,0.0,0,0,0,,18
fixed_limit_1,fixed,"4,6,2,8",2,120,9283002,28,4,730,4644.0,0,0,120.0,0.0,0,0,0,,21
fixed_limit_1,fixed,"4,6,8,2",3,120,9283003,28,4,730,4078.0,0,0,120.0,0.0,0,0,0,,17
fixed_limit_1,fixed,"2,4,6,8",0,120,9283004,28,4,730,3849.0,0,5,120.0,0.0,0,0,0,,13
fixed_limit_1,fixed,"4,2,6,8",1,120,9283005,28,4,730,4401.0,0,0,120.0,0.0,0,0,0,,20
fixed_limit_1,fixed,"4,6,2,8",2,120,9283006,28,4,730,4050.0,0,0,120.0,0.0,0,0,0,,19
fixed_limit_1,fixed,"4,6,8,2",3,120,9283007,28,4,730,4636.0,0,0,120.0,0.0,0,0,0,,14
fixed_limit_1,fixed,"2,4,6,8",0,120,9283008,28,4,730,4196.0,0,0,120.0,0.0,0,0,0,,21
fixed_limit_1,fixed,"4,2,6,8",1,120,9283009,28,4,730,4589.0,0,0,120.0,0.0,0,0,0,,17
fixed_limit_1,fixed,"2,4,6,8",0,400,9283000,28,4,730,2670.0,0,0,370.0,30.0,23,0,0,,27
fixed_limit_1,fixed,"4,2,6,8",1,400,9283001,28,4,730,1994.0,0,0,370.0,30.0,39,0,0,,23
fixed_limit_1,fixed,"4,6,2,8",2,400,9283002,28,4,730,2047.0,0,0,370.0,30.0,32,0,0,,28
fixed_limit_1,fixed,"4,6,8,2",3,400,9283003,28,4,730,2765.0,0,0,370.0,30.0,30,0,0,,26
fixed_limit_1,fixed,"2,4,6,8",0,400,9283004,28,4,730,2314.0,0,0,370.0,30.0,30,0,0,,24
fixed_limit_1,fixed,"4,2,6,8",1,400,9283005,28,4,730,1796.0,0,0,370.0,30.0,26,0,0,,28
fixed_limit_1,fixed,"4,6,2,8",2,400,9283006,28,4,730,2330.0,0,0,370.0,30.0,27,0,0,,27
fixed_limit_1,fixed,"4,6,8,2",3,400,9283007,28,4,730,2190.0,0,0,370.0,30.0,31,0,0,,27
fixed_limit_1,fixed,"2,4,6,8",0,400,9283008,28,4,730,2190.0,0,0,370.0,30.0,34,0,0,,27
fixed_limit_1,fixed,"2,6,7,9",0,120,9283000,28,4,730,3408934.0,52,198,120.0,0.0,0,0,0,,1
fixed_limit_1,fixed,"2,3,4,7",0,400,9283008,28,4,730,792.0,0,0,400.0,0.0,11,0,0,,26
fixed_limit_1,fixed,"3,2,4,7",1,400,9283009,28,4,730,926.0,0,0,400.0,0.0,16,0,0,,27
fixed_limit_1,fixed,"4,2,6,8",1,400,9283009,28,4,730,2421.0,0,0,370.0,30.0,19,0,0,,26
fixed_limit_1,fixed,"6,2,7,9",1,120,9283001,28,4,730,2558350.0,39,181,120.0,0.0,0,0,0,,3
fixed_limit_1,fixed,"6,7,2,9",2,120,9283002,28,4,730,2233101.0,34,123,120.0,0.0,0,0,0,,1
fixed_limit_1,fixed,"6,7,9,2",3,120,9283003,28,4,730,3213265.0,49,187,120.0,0.0,0,0,0,,1
fixed_limit_1,fixed,"2,6,7,9",0,120,9283004,28,4,730,2688167.0,41,147,120.0,0.0,0,0,0,,2
fixed_limit_1,fixed,"6,2,7,9",1,120,9283005,28,4,730,2167041.0,33,118,120.0,0.0,0,0,0,,1
fixed_limit_1,fixed,"6,7,2,9",2,120,9283006,28,4,730,2298348.0,35,147,120.0,0.0,0,0,0,,1
fixed_limit_1,fixed,"6,7,9,2",3,120,9283007,28,4,730,1577950.0,24,94,120.0,0.0,0,0,0,,2
fixed_limit_1,fixed,"2,6,7,9",0,120,9283008,28,4,730,3803415.0,58,217,120.0,0.0,0,0,0,,1
fixed_limit_1,fixed,"6,2,7,9",1,120,9283009,28,4,730,2885086.0,44,171,120.0,0.0,0,0,0,,2
fixed_limit_1,fixed,"2,6,7,9",0,400,9283000,28,4,730,1078.0,0,0,400.0,0.0,10,0,0,,27
fixed_limit_1,fixed,"6,2,7,9",1,400,9283001,28,4,730,1471.0,0,0,400.0,0.0,13,0,0,,25
fixed_limit_1,fixed,"6,7,2,9",2,400,9283002,28,4,730,1284.0,0,0,400.0,0.0,12,0,0,,23
fixed_limit_1,fixed,"6,7,9,2",3,400,9283003,28,4,730,1357.0,0,0,400.0,0.0,11,0,0,,23
fixed_limit_1,fixed,"2,6,7,9",0,400,9283004,28,4,730,1440.0,0,0,400.0,0.0,11,0,0,,26
fixed_limit_1,fixed,"6,2,7,9",1,400,9283005,28,4,730,886.0,0,0,400.0,0.0,5,0,0,,22
fixed_limit_1,fixed,"6,7,2,9",2,400,9283006,28,4,730,1174.0,0,0,400.0,0.0,13,0,0,,26
fixed_limit_1,fixed,"6,7,9,2",3,400,9283007,28,4,730,1126.0,0,0,400.0,0.0,11,0,0,,22
fixed_limit_1,fixed,"2,6,7,9",0,400,9283008,28,4,730,1012.0,0,0,400.0,0.0,6,0,0,,26
fixed_limit_1,fixed,"6,2,7,9",1,400,9283009,28,4,730,1255.0,0,0,400.0,0.0,14,0,0,,26
fixed_limit_1,fixed,"2,7,8,10",0,120,9283000,28,4,730,2019.0,0,0,120.0,0.0,0,0,0,,22
fixed_limit_1,fixed,"7,2,8,10",1,120,9283001,28,4,730,1891.0,0,0,120.0,0.0,0,0,0,,22
fixed_limit_1,fixed,"7,8,2,10",2,120,9283002,28,4,730,771.0,0,0,120.0,0.0,0,0,0,,26
fixed_limit_1,fixed,"7,8,10,2",3,120,9283003,28,4,730,2577.0,0,0,120.0,0.0,0,0,0,,22
fixed_limit_1,fixed,"2,7,8,10",0,120,9283004,28,4,730,1651.0,0,0,120.0,0.0,0,0,0,,24
fixed_limit_1,fixed,"7,2,8,10",1,120,9283005,28,4,730,1589.0,0,0,120.0,0.0,0,0,0,,23
fixed_limit_1,fixed,"7,8,2,10",2,120,9283006,28,4,730,1948.0,0,0,120.0,0.0,0,0,0,,19
fixed_limit_1,fixed,"7,8,10,2",3,120,9283007,28,4,730,1852.0,0,0,120.0,0.0,0,0,0,,22
fixed_limit_1,fixed,"7,2,8,10",1,120,9283009,28,4,730,2169.0,0,0,120.0,0.0,0,0,0,,20
fixed_limit_1,fixed,"2,7,8,10",0,120,9283008,28,4,730,1069.0,0,0,120.0,0.0,0,0,0,,16
fixed_limit_1,fixed,"2,7,8,10",0,400,9283000,28,4,730,511.0,0,0,400.0,0.0,15,0,0,,25
fixed_limit_1,fixed,"7,2,8,10",1,400,9283001,28,4,730,572.0,0,0,400.0,0.0,4,0,0,,26
fixed_limit_1,fixed,"7,8,2,10",2,400,9283002,28,4,730,368.0,0,0,400.0,0.0,16,0,0,,26
fixed_limit_1,fixed,"7,8,10,2",3,400,9283003,28,4,730,549.0,0,0,400.0,0.0,14,0,0,,24
fixed_limit_1,fixed,"2,7,8,10",0,400,9283004,28,4,730,651.0,0,0,400.0,0.0,12,0,0,,28
fixed_limit_1,fixed,"7,2,8,10",1,400,9283005,28,4,730,500.0,0,0,400.0,0.0,18,0,0,,20
fixed_limit_1,fixed,"7,8,2,10",2,400,9283006,28,4,730,513.0,0,0,400.0,0.0,9,0,0,,22
fixed_limit_1,fixed,"7,8,10,2",3,400,9283007,28,4,730,218.0,0,0,400.0,0.0,15,0,0,,22
fixed_limit_1,fixed,"2,7,8,10",0,400,9283008,28,4,730,408.0,0,0,400.0,0.0,17,0,0,,24
fixed_limit_1,fixed,"7,2,8,10",1,400,9283009,28,4,730,510.0,0,0,400.0,0.0,9,0,0,,21
fixed_limit_1,fixed,"2,8,9,1",0,120,9283000,28,4,730,1643633.0,25,104,120.0,0.0,0,0,0,,1
fixed_limit_1,fixed,"8,2,9,1",1,120,9283001,28,4,730,1642975.0,25,82,120.0,0.0,0,0,0,,4
fixed_limit_1,fixed,"8,9,2,1",2,120,9283002,28,4,730,1840453.0,28,100,120.0,0.0,0,0,0,,3
fixed_limit_1,fixed,"8,9,1,2",3,120,9283003,28,4,730,1184086.0,18,79,120.0,0.0,0,0,0,,4
fixed_limit_1,fixed,"2,8,9,1",0,120,9283004,28,4,730,1118305.0,17,60,120.0,0.0,0,0,0,,5
fixed_limit_1,fixed,"8,2,9,1",1,120,9283005,28,4,730,3082350.0,47,192,120.0,0.0,0,0,0,,1
fixed_limit_1,fixed,"8,9,2,1",2,120,9283006,28,4,730,3412444.0,52,191,120.0,0.0,0,0,0,,1
fixed_limit_1,fixed,"8,9,1,2",3,120,9283007,28,4,730,3015924.0,46,193,120.0,0.0,0,0,0,,1
fixed_limit_1,fixed,"2,8,9,1",0,120,9283008,28,4,730,529619.0,8,55,120.0,0.0,0,0,0,,2
fixed_limit_1,fixed,"8,2,9,1",1,120,9283009,28,4,730,2295783.0,35,166,120.0,0.0,0,0,0,,1
fixed_limit_1,fixed,"2,8,9,1",0,400,9283000,28,4,730,1190.0,0,0,400.0,0.0,10,0,0,,27
fixed_limit_1,fixed,"8,2,9,1",1,400,9283001,28,4,730,973.0,0,0,400.0,0.0,11,0,0,,22
fixed_limit_1,fixed,"8,9,2,1",2,400,9283002,28,4,730,1822.0,0,0,400.0,0.0,9,0,0,,24
fixed_limit_1,fixed,"8,9,1,2",3,400,9283003,28,4,730,1185.0,0,0,400.0,0.0,9,0,0,,21
fixed_limit_1,fixed,"8,2,9,1",1,400,9283005,28,4,730,1176.0,0,0,400.0,0.0,8,0,0,,23
fixed_limit_1,fixed,"2,8,9,1",0,400,9283004,28,4,730,1113.0,0,0,400.0,0.0,6,0,0,,27
fixed_limit_1,fixed,"8,9,2,1",2,400,9283006,28,4,730,882.0,0,0,400.0,0.0,10,0,0,,27
fixed_limit_1,fixed,"8,9,1,2",3,400,9283007,28,4,730,924.0,0,0,400.0,0.0,10,0,0,,27
fixed_limit_1,fixed,"2,8,9,1",0,400,9283008,28,4,730,819.0,0,0,400.0,0.0,13,0,0,,26
fixed_limit_1,fixed,"8,2,9,1",1,400,9283009,28,4,730,841.0,0,0,400.0,0.0,12,0,0,,23
fixed_limit_1,fixed,"9,10,2,3",2,120,9283002,28,4,730,1774009.0,27,116,120.0,0.0,0,0,0,,2
fixed_limit_1,fixed,"2,9,10,3",0,120,9283000,28,4,730,1577993.0,24,85,120.0,0.0,0,0,0,,3
fixed_limit_1,fixed,"9,10,3,2",3,120,9283003,28,4,730,1643251.0,25,103,120.0,0.0,0,0,0,,2
fixed_limit_1,fixed,"9,2,10,3",1,120,9283001,28,4,730,1381557.0,21,98,120.0,0.0,0,0,0,,1
fixed_limit_1,fixed,"2,9,10,3",0,120,9283004,28,4,730,2950270.0,45,183,120.0,0.0,0,0,0,,1
fixed_limit_1,fixed,"9,2,10,3",1,120,9283005,28,4,730,1577812.0,24,93,120.0,0.0,0,0,0,,2
fixed_limit_1,fixed,"9,10,2,3",2,120,9283006,28,4,730,2885916.0,44,176,120.0,0.0,0,0,0,,1
fixed_limit_1,fixed,"2,9,10,3",0,120,9283008,28,4,730,1512731.0,23,89,120.0,0.0,0,0,0,,2
fixed_limit_1,fixed,"9,10,3,2",3,120,9283007,28,4,730,2167049.0,33,129,120.0,0.0,0,0,0,,1
fixed_limit_1,fixed,"2,9,10,3",0,400,9283000,28,4,730,711.0,0,0,400.0,0.0,9,0,0,,23
fixed_limit_1,fixed,"9,2,10,3",1,120,9283009,28,4,730,1446111.0,22,93,120.0,0.0,0,0,0,,1
fixed_limit_1,fixed,"9,2,10,3",1,400,9283001,28,4,730,1323.0,0,0,400.0,0.0,9,0,0,,25
fixed_limit_1,fixed,"9,10,3,2",3,400,9283003,28,4,730,1175.0,0,0,400.0,0.0,12,0,0,,28
fixed_limit_1,fixed,"9,10,2,3",2,400,9283002,28,4,730,1078.0,0,0,400.0,0.0,9,0,0,,25
fixed_limit_1,fixed,"2,9,10,3",0,400,9283004,28,4,730,763.0,0,0,400.0,0.0,12,0,0,,25
fixed_limit_1,fixed,"9,2,10,3",1,400,9283005,28,4,730,1038.0,0,0,400.0,0.0,10,0,0,,22
fixed_limit_1,fixed,"9,10,2,3",2,400,9283006,28,4,730,596.0,0,0,400.0,0.0,5,0,0,,24
fixed_limit_1,fixed,"2,10,1,4",0,120,9283000,28,4,730,3582.0,0,0,120.0,0.0,0,0,0,,18
fixed_limit_1,fixed,"9,10,3,2",3,400,9283007,28,4,730,817.0,0,0,400.0,0.0,4,0,0,,25
fixed_limit_1,fixed,"10,2,1,4",1,120,9283001,28,4,730,4169.0,0,0,120.0,0.0,0,0,0,,20
fixed_limit_1,fixed,"10,1,2,4",2,120,9283002,28,4,730,2426.0,0,0,120.0,0.0,0,0,0,,17
fixed_limit_1,fixed,"10,1,4,2",3,120,9283003,28,4,730,2444.0,0,0,120.0,0.0,0,0,0,,20
fixed_limit_1,fixed,"2,10,1,4",0,120,9283004,28,4,730,5052.0,0,0,120.0,0.0,0,0,0,,22
fixed_limit_1,fixed,"10,2,1,4",1,120,9283005,28,4,730,4219.0,0,0,120.0,0.0,0,0,0,,23
fixed_limit_1,fixed,"10,1,2,4",2,120,9283006,28,4,730,3879.0,0,0,120.0,0.0,0,0,0,,17
fixed_limit_1,fixed,"10,1,4,2",3,120,9283007,28,4,730,2915.0,0,0,120.0,0.0,0,0,0,,21
fixed_limit_1,fixed,"2,10,1,4",0,120,9283008,28,4,730,3774.0,0,0,120.0,0.0,0,0,0,,21
fixed_limit_1,fixed,"10,2,1,4",1,120,9283009,28,4,730,4469.0,0,0,120.0,0.0,0,0,0,,22
fixed_limit_1,fixed,"2,10,1,4",0,400,9283000,28,4,730,1198.0,0,0,400.0,0.0,19,0,0,,22
fixed_limit_1,fixed,"10,2,1,4",1,400,9283001,28,4,730,1342.0,0,0,400.0,0.0,20,0,0,,26
fixed_limit_1,fixed,"10,1,2,4",2,400,9283002,28,4,730,1145.0,0,0,400.0,0.0,14,0,0,,26
fixed_limit_1,fixed,"10,1,4,2",3,400,9283003,28,4,730,947.0,0,0,400.0,0.0,25,0,0,,23
fixed_limit_1,fixed,"2,10,1,4",0,400,9283004,28,4,730,671.0,0,0,400.0,0.0,35,0,0,,28
fixed_limit_1,fixed,"10,2,1,4",1,400,9283005,28,4,730,1287.0,0,0,400.0,0.0,14,0,0,,26
fixed_limit_1,fixed,"10,1,2,4",2,400,9283006,28,4,730,1618.0,0,0,400.0,0.0,11,0,0,,28
fixed_limit_1,fixed,"10,1,4,2",3,400,9283007,28,4,730,1224.0,0,0,400.0,0.0,20,0,0,,23
fixed_limit_1,fixed,"2,10,1,4",0,400,9283008,28,4,730,1445.0,0,0,400.0,0.0,17,0,0,,27
fixed_limit_1,fixed,"2,1,1,1",0,120,9283000,28,4,730,2529.0,0,0,120.0,0.0,0,0,0,,24
fixed_limit_1,fixed,"10,2,1,4",1,400,9283009,28,4,730,826.0,0,0,400.0,0.0,27,0,0,,24
fixed_limit_1,fixed,"1,2,1,1",1,120,9283001,28,4,730,1488.0,0,0,120.0,0.0,0,0,0,,23
fixed_limit_1,fixed,"1,1,2,1",2,120,9283002,28,4,730,1807.0,0,0,120.0,0.0,0,0,0,,25
fixed_limit_1,fixed,"1,1,1,2",3,120,9283003,28,4,730,2189.0,0,0,120.0,0.0,0,0,0,,24
fixed_limit_1,fixed,"2,1,1,1",0,120,9283004,28,4,730,2156.0,0,0,120.0,0.0,0,0,0,,22
fixed_limit_1,fixed,"1,2,1,1",1,120,9283005,28,4,730,2498.0,0,0,120.0,0.0,0,0,0,,21
fixed_limit_1,fixed,"1,1,2,1",2,120,9283006,28,4,730,2060.0,0,0,120.0,0.0,0,0,0,,23
fixed_limit_1,fixed,"1,1,1,2",3,120,9283007,28,4,730,1859.0,0,0,120.0,0.0,0,0,0,,23
fixed_limit_1,fixed,"2,1,1,1",0,120,9283008,28,4,730,1918.0,0,0,120.0,0.0,0,0,0,,24
fixed_limit_1,fixed,"1,2,1,1",1,120,9283009,28,4,730,1782.0,0,0,120.0,0.0,0,0,0,,26
fixed_limit_1,fixed,"2,1,1,1",0,400,9283000,28,4,730,395.0,0,0,400.0,0.0,7,0,0,,26
fixed_limit_1,fixed,"1,2,1,1",1,400,9283001,28,4,730,159.0,0,0,400.0,0.0,10,0,0,,26
fixed_limit_1,fixed,"1,1,2,1",2,400,9283002,28,4,730,254.0,0,0,400.0,0.0,8,0,0,,24
fixed_limit_1,fixed,"1,1,1,2",3,400,9283003,28,4,730,204.0,0,0,400.0,0.0,6,0,0,,26
fixed_limit_1,fixed,"2,1,1,1",0,400,9283004,28,4,730,285.0,0,0,400.0,0.0,11,0,0,,27
fixed_limit_1,fixed,"1,2,1,1",1,400,9283005,28,4,730,183.0,0,0,400.0,0.0,14,0,0,,24
fixed_limit_1,fixed,"1,1,2,1",2,400,9283006,28,4,730,97.0,0,0,400.0,0.0,11,0,0,,28
fixed_limit_1,fixed,"1,1,1,2",3,400,9283007,28,4,730,151.0,0,0,400.0,0.0,17,0,0,,25
fixed_limit_1,fixed,"2,1,1,1",0,400,9283008,28,4,730,108.0,0,0,390.0,10.0,17,0,0,,18
fixed_limit_1,fixed,"1,2,1,1",1,400,9283009,28,4,730,175.0,0,0,400.0,0.0,14,0,0,,27
fixed_limit_1,fixed,"2,9,10,3",0,400,9283008,28,4,730,900.0,0,0,400.0,0.0,7,0,0,,27
fixed_limit_1,fixed,"9,2,10,3",1,400,9283009,28,4,730,970.0,0,0,400.0,0.0,11,0,0,,22
fixed_limit_1,fixed,"2,3,3,3",0,120,9283000,28,4,730,2252.0,0,0,120.0,0.0,0,0,0,,27
fixed_limit_1,fixed,"3,2,3,3",1,120,9283001,28,4,730,1525.0,0,0,120.0,0.0,0,0,0,,19
fixed_limit_1,fixed,"3,3,2,3",2,120,9283002,28,4,730,2147.0,0,0,110.0,10.0,0,0,0,,23
fixed_limit_1,fixed,"3,3,3,2",3,120,9283003,28,4,730,2046.0,0,0,110.0,10.0,0,0,0,,18
fixed_limit_1,fixed,"2,3,3,3",0,120,9283004,28,4,730,1712.0,0,0,120.0,0.0,0,0,0,,22
fixed_limit_1,fixed,"3,2,3,3",1,120,9283005,28,4,730,1900.0,0,0,120.0,0.0,0,0,0,,26
fixed_limit_1,fixed,"3,3,2,3",2,120,9283006,28,4,730,2033.0,0,0,120.0,0.0,0,0,0,,22
fixed_limit_1,fixed,"3,3,3,2",3,120,9283007,28,4,730,2374.0,0,0,120.0,0.0,0,0,0,,22
fixed_limit_1,fixed,"2,3,3,3",0,120,9283008,28,4,730,1898.0,0,0,120.0,0.0,0,0,0,,22
fixed_limit_1,fixed,"3,2,3,3",1,120,9283009,28,4,730,3319.0,0,0,110.0,10.0,0,0,0,,22
fixed_limit_1,fixed,"2,3,3,3",0,400,9283000,28,4,730,38.0,0,0,350.0,50.0,1,0,0,,24
fixed_limit_1,fixed,"3,2,3,3",1,400,9283001,28,4,730,19.0,0,0,350.0,50.0,3,0,0,,24
fixed_limit_1,fixed,"3,3,2,3",2,400,9283002,28,4,730,0.0,0,0,340.0,60.0,1,0,0,,24
fixed_limit_1,fixed,"2,3,3,3",0,400,9283004,28,4,730,143.0,0,0,350.0,50.0,2,0,0,,26
fixed_limit_1,fixed,"3,3,3,2",3,400,9283003,28,4,730,123.0,0,0,350.0,50.0,4,0,0,,24
fixed_limit_1,fixed,"2,4,4,4",0,120,9283000,28,4,730,3231.0,0,0,120.0,0.0,0,0,0,,15
fixed_limit_1,fixed,"4,2,4,4",1,120,9283001,28,4,730,4704.0,0,0,120.0,0.0,0,0,0,,24
fixed_limit_1,fixed,"3,2,3,3",1,400,9283005,28,4,730,40.0,0,0,350.0,50.0,2,0,0,,24
fixed_limit_1,fixed,"4,4,2,4",2,120,9283002,28,4,730,3896.0,0,0,120.0,0.0,0,0,0,,19
fixed_limit_1,fixed,"4,4,4,2",3,120,9283003,28,4,730,4498.0,0,0,120.0,0.0,0,0,0,,24
fixed_limit_1,fixed,"2,4,4,4",0,120,9283004,28,4,730,3284.0,0,0,120.0,0.0,0,0,0,,18
fixed_limit_1,fixed,"4,2,4,4",1,120,9283005,28,4,730,4340.0,0,0,120.0,0.0,0,0,0,,20
fixed_limit_1,fixed,"4,4,2,4",2,120,9283006,28,4,730,5129.0,0,0,120.0,0.0,0,0,0,,16
fixed_limit_1,fixed,"4,4,4,2",3,120,9283007,28,4,730,4506.0,0,0,120.0,0.0,0,0,0,,20
fixed_limit_1,fixed,"2,4,4,4",0,120,9283008,28,4,730,4250.0,0,0,120.0,0.0,0,0,0,,17
fixed_limit_1,fixed,"4,2,4,4",1,120,9283009,28,4,730,3323.0,0,0,120.0,0.0,0,0,0,,23
fixed_limit_1,fixed,"2,4,4,4",0,400,9283000,28,4,730,2895.0,0,0,210.0,190.0,28,0,0,,27
fixed_limit_1,fixed,"4,2,4,4",1,400,9283001,28,4,730,2667.0,0,0,200.0,200.0,34,0,0,,21
fixed_limit_1,fixed,"4,4,2,4",2,400,9283002,28,4,730,3465.0,0,0,210.0,190.0,38,0,0,,23
fixed_limit_1,fixed,"4,4,4,2",3,400,9283003,28,4,730,2133.0,0,0,210.0,190.0,37,0,0,,23
fixed_limit_1,fixed,"2,4,4,4",0,400,9283004,28,4,730,3125.0,0,0,200.0,200.0,33,0,0,,25
fixed_limit_1,fixed,"4,2,4,4",1,400,9283005,28,4,730,3188.0,0,0,200.0,200.0,31,0,0,,27
fixed_limit_1,fixed,"4,4,2,4",2,400,9283006,28,4,730,3894.0,0,0,200.0,200.0,25,0,0,,22
fixed_limit_1,fixed,"4,4,4,2",3,400,9283007,28,4,730,3521.0,0,0,200.0,200.0,25,0,0,,22
fixed_limit_1,fixed,"2,4,4,4",0,400,9283008,28,4,730,3373.0,0,0,210.0,190.0,35,0,0,,25
fixed_limit_1,fixed,"4,2,4,4",1,400,9283009,28,4,730,3333.0,0,0,210.0,190.0,33,0,0,,26
fixed_limit_1,fixed,"3,3,2,3",2,400,9283006,28,4,730,76.0,0,0,340.0,60.0,1,0,0,,26
fixed_limit_1,fixed,"2,6,6,6",0,120,9283000,28,4,730,1863.0,0,0,120.0,0.0,0,0,0,,21
fixed_limit_1,fixed,"3,3,3,2",3,400,9283007,28,4,730,113.0,0,0,350.0,50.0,1,0,0,,24
fixed_limit_1,fixed,"6,2,6,6",1,120,9283001,28,4,730,1639.0,0,0,120.0,0.0,0,0,0,,25
fixed_limit_1,fixed,"6,6,2,6",2,120,9283002,28,4,730,2942.0,0,0,120.0,0.0,0,0,0,,24
fixed_limit_1,fixed,"6,6,6,2",3,120,9283003,28,4,730,3884.0,0,0,120.0,0.0,0,0,0,,22
fixed_limit_1,fixed,"2,6,6,6",0,120,9283004,28,4,730,909.0,0,0,120.0,0.0,0,0,0,,18
fixed_limit_1,fixed,"6,2,6,6",1,120,9283005,28,4,730,1417.0,0,0,120.0,0.0,0,0,0,,21
fixed_limit_1,fixed,"6,6,2,6",2,120,9283006,28,4,730,3315.0,0,0,120.0,0.0,0,0,0,,22
fixed_limit_1,fixed,"6,6,6,2",3,120,9283007,28,4,730,3925.0,0,0,120.0,0.0,0,0,0,,25
fixed_limit_1,fixed,"2,6,6,6",0,120,9283008,28,4,730,3569.0,0,0,120.0,0.0,0,0,0,,24
fixed_limit_1,fixed,"6,2,6,6",1,120,9283009,28,4,730,2911.0,0,0,120.0,0.0,0,0,0,,21
fixed_limit_1,fixed,"2,6,6,6",0,400,9283000,28,4,730,0.0,0,0,140.0,260.0,8,0,0,,24
fixed_limit_1,fixed,"6,2,6,6",1,400,9283001,28,4,730,92.0,0,0,170.0,230.0,16,0,0,,22
fixed_limit_1,fixed,"6,6,2,6",2,400,9283002,28,4,730,472.0,0,0,190.0,210.0,21,0,0,,24
fixed_limit_1,fixed,"6,6,6,2",3,400,9283003,28,4,730,312.0,0,0,170.0,230.0,13,0,0,,23
fixed_limit_1,fixed,"2,6,6,6",0,400,9283004,28,4,730,261.0,0,0,170.0,230.0,21,0,0,,21
fixed_limit_1,fixed,"6,2,6,6",1,400,9283005,28,4,730,72.0,0,0,160.0,240.0,12,0,0,,20
fixed_limit_1,fixed,"6,6,2,6",2,400,9283006,28,4,730,50.0,0,0,180.0,220.0,13,0,0,,23
fixed_limit_1,fixed,"6,6,6,2",3,400,9283007,28,4,730,272.0,0,0,180.0,220.0,10,0,0,,25
fixed_limit_1,fixed,"2,6,6,6",0,400,9283008,28,4,730,56.0,0,0,170.0,230.0,14,0,0,,22
fixed_limit_1,fixed,"2,7,7,7",0,120,9283000,28,4,730,837.0,0,0,120.0,0.0,0,0,0,,21
fixed_limit_1,fixed,"7,2,7,7",1,120,9283001,28,4,730,593.0,0,0,120.0,0.0,0,0,0,,22
fixed_limit_1,fixed,"7,7,2,7",2,120,9283002,28,4,730,874.0,0,0,120.0,0.0,0,0,0,,21
fixed_limit_1,fixed,"7,7,7,2",3,120,9283003,28,4,730,913.0,0,0,120.0,0.0,0,0,0,,22
fixed_limit_1,fixed,"2,7,7,7",0,120,9283004,28,4,730,841.0,0,0,120.0,0.0,0,0,0,,19
fixed_limit_1,fixed,"6,2,6,6",1,400,9283009,28,4,730,10.0,0,0,140.0,260.0,10,0,0,,23
fixed_limit_1,fixed,"7,2,7,7",1,120,9283005,28,4,730,1452.0,0,0,120.0,0.0,0,0,0,,26
fixed_limit_1,fixed,"7,7,2,7",2,120,9283006,28,4,730,1152.0,0,0,120.0,0.0,0,0,0,,21
fixed_limit_1,fixed,"7,7,7,2",3,120,9283007,28,4,730,340.0,0,0,120.0,0.0,0,0,0,,21
fixed_limit_1,fixed,"2,7,7,7",0,120,9283008,28,4,730,152.0,0,0,120.0,0.0,0,0,0,,25
fixed_limit_1,fixed,"7,2,7,7",1,120,9283009,28,4,730,1149.0,0,0,120.0,0.0,0,0,0,,20
fixed_limit_1,fixed,"2,7,7,7",0,400,9283000,28,4,730,320.0,0,0,400.0,0.0,12,0,0,,25
fixed_limit_1,fixed,"7,2,7,7",1,400,9283001,28,4,730,393.0,0,0,400.0,0.0,9,0,0,,19
fixed_limit_1,fixed,"7,7,2,7",2,400,9283002,28,4,730,206.0,0,0,400.0,0.0,11,0,0,,22
fixed_limit_1,fixed,"7,7,7,2",3,400,9283003,28,4,730,565.0,0,0,400.0,0.0,14,0,0,,23
fixed_limit_1,fixed,"2,7,7,7",0,400,9283004,28,4,730,117.0,0,0,400.0,0.0,12,0,0,,27
fixed_limit_1,fixed,"7,2,7,7",1,400,9283005,28,4,730,556.0,0,0,400.0,0.0,17,0,0,,19
fixed_limit_1,fixed,"7,7,2,7",2,400,9283006,28,4,730,481.0,0,0,400.0,0.0,13,0,0,,24
fixed_limit_1,fixed,"7,7,7,2",3,400,9283007,28,4,730,154.0,0,0,400.0,0.0,9,0,0,,21
fixed_limit_1,fixed,"2,7,7,7",0,400,9283008,28,4,730,124.0,0,0,400.0,0.0,7,0,0,,22
fixed_limit_1,fixed,"7,2,7,7",1,400,9283009,28,4,730,230.0,0,0,400.0,0.0,12,0,0,,22
fixed_limit_1,fixed,"2,8,8,8",0,120,9283000,28,4,730,2026.0,0,0,120.0,0.0,0,0,0,,27
fixed_limit_1,fixed,"8,2,8,8",1,120,9283001,28,4,730,1142.0,0,0,120.0,0.0,0,0,0,,26
fixed_limit_1,fixed,"8,8,2,8",2,120,9283002,28,4,730,2964.0,0,0,120.0,0.0,0,0,0,,24
fixed_limit_1,fixed,"8,8,8,2",3,120,9283003,28,4,730,3029.0,0,0,120.0,0.0,0,0,0,,26
fixed_limit_1,fixed,"2,8,8,8",0,120,9283004,28,4,730,1810.0,0,0,120.0,0.0,0,0,0,,26
fixed_limit_1,fixed,"8,2,8,8",1,120,9283005,28,4,730,1821.0,0,0,120.0,0.0,0,0,0,,23
fixed_limit_1,fixed,"8,8,2,8",2,120,9283006,28,4,730,1726.0,0,0,120.0,0.0,0,0,0,,21
fixed_limit_1,fixed,"8,8,8,2",3,120,9283007,28,4,730,2228.0,0,0,120.0,0.0,0,0,0,,22
fixed_limit_1,fixed,"2,8,8,8",0,120,9283008,28,4,730,1572.0,0,0,120.0,0.0,0,0,0,,22
fixed_limit_1,fixed,"8,2,8,8",1,120,9283009,28,4,730,2650.0,0,0,120.0,0.0,0,0,0,,27
fixed_limit_1,fixed,"2,8,8,8",0,400,9283000,28,4,730,370.0,0,0,370.0,30.0,17,0,0,,24
fixed_limit_1,fixed,"8,2,8,8",1,400,9283001,28,4,730,359.0,0,0,370.0,30.0,11,0,0,,24
fixed_limit_1,fixed,"8,8,2,8",2,400,9283002,28,4,730,300.0,0,0,370.0,30.0,13,0,0,,26
fixed_limit_1,fixed,"8,8,8,2",3,400,9283003,28,4,730,456.0,0,0,370.0,30.0,20,0,0,,22
fixed_limit_1,fixed,"2,8,8,8",0,400,9283004,28,4,730,603.0,0,0,370.0,30.0,15,0,0,,23
fixed_limit_1,fixed,"8,2,8,8",1,400,9283005,28,4,730,1100.0,0,0,370.0,30.0,19,0,0,,25
fixed_limit_1,fixed,"8,8,2,8",2,400,9283006,28,4,730,740.0,0,0,370.0,30.0,17,0,0,,24
fixed_limit_1,fixed,"8,8,8,2",3,400,9283007,28,4,730,408.0,0,0,370.0,30.0,13,0,0,,24
fixed_limit_1,fixed,"2,8,8,8",0,400,9283008,28,4,730,568.0,0,0,370.0,30.0,9,0,0,,24
fixed_limit_1,fixed,"2,9,9,9",0,120,9283000,28,4,730,1967684.0,30,136,120.0,0.0,0,0,0,,1
fixed_limit_1,fixed,"9,2,9,9",1,120,9283001,28,4,730,1774322.0,27,120,120.0,0.0,0,0,0,,1
fixed_limit_1,fixed,"8,2,8,8",1,400,9283009,28,4,730,299.0,0,0,370.0,30.0,14,0,0,,27
fixed_limit_1,fixed,"9,9,2,9",2,120,9283002,28,4,730,1969218.0,30,128,120.0,0.0,0,0,0,,1
fixed_limit_1,fixed,"9,9,9,2",3,120,9283003,28,4,730,1840100.0,28,114,120.0,0.0,0,0,0,,1
fixed_limit_1,fixed,"2,9,9,9",0,120,9283004,28,4,730,2232957.0,34,139,120.0,0.0,0,0,0,,1
fixed_limit_1,fixed,"9,2,9,9",1,120,9283005,28,4,730,2884378.0,44,176,120.0,0.0,0,0,0,,1
fixed_limit_1,fixed,"9,9,2,9",2,120,9283006,28,4,730,3409832.0,52,201,120.0,0.0,0,0,0,,1
fixed_limit_1,fixed,"9,9,9,2",3,120,9283007,28,4,730,2167376.0,33,134,120.0,0.0,0,0,0,,1
fixed_limit_1,fixed,"2,9,9,9",0,120,9283008,28,4,730,2361746.0,36,141,120.0,0.0,0,0,0,,1
fixed_limit_1,fixed,"9,2,9,9",1,120,9283009,28,4,730,1708492.0,26,107,120.0,0.0,0,0,0,,1
fixed_limit_1,fixed,"2,9,9,9",0,400,9283000,28,4,730,1580.0,0,0,400.0,0.0,7,0,0,,23
fixed_limit_1,fixed,"9,2,9,9",1,400,9283001,28,4,730,1440.0,0,0,400.0,0.0,9,0,0,,27
fixed_limit_1,fixed,"9,9,2,9",2,400,9283002,28,4,730,1329.0,0,0,400.0,0.0,9,0,0,,26
fixed_limit_1,fixed,"9,9,9,2",3,400,9283003,28,4,730,1547.0,0,0,400.0,0.0,8,0,0,,25
fixed_limit_1,fixed,"2,9,9,9",0,400,9283004,28,4,730,1308.0,0,0,400.0,0.0,10,0,0,,26
fixed_limit_1,fixed,"9,2,9,9",1,400,9283005,28,4,730,1227.0,0,0,400.0,0.0,4,0,0,,24
fixed_limit_1,fixed,"9,9,2,9",2,400,9283006,28,4,730,1497.0,0,0,400.0,0.0,13,0,0,,27
fixed_limit_1,fixed,"9,9,9,2",3,400,9283007,28,4,730,1320.0,0,0,400.0,0.0,14,0,0,,25
fixed_limit_1,fixed,"2,9,9,9",0,400,9283008,28,4,730,1150.0,0,0,400.0,0.0,12,0,0,,21
fixed_limit_1,fixed,"9,2,9,9",1,400,9283009,28,4,730,1607.0,0,0,390.0,10.0,6,0,0,,22
fixed_limit_1,fixed,"2,10,10,10",0,120,9283000,28,4,730,3221.0,0,0,120.0,0.0,0,0,0,,22
fixed_limit_1,fixed,"10,2,10,10",1,120,9283001,28,4,730,1962.0,0,0,120.0,0.0,0,0,0,,21
fixed_limit_1,fixed,"10,10,2,10",2,120,9283002,28,4,730,2607.0,0,0,120.0,0.0,0,0,0,,20
fixed_limit_1,fixed,"10,10,10,2",3,120,9283003,28,4,730,2375.0,0,0,120.0,0.0,0,0,0,,22
fixed_limit_1,fixed,"2,10,10,10",0,120,9283004,28,4,730,2472.0,0,0,120.0,0.0,0,0,0,,20
fixed_limit_1,fixed,"10,2,10,10",1,120,9283005,28,4,730,1755.0,0,0,120.0,0.0,0,0,0,,25
fixed_limit_1,fixed,"10,10,2,10",2,120,9283006,28,4,730,1963.0,0,0,120.0,0.0,0,0,0,,19
fixed_limit_1,fixed,"10,10,10,2",3,120,9283007,28,4,730,3046.0,0,0,120.0,0.0,0,0,0,,22
fixed_limit_1,fixed,"2,10,10,10",0,120,9283008,28,4,730,2313.0,0,0,120.0,0.0,0,0,0,,21
fixed_limit_1,fixed,"10,2,10,10",1,120,9283009,28,4,730,2402.0,0,0,120.0,0.0,0,0,0,,20
fixed_limit_1,fixed,"2,10,10,10",0,400,9283000,28,4,730,424.0,0,0,400.0,0.0,13,0,0,,21
fixed_limit_1,fixed,"10,2,10,10",1,400,9283001,28,4,730,252.0,0,0,400.0,0.0,8,0,0,,22
fixed_limit_1,fixed,"10,10,2,10",2,400,9283002,28,4,730,176.0,0,0,400.0,0.0,10,0,0,,27
fixed_limit_1,fixed,"10,10,10,2",3,400,9283003,28,4,730,372.0,0,0,400.0,0.0,8,0,0,,24
fixed_limit_1,fixed,"2,10,10,10",0,400,9283004,28,4,730,246.0,0,0,400.0,0.0,8,0,0,,22
fixed_limit_1,fixed,"10,2,10,10",1,400,9283005,28,4,730,277.0,0,0,400.0,0.0,11,0,0,,22
fixed_limit_1,fixed,"10,10,2,10",2,400,9283006,28,4,730,365.0,0,0,400.0,0.0,8,0,0,,26
fixed_limit_1,fixed,"10,10,10,2",3,400,9283007,28,4,730,317.0,0,0,400.0,0.0,12,0,0,,26
fixed_limit_1,fixed,"2,10,10,10",0,400,9283008,28,4,730,253.0,0,0,400.0,0.0,6,0,0,,26
fixed_limit_1,fixed,"10,2,10,10",1,400,9283009,28,4,730,350.0,0,0,400.0,0.0,11,0,0,,25
fixed_limit_1,fixed,"2,3,3,3",0,400,9283008,28,4,730,110.0,0,0,340.0,60.0,4,0,0,,22
fixed_limit_2,fixed,"2,1,3,6",0,120,9283000,28,4,730,2052.0,0,0,120.0,0.0,0,0,0,,24
fixed_limit_2,fixed,"1,2,3,6",1,120,9283001,28,4,730,2308.0,0,0,120.0,0.0,0,0,0,,20
fixed_limit_2,fixed,"1,3,2,6",2,120,9283002,28,4,730,1974.0,0,0,120.0,0.0,0,0,0,,27
fixed_limit_1,fixed,"3,2,3,3",1,400,9283009,28,4,730,32.0,0,0,350.0,50.0,1,0,0,,24
fixed_limit_2,fixed,"1,3,6,2",3,120,9283003,28,4,730,1374.0,0,0,120.0,0.0,0,0,0,,26
fixed_limit_2,fixed,"2,1,3,6",0,120,9283004,28,4,730,2182.0,0,0,120.0,0.0,0,0,0,,23
fixed_limit_2,fixed,"1,2,3,6",1,120,9283005,28,4,730,2350.0,0,0,120.0,0.0,0,0,0,,23
fixed_limit_2,fixed,"1,3,2,6",2,120,9283006,28,4,730,1643.0,0,0,120.0,0.0,0,0,0,,27
fixed_limit_2,fixed,"1,3,6,2",3,120,9283007,28,4,730,2008.0,0,0,120.0,0.0,0,0,0,,25
fixed_limit_2,fixed,"1,2,3,6",1,120,9283009,28,4,730,2248.0,0,0,120.0,0.0,0,0,0,,21
fixed_limit_2,fixed,"2,1,3,6",0,120,9283008,28,4,730,3004.0,0,0,120.0,0.0,0,0,0,,23
fixed_limit_2,fixed,"2,1,3,6",0,400,9283000,28,4,730,198.0,0,0,390.0,10.0,4,0,0,,19
fixed_limit_2,fixed,"1,2,3,6",1,400,9283001,28,4,730,73.0,0,0,390.0,10.0,13,0,0,,21
fixed_limit_2,fixed,"1,3,2,6",2,400,9283002,28,4,730,239.0,0,0,390.0,10.0,17,1,0,,21
fixed_limit_2,fixed,"1,3,6,2",3,400,9283003,28,4,730,253.0,0,0,390.0,10.0,5,0,0,,22
fixed_limit_2,fixed,"2,1,3,6",0,400,9283004,28,4,730,159.0,0,0,400.0,0.0,10,0,0,,28
fixed_limit_2,fixed,"1,2,3,6",1,400,9283005,28,4,730,395.0,0,0,390.0,10.0,20,0,0,,20
fixed_limit_2,fixed,"1,3,6,2",3,400,9283007,28,4,730,357.0,0,0,400.0,0.0,7,0,0,,27
fixed_limit_2,fixed,"1,3,2,6",2,400,9283006,28,4,730,271.0,0,0,390.0,10.0,14,0,0,,20
fixed_limit_2,fixed,"2,1,3,6",0,400,9283008,28,4,730,88.0,0,0,390.0,10.0,7,0,0,,22
fixed_limit_2,fixed,"1,2,3,6",1,400,9283009,28,4,730,337.0,0,0,390.0,10.0,6,0,0,,19
fixed_limit_2,fixed,"3,2,4,7",1,120,9283001,28,4,730,4607.0,0,0,120.0,0.0,0,0,0,,18
fixed_limit_2,fixed,"2,3,4,7",0,120,9283000,28,4,730,3728.0,0,0,120.0,0.0,0,0,0,,18
fixed_limit_2,fixed,"3,4,2,7",2,120,9283002,28,4,730,3851.0,0,0,120.0,0.0,0,0,0,,19
fixed_limit_2,fixed,"3,4,7,2",3,120,9283003,28,4,730,3817.0,0,0,120.0,0.0,0,0,0,,16
fixed_limit_2,fixed,"3,2,4,7",1,120,9283005,28,4,730,4458.0,0,0,120.0,0.0,0,0,0,,19
fixed_limit_2,fixed,"3,4,2,7",2,120,9283006,28,4,730,1431.0,0,0,120.0,0.0,0,0,0,,19
fixed_limit_2,fixed,"2,3,4,7",0,120,9283004,28,4,730,3721.0,0,0,120.0,0.0,0,0,0,,16
fixed_limit_2,fixed,"3,4,7,2",3,120,9283007,28,4,730,3615.0,0,0,120.0,0.0,0,0,0,,16
fixed_limit_2,fixed,"3,2,4,7",1,120,9283009,28,4,730,1476.0,0,0,120.0,0.0,0,0,0,,20
fixed_limit_2,fixed,"2,3,4,7",0,120,9283008,28,4,730,3525.0,0,0,120.0,0.0,0,0,0,,15
fixed_limit_2,fixed,"2,3,4,7",0,400,9283000,28,4,730,610.0,0,0,400.0,0.0,32,1,0,,24
fixed_limit_2,fixed,"3,2,4,7",1,400,9283001,28,4,730,913.0,0,0,400.0,0.0,15,1,0,,22
fixed_limit_2,fixed,"3,4,7,2",3,400,9283003,28,4,730,860.0,0,0,400.0,0.0,15,0,0,,24
fixed_limit_2,fixed,"3,4,2,7",2,400,9283002,28,4,730,986.0,0,0,400.0,0.0,17,0,0,,25
fixed_limit_2,fixed,"3,2,4,7",1,400,9283005,28,4,730,960.0,0,0,400.0,0.0,16,0,0,,28
fixed_limit_2,fixed,"2,3,4,7",0,400,9283004,28,4,730,1066.0,0,0,400.0,0.0,25,0,0,,24
fixed_limit_2,fixed,"3,4,2,7",2,400,9283006,28,4,730,928.0,0,0,400.0,0.0,20,2,0,,25
fixed_limit_2,fixed,"2,4,6,8",0,120,9283000,28,4,730,4153.0,0,0,120.0,0.0,0,0,0,,20
fixed_limit_2,fixed,"2,3,4,7",0,400,9283008,28,4,730,792.0,0,0,400.0,0.0,11,0,0,,26
fixed_limit_2,fixed,"3,4,7,2",3,400,9283007,28,4,730,643.0,0,0,400.0,0.0,23,1,0,,24
fixed_limit_2,fixed,"4,2,6,8",1,120,9283001,28,4,730,4536.0,0,0,120.0,0.0,0,0,0,,18
fixed_limit_2,fixed,"3,2,4,7",1,400,9283009,28,4,730,926.0,0,0,400.0,0.0,16,0,0,,27
fixed_limit_2,fixed,"4,6,2,8",2,120,9283002,28,4,730,4644.0,0,0,120.0,0.0,0,0,0,,21
fixed_limit_2,fixed,"4,6,8,2",3,120,9283003,28,4,730,4078.0,0,0,120.0,0.0,0,0,0,,17
fixed_limit_2,fixed,"4,2,6,8",1,120,9283005,28,4,730,4401.0,0,0,120.0,0.0,0,0,0,,20
fixed_limit_2,fixed,"2,4,6,8",0,120,9283004,28,4,730,3849.0,0,5,120.0,0.0,0,0,0,,13
fixed_limit_2,fixed,"4,6,2,8",2,120,9283006,28,4,730,4050.0,0,0,120.0,0.0,0,0,0,,19
fixed_limit_2,fixed,"4,6,8,2",3,120,9283007,28,4,730,4636.0,0,0,120.0,0.0,0,0,0,,14
fixed_limit_2,fixed,"2,4,6,8",0,120,9283008,28,4,730,4196.0,0,0,120.0,0.0,0,0,0,,21
fixed_limit_2,fixed,"4,2,6,8",1,120,9283009,28,4,730,4589.0,0,0,120.0,0.0,0,0,0,,17
fixed_limit_2,fixed,"2,4,6,8",0,400,9283000,28,4,730,2670.0,0,0,370.0,30.0,23,0,0,,27
fixed_limit_2,fixed,"4,2,6,8",1,400,9283001,28,4,730,2319.0,0,0,370.0,30.0,23,1,0,,27
fixed_limit_2,fixed,"4,6,2,8",2,400,9283002,28,4,730,1839.0,0,0,370.0,30.0,31,1,0,,26
fixed_limit_2,fixed,"4,6,8,2",3,400,9283003,28,4,730,2765.0,0,0,370.0,30.0,30,0,0,,26
fixed_limit_2,fixed,"2,4,6,8",0,400,9283004,28,4,730,2314.0,0,0,370.0,30.0,30,0,0,,24
fixed_limit_2,fixed,"4,2,6,8",1,400,9283005,28,4,730,1796.0,0,0,370.0,30.0,26,0,0,,28
fixed_limit_2,fixed,"4,6,2,8",2,400,9283006,28,4,730,2330.0,0,0,370.0,30.0,27,0,0,,27
fixed_limit_2,fixed,"4,6,8,2",3,400,9283007,28,4,730,2115.0,0,0,370.0,30.0,37,2,0,,23
fixed_limit_2,fixed,"2,4,6,8",0,400,9283008,28,4,730,2190.0,0,0,370.0,30.0,34,0,0,,27
fixed_limit_2,fixed,"2,6,7,9",0,120,9283000,28,4,730,3408934.0,52,198,120.0,0.0,0,0,0,,1
fixed_limit_2,fixed,"4,2,6,8",1,400,9283009,28,4,730,2421.0,0,0,370.0,30.0,19,0,0,,26
fixed_limit_2,fixed,"6,2,7,9",1,120,9283001,28,4,730,2558350.0,39,181,120.0,0.0,0,0,0,,3
fixed_limit_2,fixed,"6,7,9,2",3,120,9283003,28,4,730,3213265.0,49,187,120.0,0.0,0,0,0,,1
fixed_limit_2,fixed,"6,7,2,9",2,120,9283002,28,4,730,2233101.0,34,123,120.0,0.0,0,0,0,,1
fixed_limit_2,fixed,"2,6,7,9",0,120,9283004,28,4,730,2688167.0,41,147,120.0,0.0,0,0,0,,2
fixed_limit_2,fixed,"6,2,7,9",1,120,9283005,28,4,730,2167041.0,33,118,120.0,0.0,0,0,0,,1
fixed_limit_2,fixed,"6,7,2,9",2,120,9283006,28,4,730,2298348.0,35,147,120.0,0.0,0,0,0,,1
fixed_limit_2,fixed,"6,7,9,2",3,120,9283007,28,4,730,1577950.0,24,94,120.0,0.0,0,0,0,,2
fixed_limit_2,fixed,"2,6,7,9",0,120,9283008,28,4,730,3803415.0,58,217,120.0,0.0,0,0,0,,1
fixed_limit_2,fixed,"6,2,7,9",1,120,9283009,28,4,730,2885086.0,44,171,120.0,0.0,0,0,0,,2
fixed_limit_2,fixed,"2,6,7,9",0,400,9283000,28,4,730,1078.0,0,0,400.0,0.0,10,0,0,,27
fixed_limit_2,fixed,"6,2,7,9",1,400,9283001,28,4,730,1471.0,0,0,400.0,0.0,13,0,0,,25
fixed_limit_2,fixed,"6,7,9,2",3,400,9283003,28,4,730,1484.0,0,0,400.0,0.0,10,1,0,,26
fixed_limit_2,fixed,"6,7,2,9",2,400,9283002,28,4,730,1284.0,0,0,400.0,0.0,12,0,0,,23
fixed_limit_2,fixed,"2,6,7,9",0,400,9283004,28,4,730,1440.0,0,0,400.0,0.0,11,0,0,,26
fixed_limit_2,fixed,"6,2,7,9",1,400,9283005,28,4,730,886.0,0,0,400.0,0.0,5,0,0,,22
fixed_limit_2,fixed,"6,7,2,9",2,400,9283006,28,4,730,1174.0,0,0,400.0,0.0,13,0,0,,26
fixed_limit_2,fixed,"6,7,9,2",3,400,9283007,28,4,730,1126.0,0,0,400.0,0.0,11,0,0,,22
fixed_limit_2,fixed,"2,6,7,9",0,400,9283008,28,4,730,1024.0,0,0,400.0,0.0,15,1,0,,23
fixed_limit_2,fixed,"6,2,7,9",1,400,9283009,28,4,730,1255.0,0,0,400.0,0.0,14,0,0,,26
fixed_limit_2,fixed,"2,7,8,10",0,120,9283000,28,4,730,2019.0,0,0,120.0,0.0,0,0,0,,22
fixed_limit_2,fixed,"7,2,8,10",1,120,9283001,28,4,730,1891.0,0,0,120.0,0.0,0,0,0,,22
fixed_limit_2,fixed,"7,8,2,10",2,120,9283002,28,4,730,771.0,0,0,120.0,0.0,0,0,0,,26
fixed_limit_2,fixed,"7,8,10,2",3,120,9283003,28,4,730,2577.0,0,0,120.0,0.0,0,0,0,,22
fixed_limit_2,fixed,"7,2,8,10",1,120,9283005,28,4,730,1589.0,0,0,120.0,0.0,0,0,0,,23
fixed_limit_2,fixed,"2,7,8,10",0,120,9283004,28,4,730,1651.0,0,0,120.0,0.0,0,0,0,,24
fixed_limit_2,fixed,"7,8,2,10",2,120,9283006,28,4,730,1948.0,0,0,120.0,0.0,0,0,0,,19
fixed_limit_2,fixed,"7,8,10,2",3,120,9283007,28,4,730,1852.0,0,0,120.0,0.0,0,0,0,,22
fixed_limit_2,fixed,"2,7,8,10",0,120,9283008,28,4,730,1069.0,0,0,120.0,0.0,0,0,0,,16
fixed_limit_2,fixed,"7,2,8,10",1,120,9283009,28,4,730,2169.0,0,0,120.0,0.0,0,0,0,,20
fixed_limit_2,fixed,"7,2,8,10",1,400,9283001,28,4,730,572.0,0,0,400.0,0.0,4,0,0,,26
fixed_limit_2,fixed,"2,7,8,10",0,400,9283000,28,4,730,511.0,0,0,400.0,0.0,15,0,0,,25
fixed_limit_2,fixed,"7,8,2,10",2,400,9283002,28,4,730,368.0,0,0,400.0,0.0,16,0,0,,26
fixed_limit_2,fixed,"7,8,10,2",3,400,9283003,28,4,730,549.0,0,0,400.0,0.0,14,0,0,,24
fixed_limit_2,fixed,"2,7,8,10",0,400,9283004,28,4,730,651.0,0,0,400.0,0.0,12,0,0,,28
fixed_limit_2,fixed,"7,2,8,10",1,400,9283005,28,4,730,500.0,0,0,400.0,0.0,18,0,0,,20
fixed_limit_2,fixed,"7,8,2,10",2,400,9283006,28,4,730,513.0,0,0,400.0,0.0,9,0,0,,22
fixed_limit_2,fixed,"7,8,10,2",3,400,9283007,28,4,730,294.0,0,0,400.0,0.0,21,1,0,,21
fixed_limit_2,fixed,"2,7,8,10",0,400,9283008,28,4,730,408.0,0,0,400.0,0.0,17,0,0,,24
fixed_limit_2,fixed,"2,8,9,1",0,120,9283000,28,4,730,1643633.0,25,104,120.0,0.0,0,0,0,,1
fixed_limit_2,fixed,"7,2,8,10",1,400,9283009,28,4,730,524.0,0,0,400.0,0.0,10,1,0,,24
fixed_limit_2,fixed,"8,2,9,1",1,120,9283001,28,4,730,1642975.0,25,82,120.0,0.0,0,0,0,,4
fixed_limit_2,fixed,"8,9,2,1",2,120,9283002,28,4,730,1840453.0,28,100,120.0,0.0,0,0,0,,3
fixed_limit_2,fixed,"8,9,1,2",3,120,9283003,28,4,730,1184086.0,18,79,120.0,0.0,0,0,0,,4
fixed_limit_2,fixed,"2,8,9,1",0,120,9283004,28,4,730,1118305.0,17,60,120.0,0.0,0,0,0,,5
fixed_limit_2,fixed,"8,9,2,1",2,120,9283006,28,4,730,3412444.0,52,191,120.0,0.0,0,0,0,,1
fixed_limit_2,fixed,"8,2,9,1",1,120,9283005,28,4,730,3082350.0,47,192,120.0,0.0,0,0,0,,1
fixed_limit_2,fixed,"8,9,1,2",3,120,9283007,28,4,730,3015924.0,46,193,120.0,0.0,0,0,0,,1
fixed_limit_2,fixed,"2,8,9,1",0,120,9283008,28,4,730,529619.0,8,55,120.0,0.0,0,0,0,,2
fixed_limit_2,fixed,"8,2,9,1",1,120,9283009,28,4,730,2295783.0,35,166,120.0,0.0,0,0,0,,1
fixed_limit_2,fixed,"2,8,9,1",0,400,9283000,28,4,730,1190.0,0,0,400.0,0.0,10,0,0,,27
fixed_limit_2,fixed,"8,9,2,1",2,400,9283002,28,4,730,1822.0,0,0,400.0,0.0,9,0,0,,24
fixed_limit_2,fixed,"8,2,9,1",1,400,9283001,28,4,730,973.0,0,0,400.0,0.0,11,0,0,,22
fixed_limit_2,fixed,"8,9,1,2",3,400,9283003,28,4,730,1185.0,0,0,400.0,0.0,9,0,0,,21
fixed_limit_2,fixed,"2,8,9,1",0,400,9283004,28,4,730,1113.0,0,0,400.0,0.0,6,0,0,,27
fixed_limit_2,fixed,"8,2,9,1",1,400,9283005,28,4,730,1176.0,0,0,400.0,0.0,8,0,0,,23
fixed_limit_2,fixed,"8,9,2,1",2,400,9283006,28,4,730,882.0,0,0,400.0,0.0,10,0,0,,27
fixed_limit_2,fixed,"8,9,1,2",3,400,9283007,28,4,730,924.0,0,0,400.0,0.0,10,0,0,,27
fixed_limit_2,fixed,"2,8,9,1",0,400,9283008,28,4,730,930.0,0,0,400.0,0.0,10,1,0,,26
fixed_limit_2,fixed,"8,2,9,1",1,400,9283009,28,4,730,841.0,0,0,400.0,0.0,12,0,0,,23
fixed_limit_2,fixed,"9,10,2,3",2,120,9283002,28,4,730,1774009.0,27,116,120.0,0.0,0,0,0,,2
fixed_limit_2,fixed,"2,9,10,3",0,120,9283000,28,4,730,1577993.0,24,85,120.0,0.0,0,0,0,,3
fixed_limit_2,fixed,"9,2,10,3",1,120,9283001,28,4,730,1381557.0,21,98,120.0,0.0,0,0,0,,1
fixed_limit_2,fixed,"2,9,10,3",0,120,9283004,28,4,730,2950270.0,45,183,120.0,0.0,0,0,0,,1
fixed_limit_2,fixed,"9,10,3,2",3,120,9283003,28,4,730,1643251.0,25,103,120.0,0.0,0,0,0,,2
fixed_limit_2,fixed,"9,2,10,3",1,120,9283005,28,4,730,1577812.0,24,93,120.0,0.0,0,0,0,,2
fixed_limit_2,fixed,"9,10,2,3",2,120,9283006,28,4,730,2885916.0,44,176,120.0,0.0,0,0,0,,1
fixed_limit_2,fixed,"2,9,10,3",0,120,9283008,28,4,730,1512731.0,23,89,120.0,0.0,0,0,0,,2
fixed_limit_2,fixed,"9,10,3,2",3,120,9283007,28,4,730,2167049.0,33,129,120.0,0.0,0,0,0,,1
fixed_limit_2,fixed,"9,2,10,3",1,120,9283009,28,4,730,1446111.0,22,93,120.0,0.0,0,0,0,,1
fixed_limit_2,fixed,"2,9,10,3",0,400,9283000,28,4,730,711.0,0,0,400.0,0.0,9,0,0,,23
fixed_limit_2,fixed,"9,2,10,3",1,400,9283001,28,4,730,1323.0,0,0,400.0,0.0,9,0,0,,25
fixed_limit_2,fixed,"9,10,2,3",2,400,9283002,28,4,730,1078.0,0,0,400.0,0.0,9,0,0,,25
fixed_limit_2,fixed,"9,10,3,2",3,400,9283003,28,4,730,1175.0,0,0,400.0,0.0,12,0,0,,28
fixed_limit_2,fixed,"9,2,10,3",1,400,9283005,28,4,730,1038.0,0,0,400.0,0.0,10,0,0,,22
fixed_limit_2,fixed,"2,9,10,3",0,400,9283004,28,4,730,763.0,0,0,400.0,0.0,12,0,0,,25
fixed_limit_2,fixed,"9,10,2,3",2,400,9283006,28,4,730,596.0,0,0,400.0,0.0,5,0,0,,24
fixed_limit_2,fixed,"2,10,1,4",0,120,9283000,28,4,730,3582.0,0,0,120.0,0.0,0,0,0,,18
fixed_limit_2,fixed,"9,10,3,2",3,400,9283007,28,4,730,817.0,0,0,400.0,0.0,4,0,0,,25
fixed_limit_2,fixed,"10,2,1,4",1,120,9283001,28,4,730,4169.0,0,0,120.0,0.0,0,0,0,,20
fixed_limit_2,fixed,"10,1,2,4",2,120,9283002,28,4,730,2426.0,0,0,120.0,0.0,0,0,0,,17
fixed_limit_2,fixed,"10,1,4,2",3,120,9283003,28,4,730,2444.0,0,0,120.0,0.0,0,0,0,,20
fixed_limit_2,fixed,"2,10,1,4",0,120,9283004,28,4,730,5052.0,0,0,120.0,0.0,0,0,0,,22
fixed_limit_2,fixed,"10,2,1,4",1,120,9283005,28,4,730,4219.0,0,0,120.0,0.0,0,0,0,,23
fixed_limit_2,fixed,"10,1,2,4",2,120,9283006,28,4,730,3879.0,0,0,120.0,0.0,0,0,0,,17
fixed_limit_2,fixed,"10,1,4,2",3,120,9283007,28,4,730,2915.0,0,0,120.0,0.0,0,0,0,,21
fixed_limit_2,fixed,"2,10,1,4",0,120,9283008,28,4,730,3774.0,0,0,120.0,0.0,0,0,0,,21
fixed_limit_2,fixed,"10,2,1,4",1,120,9283009,28,4,730,4469.0,0,0,120.0,0.0,0,0,0,,22
fixed_limit_2,fixed,"2,10,1,4",0,400,9283000,28,4,730,1198.0,0,0,400.0,0.0,19,0,0,,22
fixed_limit_2,fixed,"10,2,1,4",1,400,9283001,28,4,730,1342.0,0,0,400.0,0.0,20,0,0,,26
fixed_limit_2,fixed,"10,1,2,4",2,400,9283002,28,4,730,1145.0,0,0,400.0,0.0,14,0,0,,26
fixed_limit_2,fixed,"10,1,4,2",3,400,9283003,28,4,730,947.0,0,0,400.0,0.0,25,0,0,,23
fixed_limit_2,fixed,"2,10,1,4",0,400,9283004,28,4,730,1000.0,0,0,400.0,0.0,25,1,0,,27
fixed_limit_2,fixed,"10,2,1,4",1,400,9283005,28,4,730,1287.0,0,0,400.0,0.0,14,0,0,,26
fixed_limit_2,fixed,"10,1,2,4",2,400,9283006,28,4,730,1618.0,0,0,400.0,0.0,11,0,0,,28
fixed_limit_2,fixed,"10,1,4,2",3,400,9283007,28,4,730,1224.0,0,0,400.0,0.0,20,0,0,,23
fixed_limit_2,fixed,"2,1,1,1",0,120,9283000,28,4,730,2529.0,0,0,120.0,0.0,0,0,0,,24
fixed_limit_2,fixed,"2,10,1,4",0,400,9283008,28,4,730,1445.0,0,0,400.0,0.0,17,0,0,,27
fixed_limit_2,fixed,"1,2,1,1",1,120,9283001,28,4,730,1488.0,0,0,120.0,0.0,0,0,0,,23
fixed_limit_2,fixed,"10,2,1,4",1,400,9283009,28,4,730,736.0,0,0,400.0,0.0,31,1,0,,25
fixed_limit_2,fixed,"1,1,2,1",2,120,9283002,28,4,730,1807.0,0,0,120.0,0.0,0,0,0,,25
fixed_limit_2,fixed,"1,1,1,2",3,120,9283003,28,4,730,2189.0,0,0,120.0,0.0,0,0,0,,24
fixed_limit_2,fixed,"2,1,1,1",0,120,9283004,28,4,730,2156.0,0,0,120.0,0.0,0,0,0,,22
fixed_limit_2,fixed,"1,2,1,1",1,120,9283005,28,4,730,2498.0,0,0,120.0,0.0,0,0,0,,21
fixed_limit_2,fixed,"1,1,2,1",2,120,9283006,28,4,730,2060.0,0,0,120.0,0.0,0,0,0,,23
fixed_limit_2,fixed,"1,1,1,2",3,120,9283007,28,4,730,1859.0,0,0,120.0,0.0,0,0,0,,23
fixed_limit_2,fixed,"2,1,1,1",0,120,9283008,28,4,730,1918.0,0,0,120.0,0.0,0,0,0,,24
fixed_limit_2,fixed,"1,2,1,1",1,120,9283009,28,4,730,1782.0,0,0,120.0,0.0,0,0,0,,26
fixed_limit_2,fixed,"2,1,1,1",0,400,9283000,28,4,730,395.0,0,0,400.0,0.0,7,0,0,,26
fixed_limit_2,fixed,"1,2,1,1",1,400,9283001,28,4,730,159.0,0,0,400.0,0.0,10,0,0,,26
fixed_limit_2,fixed,"1,1,2,1",2,400,9283002,28,4,730,267.0,0,0,400.0,0.0,19,1,0,,21
fixed_limit_2,fixed,"1,1,1,2",3,400,9283003,28,4,730,204.0,0,0,400.0,0.0,6,0,0,,26
fixed_limit_2,fixed,"2,1,1,1",0,400,9283004,28,4,730,374.0,0,0,400.0,0.0,11,1,0,,27
fixed_limit_2,fixed,"1,2,1,1",1,400,9283005,28,4,730,183.0,0,0,400.0,0.0,14,0,0,,24
fixed_limit_2,fixed,"1,1,2,1",2,400,9283006,28,4,730,125.0,0,0,400.0,0.0,21,2,0,,25
fixed_limit_2,fixed,"1,1,1,2",3,400,9283007,28,4,730,151.0,0,0,400.0,0.0,17,0,0,,25
fixed_limit_2,fixed,"2,1,1,1",0,400,9283008,28,4,730,136.0,0,0,400.0,0.0,17,1,0,,25
fixed_limit_2,fixed,"1,2,1,1",1,400,9283009,28,4,730,197.0,0,0,400.0,0.0,14,1,0,,24
fixed_limit_2,fixed,"2,9,10,3",0,400,9283008,28,4,730,900.0,0,0,400.0,0.0,7,0,0,,27
fixed_limit_2,fixed,"9,2,10,3",1,400,9283009,28,4,730,970.0,0,0,400.0,0.0,11,0,0,,22
fixed_limit_2,fixed,"3,2,3,3",1,120,9283001,28,4,730,1525.0,0,0,120.0,0.0,0,0,0,,19
fixed_limit_2,fixed,"2,3,3,3",0,120,9283000,28,4,730,2252.0,0,0,120.0,0.0,0,0,0,,27
fixed_limit_2,fixed,"3,3,2,3",2,120,9283002,28,4,730,2147.0,0,0,110.0,10.0,0,0,0,,23
fixed_limit_2,fixed,"3,3,3,2",3,120,9283003,28,4,730,2046.0,0,0,110.0,10.0,0,0,0,,18
fixed_limit_2,fixed,"2,3,3,3",0,120,9283004,28,4,730,1712.0,0,0,120.0,0.0,0,0,0,,22
fixed_limit_2,fixed,"3,2,3,3",1,120,9283005,28,4,730,1900.0,0,0,120.0,0.0,0,0,0,,26
fixed_limit_2,fixed,"3,3,2,3",2,120,9283006,28,4,730,2033.0,0,0,120.0,0.0,0,0,0,,22
fixed_limit_2,fixed,"3,3,3,2",3,120,9283007,28,4,730,2374.0,0,0,120.0,0.0,0,0,0,,22
fixed_limit_2,fixed,"2,3,3,3",0,120,9283008,28,4,730,1898.0,0,0,120.0,0.0,0,0,0,,22
fixed_limit_2,fixed,"3,2,3,3",1,120,9283009,28,4,730,3319.0,0,0,110.0,10.0,0,0,0,,22
fixed_limit_2,fixed,"3,2,3,3",1,400,9283001,28,4,730,19.0,0,0,350.0,50.0,3,0,0,,24
fixed_limit_2,fixed,"2,3,3,3",0,400,9283000,28,4,730,38.0,0,0,350.0,50.0,1,0,0,,24
fixed_limit_2,fixed,"3,3,2,3",2,400,9283002,28,4,730,0.0,0,0,340.0,60.0,1,0,0,,24
fixed_limit_2,fixed,"3,3,3,2",3,400,9283003,28,4,730,123.0,0,0,350.0,50.0,4,0,0,,24
fixed_limit_2,fixed,"3,2,3,3",1,400,9283005,28,4,730,40.0,0,0,350.0,50.0,2,0,0,,24
fixed_limit_2,fixed,"2,3,3,3",0,400,9283004,28,4,730,143.0,0,0,350.0,50.0,2,0,0,,26
fixed_limit_2,fixed,"2,4,4,4",0,120,9283000,28,4,730,3231.0,0,0,120.0,0.0,0,0,0,,15
fixed_limit_2,fixed,"4,2,4,4",1,120,9283001,28,4,730,4704.0,0,0,120.0,0.0,0,0,0,,24
fixed_limit_2,fixed,"4,4,2,4",2,120,9283002,28,4,730,3896.0,0,0,120.0,0.0,0,0,0,,19
fixed_limit_2,fixed,"4,4,4,2",3,120,9283003,28,4,730,4498.0,0,0,120.0,0.0,0,0,0,,24
fixed_limit_2,fixed,"2,4,4,4",0,120,9283004,28,4,730,3284.0,0,0,120.0,0.0,0,0,0,,18
fixed_limit_2,fixed,"4,2,4,4",1,120,9283005,28,4,730,4340.0,0,0,120.0,0.0,0,0,0,,20
fixed_limit_2,fixed,"4,4,2,4",2,120,9283006,28,4,730,5129.0,0,0,120.0,0.0,0,0,0,,16
fixed_limit_2,fixed,"4,4,4,2",3,120,9283007,28,4,730,4506.0,0,0,120.0,0.0,0,0,0,,20
fixed_limit_2,fixed,"2,4,4,4",0,120,9283008,28,4,730,4250.0,0,0,120.0,0.0,0,0,0,,17
fixed_limit_2,fixed,"4,2,4,4",1,120,9283009,28,4,730,3323.0,0,0,120.0,0.0,0,0,0,,23
fixed_limit_2,fixed,"2,4,4,4",0,400,9283000,28,4,730,3230.0,0,0,210.0,190.0,34,2,0,,24
fixed_limit_2,fixed,"4,2,4,4",1,400,9283001,28,4,730,2981.0,0,0,210.0,190.0,33,1,0,,25
fixed_limit_2,fixed,"4,4,2,4",2,400,9283002,28,4,730,3429.0,0,0,210.0,190.0,40,1,0,,25
fixed_limit_2,fixed,"4,4,4,2",3,400,9283003,28,4,730,2085.0,0,0,210.0,190.0,35,1,0,,23
fixed_limit_2,fixed,"2,4,4,4",0,400,9283004,28,4,730,2801.0,0,0,200.0,200.0,34,1,0,,23
fixed_limit_2,fixed,"4,2,4,4",1,400,9283005,28,4,730,3129.0,0,0,210.0,190.0,41,1,0,,27
fixed_limit_2,fixed,"4,4,2,4",2,400,9283006,28,4,730,3232.0,0,0,220.0,180.0,35,1,0,,27
fixed_limit_2,fixed,"4,4,4,2",3,400,9283007,28,4,730,3521.0,0,0,200.0,200.0,25,0,0,,22
fixed_limit_2,fixed,"2,4,4,4",0,400,9283008,28,4,730,3373.0,0,0,210.0,190.0,35,0,0,,25
fixed_limit_2,fixed,"4,2,4,4",1,400,9283009,28,4,730,3333.0,0,0,210.0,190.0,33,0,0,,26
fixed_limit_2,fixed,"3,3,2,3",2,400,9283006,28,4,730,76.0,0,0,340.0,60.0,1,0,0,,26
fixed_limit_2,fixed,"3,3,3,2",3,400,9283007,28,4,730,113.0,0,0,350.0,50.0,1,0,0,,24
fixed_limit_2,fixed,"2,6,6,6",0,120,9283000,28,4,730,1863.0,0,0,120.0,0.0,0,0,0,,21
fixed_limit_2,fixed,"6,2,6,6",1,120,9283001,28,4,730,1639.0,0,0,120.0,0.0,0,0,0,,25
fixed_limit_2,fixed,"6,6,2,6",2,120,9283002,28,4,730,2942.0,0,0,120.0,0.0,0,0,0,,24
fixed_limit_2,fixed,"6,6,6,2",3,120,9283003,28,4,730,3884.0,0,0,120.0,0.0,0,0,0,,22
fixed_limit_2,fixed,"2,6,6,6",0,120,9283004,28,4,730,909.0,0,0,120.0,0.0,0,0,0,,18
fixed_limit_2,fixed,"6,2,6,6",1,120,9283005,28,4,730,1417.0,0,0,120.0,0.0,0,0,0,,21
fixed_limit_2,fixed,"6,6,2,6",2,120,9283006,28,4,730,3315.0,0,0,120.0,0.0,0,0,0,,22
fixed_limit_2,fixed,"6,6,6,2",3,120,9283007,28,4,730,3925.0,0,0,120.0,0.0,0,0,0,,25
fixed_limit_2,fixed,"2,6,6,6",0,120,9283008,28,4,730,3569.0,0,0,120.0,0.0,0,0,0,,24
fixed_limit_2,fixed,"6,2,6,6",1,120,9283009,28,4,730,2911.0,0,0,120.0,0.0,0,0,0,,21
fixed_limit_2,fixed,"2,6,6,6",0,400,9283000,28,4,730,0.0,0,0,140.0,260.0,8,0,0,,24
fixed_limit_2,fixed,"6,2,6,6",1,400,9283001,28,4,730,92.0,0,0,170.0,230.0,16,0,0,,22
fixed_limit_2,fixed,"6,6,2,6",2,400,9283002,28,4,730,477.0,0,0,190.0,210.0,24,1,0,,25
fixed_limit_2,fixed,"6,6,6,2",3,400,9283003,28,4,730,312.0,0,0,170.0,230.0,13,0,0,,23
fixed_limit_2,fixed,"2,6,6,6",0,400,9283004,28,4,730,45.0,0,0,170.0,230.0,13,2,0,,25
fixed_limit_2,fixed,"6,2,6,6",1,400,9283005,28,4,730,120.0,0,0,160.0,240.0,13,1,0,,25
fixed_limit_2,fixed,"6,6,2,6",2,400,9283006,28,4,730,96.0,0,0,160.0,240.0,10,1,0,,22
fixed_limit_2,fixed,"6,6,6,2",3,400,9283007,28,4,730,272.0,0,0,180.0,220.0,10,0,0,,25
fixed_limit_2,fixed,"2,7,7,7",0,120,9283000,28,4,730,837.0,0,0,120.0,0.0,0,0,0,,21
fixed_limit_2,fixed,"7,2,7,7",1,120,9283001,28,4,730,593.0,0,0,120.0,0.0,0,0,0,,22
fixed_limit_2,fixed,"2,6,6,6",0,400,9283008,28,4,730,56.0,0,0,170.0,230.0,14,0,0,,22
fixed_limit_2,fixed,"7,7,2,7",2,120,9283002,28,4,730,874.0,0,0,120.0,0.0,0,0,0,,21
fixed_limit_2,fixed,"6,2,6,6",1,400,9283009,28,4,730,10.0,0,0,140.0,260.0,10,0,0,,23
fixed_limit_2,fixed,"7,7,7,2",3,120,9283003,28,4,730,913.0,0,0,120.0,0.0,0,0,0,,22
fixed_limit_2,fixed,"7,2,7,7",1,120,9283005,28,4,730,1452.0,0,0,120.0,0.0,0,0,0,,26
fixed_limit_2,fixed,"2,7,7,7",0,120,9283004,28,4,730,841.0,0,0,120.0,0.0,0,0,0,,19
fixed_limit_2,fixed,"7,7,2,7",2,120,9283006,28,4,730,1152.0,0,0,120.0,0.0,0,0,0,,21
fixed_limit_2,fixed,"7,7,7,2",3,120,9283007,28,4,730,340.0,0,0,120.0,0.0,0,0,0,,21
fixed_limit_2,fixed,"2,7,7,7",0,120,9283008,28,4,730,152.0,0,0,120.0,0.0,0,0,0,,25
fixed_limit_2,fixed,"7,2,7,7",1,120,9283009,28,4,730,1149.0,0,0,120.0,0.0,0,0,0,,20
fixed_limit_2,fixed,"2,7,7,7",0,400,9283000,28,4,730,320.0,0,0,400.0,0.0,12,0,0,,25
fixed_limit_2,fixed,"7,2,7,7",1,400,9283001,28,4,730,463.0,0,0,400.0,0.0,8,1,0,,26
fixed_limit_2,fixed,"7,7,2,7",2,400,9283002,28,4,730,315.0,0,0,400.0,0.0,12,1,0,,19
fixed_limit_2,fixed,"7,7,7,2",3,400,9283003,28,4,730,565.0,0,0,400.0,0.0,14,0,0,,23
fixed_limit_2,fixed,"2,7,7,7",0,400,9283004,28,4,730,117.0,0,0,400.0,0.0,12,0,0,,27
fixed_limit_2,fixed,"7,2,7,7",1,400,9283005,28,4,730,556.0,0,0,400.0,0.0,17,0,0,,19
fixed_limit_2,fixed,"7,7,2,7",2,400,9283006,28,4,730,481.0,0,0,400.0,0.0,13,0,0,,24
fixed_limit_2,fixed,"7,7,7,2",3,400,9283007,28,4,730,154.0,0,0,400.0,0.0,9,0,0,,21
fixed_limit_2,fixed,"2,7,7,7",0,400,9283008,28,4,730,124.0,0,0,400.0,0.0,7,0,0,,22
fixed_limit_2,fixed,"7,2,7,7",1,400,9283009,28,4,730,203.0,0,0,400.0,0.0,16,1,0,,27
fixed_limit_2,fixed,"2,8,8,8",0,120,9283000,28,4,730,2026.0,0,0,120.0,0.0,0,0,0,,27
fixed_limit_2,fixed,"8,2,8,8",1,120,9283001,28,4,730,1142.0,0,0,120.0,0.0,0,0,0,,26
fixed_limit_2,fixed,"8,8,2,8",2,120,9283002,28,4,730,2964.0,0,0,120.0,0.0,0,0,0,,24
fixed_limit_2,fixed,"8,8,8,2",3,120,9283003,28,4,730,3029.0,0,0,120.0,0.0,0,0,0,,26
fixed_limit_2,fixed,"2,8,8,8",0,120,9283004,28,4,730,1810.0,0,0,120.0,0.0,0,0,0,,26
fixed_limit_2,fixed,"8,2,8,8",1,120,9283005,28,4,730,1821.0,0,0,120.0,0.0,0,0,0,,23
fixed_limit_2,fixed,"8,8,2,8",2,120,9283006,28,4,730,1726.0,0,0,120.0,0.0,0,0,0,,21
fixed_limit_2,fixed,"8,8,8,2",3,120,9283007,28,4,730,2228.0,0,0,120.0,0.0,0,0,0,,22
fixed_limit_2,fixed,"2,8,8,8",0,120,9283008,28,4,730,1572.0,0,0,120.0,0.0,0,0,0,,22
fixed_limit_2,fixed,"8,2,8,8",1,120,9283009,28,4,730,2650.0,0,0,120.0,0.0,0,0,0,,27
fixed_limit_2,fixed,"2,8,8,8",0,400,9283000,28,4,730,448.0,0,0,370.0,30.0,19,1,0,,26
fixed_limit_2,fixed,"8,2,8,8",1,400,9283001,28,4,730,359.0,0,0,370.0,30.0,11,0,0,,24
fixed_limit_2,fixed,"8,8,2,8",2,400,9283002,28,4,730,300.0,0,0,370.0,30.0,13,0,0,,26
fixed_limit_2,fixed,"8,8,8,2",3,400,9283003,28,4,730,679.0,0,0,370.0,30.0,16,1,0,,24
fixed_limit_2,fixed,"2,8,8,8",0,400,9283004,28,4,730,603.0,0,0,370.0,30.0,15,0,0,,23
fixed_limit_2,fixed,"8,2,8,8",1,400,9283005,28,4,730,1100.0,0,0,370.0,30.0,19,0,0,,25
fixed_limit_2,fixed,"8,8,2,8",2,400,9283006,28,4,730,549.0,0,0,370.0,30.0,16,2,0,,26
fixed_limit_2,fixed,"8,8,8,2",3,400,9283007,28,4,730,408.0,0,0,370.0,30.0,13,0,0,,24
fixed_limit_2,fixed,"2,8,8,8",0,400,9283008,28,4,730,568.0,0,0,370.0,30.0,9,0,0,,24
fixed_limit_2,fixed,"8,2,8,8",1,400,9283009,28,4,730,496.0,0,0,370.0,30.0,15,1,0,,25
fixed_limit_2,fixed,"9,2,9,9",1,120,9283001,28,4,730,1774322.0,27,120,120.0,0.0,0,0,0,,1
fixed_limit_2,fixed,"2,9,9,9",0,120,9283000,28,4,730,1967684.0,30,136,120.0,0.0,0,0,0,,1
fixed_limit_2,fixed,"9,9,2,9",2,120,9283002,28,4,730,1969218.0,30,128,120.0,0.0,0,0,0,,1
fixed_limit_2,fixed,"9,9,9,2",3,120,9283003,28,4,730,1840100.0,28,114,120.0,0.0,0,0,0,,1
fixed_limit_2,fixed,"2,9,9,9",0,120,9283004,28,4,730,2232957.0,34,139,120.0,0.0,0,0,0,,1
fixed_limit_2,fixed,"9,2,9,9",1,120,9283005,28,4,730,2884378.0,44,176,120.0,0.0,0,0,0,,1
fixed_limit_2,fixed,"9,9,2,9",2,120,9283006,28,4,730,3409832.0,52,201,120.0,0.0,0,0,0,,1
fixed_limit_2,fixed,"9,9,9,2",3,120,9283007,28,4,730,2167376.0,33,134,120.0,0.0,0,0,0,,1
fixed_limit_2,fixed,"2,9,9,9",0,120,9283008,28,4,730,2361746.0,36,141,120.0,0.0,0,0,0,,1
fixed_limit_2,fixed,"9,2,9,9",1,120,9283009,28,4,730,1708492.0,26,107,120.0,0.0,0,0,0,,1
fixed_limit_2,fixed,"2,9,9,9",0,400,9283000,28,4,730,1580.0,0,0,400.0,0.0,7,0,0,,23
fixed_limit_2,fixed,"9,2,9,9",1,400,9283001,28,4,730,1440.0,0,0,400.0,0.0,9,0,0,,27
fixed_limit_2,fixed,"9,9,2,9",2,400,9283002,28,4,730,1329.0,0,0,400.0,0.0,9,0,0,,26
fixed_limit_2,fixed,"9,9,9,2",3,400,9283003,28,4,730,1740.0,0,0,400.0,0.0,5,1,0,,27
fixed_limit_2,fixed,"2,9,9,9",0,400,9283004,28,4,730,1308.0,0,0,400.0,0.0,10,0,0,,26
fixed_limit_2,fixed,"9,9,2,9",2,400,9283006,28,4,730,1497.0,0,0,400.0,0.0,13,0,0,,27
fixed_limit_2,fixed,"9,2,9,9",1,400,9283005,28,4,730,1227.0,0,0,400.0,0.0,4,0,0,,24
fixed_limit_2,fixed,"9,9,9,2",3,400,9283007,28,4,730,1320.0,0,0,400.0,0.0,14,0,0,,25
fixed_limit_2,fixed,"2,10,10,10",0,120,9283000,28,4,730,3221.0,0,0,120.0,0.0,0,0,0,,22
fixed_limit_2,fixed,"2,9,9,9",0,400,9283008,28,4,730,1150.0,0,0,400.0,0.0,12,0,0,,21
fixed_limit_2,fixed,"10,2,10,10",1,120,9283001,28,4,730,1962.0,0,0,120.0,0.0,0,0,0,,21
fixed_limit_2,fixed,"9,2,9,9",1,400,9283009,28,4,730,1607.0,0,0,390.0,10.0,6,0,0,,22
fixed_limit_2,fixed,"10,10,2,10",2,120,9283002,28,4,730,2607.0,0,0,120.0,0.0,0,0,0,,20
fixed_limit_2,fixed,"10,10,10,2",3,120,9283003,28,4,730,2375.0,0,0,120.0,0.0,0,0,0,,22
fixed_limit_2,fixed,"2,10,10,10",0,120,9283004,28,4,730,2472.0,0,0,120.0,0.0,0,0,0,,20
fixed_limit_2,fixed,"10,2,10,10",1,120,9283005,28,4,730,1755.0,0,0,120.0,0.0,0,0,0,,25
fixed_limit_2,fixed,"10,10,2,10",2,120,9283006,28,4,730,1963.0,0,0,120.0,0.0,0,0,0,,19
fixed_limit_2,fixed,"10,10,10,2",3,120,9283007,28,4,730,3046.0,0,0,120.0,0.0,0,0,0,,22
fixed_limit_2,fixed,"2,10,10,10",0,120,9283008,28,4,730,2313.0,0,0,120.0,0.0,0,0,0,,21
fixed_limit_2,fixed,"10,2,10,10",1,120,9283009,28,4,730,2402.0,0,0,120.0,0.0,0,0,0,,20
fixed_limit_2,fixed,"2,10,10,10",0,400,9283000,28,4,730,424.0,0,0,400.0,0.0,13,0,0,,21
fixed_limit_2,fixed,"10,2,10,10",1,400,9283001,28,4,730,252.0,0,0,400.0,0.0,8,0,0,,22
fixed_limit_2,fixed,"10,10,2,10",2,400,9283002,28,4,730,176.0,0,0,400.0,0.0,10,0,0,,27
fixed_limit_2,fixed,"10,10,10,2",3,400,9283003,28,4,730,372.0,0,0,400.0,0.0,8,0,0,,24
fixed_limit_2,fixed,"2,10,10,10",0,400,9283004,28,4,730,246.0,0,0,400.0,0.0,8,0,0,,22
fixed_limit_2,fixed,"10,2,10,10",1,400,9283005,28,4,730,202.0,0,0,400.0,0.0,13,1,0,,23
fixed_limit_2,fixed,"10,10,2,10",2,400,9283006,28,4,730,334.0,0,0,400.0,0.0,12,1,0,,26
fixed_limit_2,fixed,"10,10,10,2",3,400,9283007,28,4,730,317.0,0,0,400.0,0.0,12,0,0,,26
fixed_limit_2,fixed,"2,10,10,10",0,400,9283008,28,4,730,267.0,0,0,400.0,0.0,8,1,0,,24
fixed_limit_2,fixed,"10,2,10,10",1,400,9283009,28,4,730,350.0,0,0,400.0,0.0,11,0,0,,25
fixed_limit_2,fixed,"2,3,3,3",0,400,9283008,28,4,730,110.0,0,0,340.0,60.0,4,0,0,,22
fixed_limit_2,fixed,"3,2,3,3",1,400,9283009,28,4,730,32.0,0,0,350.0,50.0,1,0,0,,24
