config_id,family,roster,focal_seats,budget,seed,capacity,hand_size,days,embarrassment,focal_sockless,household_sockless,total_spent,budget_remaining,focal_discards,two_discard_turns,faults,fault_details,drawer_size
original_five_1,original,"1,3,6,2",3,120,9282003,32,5,730,272.0,0,0,120.0,0.0,0,0,0,,28
original_five_1,original,"2,1,3,6",0,120,9282000,32,5,730,512.0,0,0,120.0,0.0,0,0,0,,29
original_five_1,original,"2,1,3,6",0,120,9282004,32,5,730,258.0,0,0,120.0,0.0,0,0,0,,30
original_five_1,original,"1,2,3,6",1,120,9282001,32,5,730,523.0,0,0,120.0,0.0,0,0,0,,28
original_five_1,original,"1,2,3,6",1,120,9282005,32,5,730,376.0,0,0,120.0,0.0,0,0,0,,25
original_five_1,original,"1,3,2,6",2,120,9282002,32,5,730,306.0,0,0,120.0,0.0,0,0,0,,23
original_five_1,original,"1,3,6,2",3,120,9282007,32,5,730,277.0,0,0,120.0,0.0,0,0,0,,30
original_five_1,original,"2,1,3,6",0,120,9282008,32,5,730,416.0,0,0,120.0,0.0,0,0,0,,28
original_five_1,original,"1,3,2,6",2,120,9282006,32,5,730,176.0,0,0,120.0,0.0,0,0,0,,27
original_five_1,original,"1,2,3,6",1,120,9282009,32,5,730,292.0,0,0,120.0,0.0,0,0,0,,31
original_five_1,original,"2,1,3,6",0,400,9282000,32,5,730,0.0,0,0,400.0,0.0,15,0,0,,29
original_five_1,original,"1,2,3,6",1,400,9282001,32,5,730,16.0,0,0,400.0,0.0,13,0,0,,26
original_five_1,original,"1,3,6,2",3,400,9282003,32,5,730,7.0,0,0,400.0,0.0,10,0,0,,30
original_five_1,original,"1,3,2,6",2,400,9282002,32,5,730,20.0,0,0,400.0,0.0,13,0,0,,30
original_five_1,original,"2,1,3,6",0,400,9282004,32,5,730,0.0,0,0,400.0,0.0,13,0,0,,28
original_five_1,original,"1,2,3,6",1,400,9282005,32,5,730,30.0,0,0,390.0,10.0,16,0,0,,22
original_five_1,original,"1,3,6,2",3,400,9282007,32,5,730,8.0,0,0,400.0,0.0,14,0,0,,26
original_five_1,original,"1,3,2,6",2,400,9282006,32,5,730,16.0,0,0,400.0,0.0,20,0,0,,27
original_five_1,original,"2,3,4,7",0,120,9282000,32,5,730,124.0,0,0,120.0,0.0,0,0,0,,26
original_five_1,original,"3,2,4,7",1,120,9282001,32,5,730,137.0,0,0,120.0,0.0,0,0,0,,27
original_five_1,original,"2,1,3,6",0,400,9282008,32,5,730,0.0,0,0,400.0,0.0,11,0,0,,28
original_five_1,original,"1,2,3,6",1,400,9282009,32,5,730,0.0,0,0,400.0,0.0,14,0,0,,31
original_five_1,original,"3,4,2,7",2,120,9282002,32,5,730,564.0,0,0,120.0,0.0,0,0,0,,29
original_five_1,original,"3,4,7,2",3,120,9282003,32,5,730,1073.0,0,0,120.0,0.0,0,0,0,,21
original_five_1,original,"2,3,4,7",0,120,9282004,32,5,730,488.0,0,0,120.0,0.0,0,0,0,,25
original_five_1,original,"3,2,4,7",1,120,9282005,32,5,730,813.0,0,0,120.0,0.0,0,0,0,,20
original_five_1,original,"3,4,2,7",2,120,9282006,32,5,730,684.0,0,0,120.0,0.0,0,0,0,,23
original_five_1,original,"3,4,7,2",3,120,9282007,32,5,730,854.0,0,0,120.0,0.0,0,0,0,,22
original_five_1,original,"2,3,4,7",0,120,9282008,32,5,730,229.0,0,0,120.0,0.0,0,0,0,,26
original_five_1,original,"3,2,4,7",1,120,9282009,32,5,730,134.0,0,0,120.0,0.0,0,0,0,,27
original_five_1,original,"2,3,4,7",0,400,9282000,32,5,730,73.0,0,0,400.0,0.0,20,0,0,,28
original_five_1,original,"3,2,4,7",1,400,9282001,32,5,730,125.0,0,0,400.0,0.0,17,0,0,,29
original_five_1,original,"3,4,2,7",2,400,9282002,32,5,730,77.0,0,0,400.0,0.0,18,0,0,,29
original_five_1,original,"3,4,7,2",3,400,9282003,32,5,730,139.0,0,0,400.0,0.0,15,0,0,,28
original_five_1,original,"2,3,4,7",0,400,9282004,32,5,730,163.0,0,0,400.0,0.0,21,0,0,,28
original_five_1,original,"3,2,4,7",1,400,9282005,32,5,730,136.0,0,0,400.0,0.0,19,0,0,,28
original_five_1,original,"2,4,6,8",0,120,9282000,32,5,730,1807.0,0,0,120.0,0.0,0,0,0,,21
original_five_1,original,"4,2,6,8",1,120,9282001,32,5,730,1143.0,0,0,120.0,0.0,0,0,0,,29
original_five_1,original,"4,6,2,8",2,120,9282002,32,5,730,1720.0,0,0,120.0,0.0,0,0,0,,24
original_five_1,original,"4,6,8,2",3,120,9282003,32,5,730,1208.0,0,0,120.0,0.0,0,0,0,,21
original_five_1,original,"2,4,6,8",0,120,9282004,32,5,730,459380.0,7,19,120.0,0.0,0,0,0,,15
original_five_1,original,"4,2,6,8",1,120,9282005,32,5,730,1770.0,0,0,120.0,0.0,0,0,0,,25
original_five_1,original,"4,6,2,8",2,120,9282006,32,5,730,1084.0,0,0,120.0,0.0,0,0,0,,27
original_five_1,original,"4,6,8,2",3,120,9282007,32,5,730,1542.0,0,0,120.0,0.0,0,0,0,,22
original_five_1,original,"2,4,6,8",0,120,9282008,32,5,730,398.0,0,0,120.0,0.0,0,0,0,,29
original_five_1,original,"4,2,6,8",1,120,9282009,32,5,730,1199.0,0,0,120.0,0.0,0,0,0,,24
original_five_1,original,"2,4,6,8",0,400,9282000,32,5,730,333.0,0,0,370.0,30.0,30,0,0,,29
original_five_1,original,"4,2,6,8",1,400,9282001,32,5,730,249.0,0,0,370.0,30.0,18,0,0,,29
original_five_1,original,"4,6,2,8",2,400,9282002,32,5,730,640.0,0,0,370.0,30.0,35,0,0,,32
original_five_1,original,"4,6,8,2",3,400,9282003,32,5,730,639.0,0,0,370.0,30.0,28,0,0,,32
original_five_1,original,"2,4,6,8",0,400,9282004,32,5,730,329.0,0,0,370.0,30.0,31,0,0,,29
original_five_1,original,"4,2,6,8",1,400,9282005,32,5,730,441.0,0,0,370.0,30.0,24,0,0,,31
original_five_1,original,"4,6,2,8",2,400,9282006,32,5,730,240.0,0,0,370.0,30.0,35,0,0,,28
original_five_1,original,"4,6,8,2",3,400,9282007,32,5,730,598.0,0,0,370.0,30.0,23,0,0,,30
original_five_1,original,"2,4,6,8",0,400,9282008,32,5,730,307.0,0,0,370.0,30.0,35,0,0,,32
original_five_1,original,"4,2,6,8",1,400,9282009,32,5,730,491.0,0,0,370.0,30.0,28,0,0,,29
original_five_1,original,"2,6,7,9",0,120,9282000,32,5,730,2163068.0,33,112,120.0,0.0,0,0,0,,14
original_five_1,original,"6,2,7,9",1,120,9282001,32,5,730,1835309.0,28,110,120.0,0.0,0,0,0,,1
original_five_1,original,"3,4,2,7",2,400,9282006,32,5,730,113.0,0,0,400.0,0.0,31,0,0,,29
original_five_1,original,"3,4,7,2",3,400,9282007,32,5,730,105.0,0,0,400.0,0.0,18,0,0,,32
original_five_1,original,"2,3,4,7",0,400,9282008,32,5,730,18.0,0,0,400.0,0.0,17,0,0,,28
original_five_1,original,"3,2,4,7",1,400,9282009,32,5,730,175.0,0,0,400.0,0.0,22,0,0,,32
original_five_1,original,"6,7,2,9",2,120,9282002,32,5,730,919188.0,14,44,120.0,0.0,0,0,0,,10
original_five_1,original,"6,7,9,2",3,120,9282003,32,5,730,1312696.0,20,103,120.0,0.0,0,0,0,,5
original_five_1,original,"2,6,7,9",0,120,9282004,32,5,730,2162937.0,33,118,120.0,0.0,0,0,0,,5
original_five_1,original,"6,2,7,9",1,120,9282005,32,5,730,2425642.0,37,145,120.0,0.0,0,0,0,,4
original_five_1,original,"6,7,2,9",2,120,9282006,32,5,730,2294662.0,35,130,120.0,0.0,0,0,0,,4
original_five_1,original,"6,7,9,2",3,120,9282007,32,5,730,2425166.0,37,148,120.0,0.0,0,0,0,,9
original_five_1,original,"2,6,7,9",0,120,9282008,32,5,730,1311210.0,20,69,120.0,0.0,0,0,0,,6
original_five_1,original,"6,2,7,9",1,120,9282009,32,5,730,3278528.0,50,194,120.0,0.0,0,0,0,,1
original_five_1,original,"2,6,7,9",0,400,9282000,32,5,730,325.0,0,0,400.0,0.0,7,0,0,,28
original_five_1,original,"6,2,7,9",1,400,9282001,32,5,730,204.0,0,0,400.0,0.0,5,0,0,,31
original_five_1,original,"6,7,2,9",2,400,9282002,32,5,730,103.0,0,0,400.0,0.0,11,0,0,,27
original_five_1,original,"6,7,9,2",3,400,9282003,32,5,730,114.0,0,0,400.0,0.0,22,0,0,,27
original_five_1,original,"2,6,7,9",0,400,9282004,32,5,730,302.0,0,0,400.0,0.0,3,0,0,,29
original_five_1,original,"6,2,7,9",1,400,9282005,32,5,730,484.0,0,0,400.0,0.0,12,0,0,,26
original_five_1,original,"6,7,2,9",2,400,9282006,32,5,730,162.0,0,0,400.0,0.0,18,0,0,,30
original_five_1,original,"6,7,9,2",3,400,9282007,32,5,730,129.0,0,0,400.0,0.0,8,0,0,,28
original_five_1,original,"7,2,8,10",1,120,9282001,32,5,730,505.0,0,0,120.0,0.0,0,0,0,,30
original_five_1,original,"2,7,8,10",0,120,9282000,32,5,730,419.0,0,0,120.0,0.0,0,0,0,,28
original_five_1,original,"2,6,7,9",0,400,9282008,32,5,730,116.0,0,0,400.0,0.0,11,0,0,,28
original_five_1,original,"6,2,7,9",1,400,9282009,32,5,730,135.0,0,0,400.0,0.0,10,0,0,,32
original_five_1,original,"7,8,2,10",2,120,9282002,32,5,730,397.0,0,0,120.0,0.0,0,0,0,,29
original_five_1,original,"7,8,10,2",3,120,9282003,32,5,730,241.0,0,0,120.0,0.0,0,0,0,,30
original_five_1,original,"7,2,8,10",1,120,9282005,32,5,730,238.0,0,0,120.0,0.0,0,0,0,,28
original_five_1,original,"2,7,8,10",0,120,9282004,32,5,730,552.0,0,0,120.0,0.0,0,0,0,,29
original_five_1,original,"7,8,2,10",2,120,9282006,32,5,730,258.0,0,0,120.0,0.0,0,0,0,,27
original_five_1,original,"7,8,10,2",3,120,9282007,32,5,730,350.0,0,0,120.0,0.0,0,0,0,,30
original_five_1,original,"2,7,8,10",0,120,9282008,32,5,730,349.0,0,0,120.0,0.0,0,0,0,,30
original_five_1,original,"7,2,8,10",1,120,9282009,32,5,730,572.0,0,0,120.0,0.0,0,0,0,,28
original_five_1,original,"7,2,8,10",1,400,9282001,32,5,730,0.0,0,0,400.0,0.0,17,0,0,,30
original_five_1,original,"2,7,8,10",0,400,9282000,32,5,730,0.0,0,0,400.0,0.0,18,0,0,,30
original_five_1,original,"7,8,2,10",2,400,9282002,32,5,730,8.0,0,0,400.0,0.0,20,0,0,,30
original_five_1,original,"7,8,10,2",3,400,9282003,32,5,730,7.0,0,0,400.0,0.0,17,0,0,,30
original_five_1,original,"2,7,8,10",0,400,9282004,32,5,730,10.0,0,0,400.0,0.0,14,0,0,,32
original_five_1,original,"7,2,8,10",1,400,9282005,32,5,730,0.0,0,0,400.0,0.0,16,0,0,,27
original_five_1,original,"7,8,2,10",2,400,9282006,32,5,730,10.0,0,0,400.0,0.0,19,0,0,,30
original_five_1,original,"7,8,10,2",3,400,9282007,32,5,730,12.0,0,0,400.0,0.0,18,0,0,,27
original_five_1,original,"2,8,9,1",0,120,9282000,32,5,730,853892.0,13,36,120.0,0.0,0,0,0,,8
original_five_1,original,"2,7,8,10",0,400,9282008,32,5,730,27.0,0,0,400.0,0.0,18,0,0,,27
original_five_1,original,"7,2,8,10",1,400,9282009,32,5,730,0.0,0,0,400.0,0.0,19,0,0,,31
original_five_1,original,"8,2,9,1",1,120,9282001,32,5,730,1442724.0,22,97,120.0,0.0,0,0,0,,7
original_five_1,original,"8,9,1,2",3,120,9282003,32,5,730,787874.0,12,38,120.0,0.0,0,0,0,,6
original_five_1,original,"8,9,2,1",2,120,9282002,32,5,730,918895.0,14,75,120.0,0.0,0,0,0,,10
original_five_1,original,"2,8,9,1",0,120,9282004,32,5,730,984673.0,15,78,120.0,0.0,0,0,0,,10
original_five_1,original,"8,9,2,1",2,120,9282006,32,5,730,1246710.0,19,81,120.0,0.0,0,0,0,,3
original_five_1,original,"8,2,9,1",1,120,9282005,32,5,730,983732.0,15,56,120.0,0.0,0,0,0,,3
original_five_1,original,"8,9,1,2",3,120,9282007,32,5,730,1377997.0,21,87,120.0,0.0,0,0,0,,9
original_five_1,original,"8,2,9,1",1,120,9282009,32,5,730,1377571.0,21,87,120.0,0.0,0,0,0,,6
original_five_1,original,"2,8,9,1",0,120,9282008,32,5,730,985278.0,15,60,120.0,0.0,0,0,0,,11
original_five_1,original,"2,8,9,1",0,400,9282000,32,5,730,223.0,0,0,400.0,0.0,6,0,0,,28
original_five_1,original,"8,2,9,1",1,400,9282001,32,5,730,178.0,0,0,400.0,0.0,9,0,0,,28
original_five_1,original,"8,9,2,1",2,400,9282002,32,5,730,241.0,0,0,400.0,0.0,11,0,0,,28
original_five_1,original,"8,9,1,2",3,400,9282003,32,5,730,179.0,0,0,400.0,0.0,10,0,0,,32
original_five_1,original,"2,8,9,1",0,400,9282004,32,5,730,107.0,0,0,400.0,0.0,2,0,0,,31
original_five_1,original,"8,2,9,1",1,400,9282005,32,5,730,53.0,0,0,400.0,0.0,3,0,0,,26
original_five_1,original,"8,9,2,1",2,400,9282006,32,5,730,299.0,0,0,400.0,0.0,7,0,0,,27
original_five_1,original,"8,9,1,2",3,400,9282007,32,5,730,229.0,0,0,400.0,0.0,14,0,0,,27
original_five_1,original,"2,8,9,1",0,400,9282008,32,5,730,215.0,0,0,400.0,0.0,6,0,0,,29
original_five_1,original,"8,2,9,1",1,400,9282009,32,5,730,215.0,0,0,400.0,0.0,6,0,0,,32
original_five_1,original,"9,2,10,3",1,120,9282001,32,5,730,1050033.0,16,40,120.0,0.0,0,0,0,,11
original_five_1,original,"2,9,10,3",0,120,9282000,32,5,730,723121.0,11,46,120.0,0.0,0,0,0,,5
original_five_1,original,"9,10,2,3",2,120,9282002,32,5,730,2098345.0,32,106,120.0,0.0,0,0,0,,3
original_five_1,original,"9,10,3,2",3,120,9282003,32,5,730,919005.0,14,72,120.0,0.0,0,0,0,,4
original_five_1,original,"2,9,10,3",0,120,9282004,32,5,730,1705272.0,26,120,120.0,0.0,0,0,0,,3
original_five_1,original,"9,2,10,3",1,120,9282005,32,5,730,1050015.0,16,67,120.0,0.0,0,0,0,,3
original_five_1,original,"2,9,10,3",0,120,9282008,32,5,730,1706413.0,26,117,120.0,0.0,0,0,0,,6
original_five_1,original,"9,10,3,2",3,120,9282007,32,5,730,2426512.0,37,133,120.0,0.0,0,0,0,,3
original_five_1,original,"9,10,2,3",2,120,9282006,32,5,730,1639478.0,25,98,120.0,0.0,0,0,0,,10
original_five_1,original,"9,2,10,3",1,120,9282009,32,5,730,1573375.0,24,105,120.0,0.0,0,0,0,,4
original_five_1,original,"2,9,10,3",0,400,9282000,32,5,730,65.0,0,0,400.0,0.0,9,0,0,,28
original_five_1,original,"9,2,10,3",1,400,9282001,32,5,730,119.0,0,0,400.0,0.0,11,0,0,,29
original_five_1,original,"9,10,2,3",2,400,9282002,32,5,730,71.0,0,0,400.0,0.0,7,0,0,,27
original_five_1,original,"2,9,10,3",0,400,9282004,32,5,730,122.0,0,0,400.0,0.0,6,0,0,,31
original_five_1,original,"9,10,3,2",3,400,9282003,32,5,730,181.0,0,0,400.0,0.0,8,0,0,,28
original_five_1,original,"9,2,10,3",1,400,9282005,32,5,730,92.0,0,0,400.0,0.0,13,0,0,,27
original_five_1,original,"9,10,2,3",2,400,9282006,32,5,730,157.0,0,0,400.0,0.0,4,0,0,,30
original_five_1,original,"9,10,3,2",3,400,9282007,32,5,730,215.0,0,0,400.0,0.0,6,0,0,,27
original_five_1,original,"2,10,1,4",0,120,9282000,32,5,730,1261.0,0,0,120.0,0.0,0,0,0,,28
original_five_1,original,"10,2,1,4",1,120,9282001,32,5,730,1480.0,0,0,120.0,0.0,0,0,0,,23
original_five_1,original,"10,1,2,4",2,120,9282002,32,5,730,808.0,0,0,120.0,0.0,0,0,0,,27
original_five_1,original,"10,1,4,2",3,120,9282003,32,5,730,1737.0,0,0,120.0,0.0,0,0,0,,26
original_five_1,original,"2,10,1,4",0,120,9282004,32,5,730,1220.0,0,0,120.0,0.0,0,0,0,,22
original_five_1,original,"10,2,1,4",1,120,9282005,32,5,730,1431.0,0,0,120.0,0.0,0,0,0,,20
original_five_1,original,"10,1,4,2",3,120,9282007,32,5,730,1332.0,0,0,120.0,0.0,0,0,0,,23
original_five_1,original,"10,1,2,4",2,120,9282006,32,5,730,838.0,0,0,120.0,0.0,0,0,0,,29
original_five_1,original,"2,10,1,4",0,120,9282008,32,5,730,1454.0,0,0,120.0,0.0,0,0,0,,24
original_five_1,original,"10,2,1,4",1,120,9282009,32,5,730,1137.0,0,0,120.0,0.0,0,0,0,,25
original_five_1,original,"2,10,1,4",0,400,9282000,32,5,730,98.0,0,0,400.0,0.0,27,0,0,,27
original_five_1,original,"10,2,1,4",1,400,9282001,32,5,730,40.0,0,0,400.0,0.0,31,0,0,,28
original_five_1,original,"10,1,2,4",2,400,9282002,32,5,730,38.0,0,0,400.0,0.0,23,0,0,,26
original_five_1,original,"10,1,4,2",3,400,9282003,32,5,730,121.0,0,0,400.0,0.0,23,0,0,,29
original_five_1,original,"2,10,1,4",0,400,9282004,32,5,730,83.0,0,0,400.0,0.0,18,0,0,,26
original_five_1,original,"10,2,1,4",1,400,9282005,32,5,730,76.0,0,0,400.0,0.0,21,0,0,,28
original_five_1,original,"10,1,2,4",2,400,9282006,32,5,730,155.0,0,0,400.0,0.0,23,0,0,,32
original_five_1,original,"10,1,4,2",3,400,9282007,32,5,730,93.0,0,0,400.0,0.0,21,0,0,,26
original_five_1,original,"2,1,1,1",0,120,9282000,32,5,730,112.0,0,0,120.0,0.0,0,0,0,,27
original_five_1,original,"1,2,1,1",1,120,9282001,32,5,730,458.0,0,0,120.0,0.0,0,0,0,,30
original_five_1,original,"2,10,1,4",0,400,9282008,32,5,730,64.0,0,0,400.0,0.0,29,0,0,,28
original_five_1,original,"10,2,1,4",1,400,9282009,32,5,730,116.0,0,0,400.0,0.0,16,0,0,,32
original_five_1,original,"1,1,2,1",2,120,9282002,32,5,730,546.0,0,0,120.0,0.0,0,0,0,,28
original_five_1,original,"1,1,1,2",3,120,9282003,32,5,730,10.0,0,0,120.0,0.0,0,0,0,,30
original_five_1,original,"2,1,1,1",0,120,9282004,32,5,730,349.0,0,0,120.0,0.0,0,0,0,,28
original_five_1,original,"1,2,1,1",1,120,9282005,32,5,730,1044.0,0,0,120.0,0.0,0,0,0,,27
original_five_1,original,"1,1,2,1",2,120,9282006,32,5,730,480.0,0,0,120.0,0.0,0,0,0,,25
original_five_1,original,"1,1,1,2",3,120,9282007,32,5,730,60.0,0,0,120.0,0.0,0,0,0,,28
original_five_1,original,"2,1,1,1",0,120,9282008,32,5,730,209.0,0,0,120.0,0.0,0,0,0,,28
original_five_1,original,"1,2,1,1",1,120,9282009,32,5,730,330.0,0,0,120.0,0.0,0,0,0,,28
original_five_1,original,"2,1,1,1",0,400,9282000,32,5,730,0.0,0,0,400.0,0.0,25,0,0,,27
original_five_1,original,"1,2,1,1",1,400,9282001,32,5,730,0.0,0,0,400.0,0.0,32,0,0,,30
original_five_1,original,"1,1,2,1",2,400,9282002,32,5,730,0.0,0,0,400.0,0.0,30,0,0,,27
original_five_1,original,"1,1,1,2",3,400,9282003,32,5,730,0.0,0,0,400.0,0.0,28,0,0,,28
original_five_1,original,"2,1,1,1",0,400,9282004,32,5,730,11.0,0,0,400.0,0.0,22,0,0,,28
original_five_1,original,"1,2,1,1",1,400,9282005,32,5,730,0.0,0,0,400.0,0.0,22,0,0,,30
original_five_1,original,"1,1,2,1",2,400,9282006,32,5,730,0.0,0,0,400.0,0.0,18,0,0,,28
original_five_1,original,"1,1,1,2",3,400,9282007,32,5,730,8.0,0,0,400.0,0.0,16,0,0,,28
original_five_1,original,"2,1,1,1",0,400,9282008,32,5,730,0.0,0,0,400.0,0.0,22,0,0,,29
original_five_1,original,"1,2,1,1",1,400,9282009,32,5,730,14.0,0,0,400.0,0.0,19,0,0,,27
original_five_1,original,"2,9,10,3",0,400,9282008,32,5,730,159.0,0,0,400.0,0.0,12,0,0,,31
original_five_1,original,"9,2,10,3",1,400,9282009,32,5,730,153.0,0,0,400.0,0.0,7,0,0,,29
original_five_1,original,"3,2,3,3",1,120,9282001,32,5,730,280.0,0,0,110.0,10.0,0,0,0,,27
original_five_1,original,"2,3,3,3",0,120,9282000,32,5,730,487.0,0,0,110.0,10.0,0,0,0,,29
original_five_1,original,"3,3,2,3",2,120,9282002,32,5,730,493.0,0,0,120.0,0.0,0,0,0,,32
original_five_1,original,"3,3,3,2",3,120,9282003,32,5,730,271.0,0,0,110.0,10.0,0,0,0,,28
original_five_1,original,"2,3,3,3",0,120,9282004,32,5,730,514.0,0,0,120.0,0.0,0,0,0,,32
original_five_1,original,"3,2,3,3",1,120,9282005,32,5,730,210.0,0,0,110.0,10.0,0,0,0,,24
original_five_1,original,"3,3,3,2",3,120,9282007,32,5,730,166.0,0,0,110.0,10.0,0,0,0,,26
original_five_1,original,"3,3,2,3",2,120,9282006,32,5,730,672.0,0,0,120.0,0.0,0,0,0,,32
original_five_1,original,"3,2,3,3",1,120,9282009,32,5,730,65.0,0,0,120.0,0.0,0,0,0,,29
original_five_1,original,"2,3,3,3",0,120,9282008,32,5,730,471.0,0,0,100.0,20.0,0,0,0,,25
original_five_1,original,"2,3,3,3",0,400,9282000,32,5,730,0.0,0,0,340.0,60.0,4,0,0,,23
original_five_1,original,"3,2,3,3",1,400,9282001,32,5,730,0.0,0,0,340.0,60.0,3,0,0,,28
original_five_1,original,"3,3,2,3",2,400,9282002,32,5,730,8.0,0,0,350.0,50.0,3,0,0,,29
original_five_1,original,"3,3,3,2",3,400,9282003,32,5,730,0.0,0,0,340.0,60.0,4,0,0,,27
original_five_1,original,"2,3,3,3",0,400,9282004,32,5,730,0.0,0,0,340.0,60.0,4,0,0,,25
original_five_1,original,"3,2,3,3",1,400,9282005,32,5,730,0.0,0,0,340.0,60.0,1,0,0,,22
original_five_1,original,"2,4,4,4",0,120,9282000,32,5,730,1916.0,0,0,120.0,0.0,0,0,0,,20
original_five_1,original,"4,2,4,4",1,120,9282001,32,5,730,1566.0,0,0,120.0,0.0,0,0,0,,22
original_five_1,original,"4,4,2,4",2,120,9282002,32,5,730,1801.0,0,0,120.0,0.0,0,0,0,,24
original_five_1,original,"4,4,4,2",3,120,9282003,32,5,730,1289.0,0,0,120.0,0.0,0,0,0,,25
original_five_1,original,"2,4,4,4",0,120,9282004,32,5,730,1694.0,0,0,120.0,0.0,0,0,0,,23
original_five_1,original,"4,2,4,4",1,120,9282005,32,5,730,1226.0,0,0,120.0,0.0,0,0,0,,29
original_five_1,original,"4,4,2,4",2,120,9282006,32,5,730,1015.0,0,0,120.0,0.0,0,0,0,,25
original_five_1,original,"4,4,4,2",3,120,9282007,32,5,730,872.0,0,0,110.0,10.0,0,0,0,,26
original_five_1,original,"2,4,4,4",0,120,9282008,32,5,730,1584.0,0,0,120.0,0.0,0,0,0,,20
original_five_1,original,"4,2,4,4",1,120,9282009,32,5,730,419.0,0,0,120.0,0.0,0,0,0,,28
original_five_1,original,"2,4,4,4",0,400,9282000,32,5,730,514.0,0,0,200.0,200.0,26,0,0,,29
original_five_1,original,"4,2,4,4",1,400,9282001,32,5,730,808.0,0,0,180.0,220.0,24,0,0,,23
original_five_1,original,"4,4,2,4",2,400,9282002,32,5,730,1110.0,0,0,190.0,210.0,29,0,0,,25
original_five_1,original,"4,4,4,2",3,400,9282003,32,5,730,610.0,0,0,190.0,210.0,24,0,0,,29
original_five_1,original,"3,3,2,3",2,400,9282006,32,5,730,0.0,0,0,340.0,60.0,2,0,0,,24
original_five_1,original,"2,4,4,4",0,400,9282004,32,5,730,164.0,0,0,200.0,200.0,25,0,0,,29
original_five_1,original,"4,2,4,4",1,400,9282005,32,5,730,602.0,0,0,180.0,220.0,22,0,0,,29
original_five_1,original,"3,3,3,2",3,400,9282007,32,5,730,0.0,0,0,340.0,60.0,1,0,0,,26
original_five_1,original,"4,4,2,4",2,400,9282006,32,5,730,801.0,0,0,180.0,220.0,14,0,0,,23
original_five_1,original,"4,4,4,2",3,400,9282007,32,5,730,608.0,0,0,200.0,200.0,32,0,0,,30
original_five_1,original,"2,4,4,4",0,400,9282008,32,5,730,248.0,0,0,190.0,210.0,26,0,0,,24
original_five_1,original,"4,2,4,4",1,400,9282009,32,5,730,585.0,0,0,210.0,190.0,26,0,0,,27
original_five_1,original,"2,6,6,6",0,120,9282000,32,5,730,0.0,0,0,120.0,0.0,0,0,0,,27
original_five_1,original,"6,2,6,6",1,120,9282001,32,5,730,8.0,0,0,120.0,0.0,0,0,0,,28
original_five_1,original,"6,6,2,6",2,120,9282002,32,5,730,44.0,0,0,120.0,0.0,0,0,0,,27
original_five_1,original,"6,6,6,2",3,120,9282003,32,5,730,429.0,0,0,110.0,10.0,0,0,0,,23
original_five_1,original,"2,6,6,6",0,120,9282004,32,5,730,64.0,0,0,120.0,0.0,0,0,0,,26
original_five_1,original,"6,2,6,6",1,120,9282005,32,5,730,135.0,0,0,120.0,0.0,0,0,0,,27
original_five_1,original,"6,6,2,6",2,120,9282006,32,5,730,42.0,0,0,120.0,0.0,0,0,0,,28
original_five_1,original,"6,6,6,2",3,120,9282007,32,5,730,93.0,0,0,120.0,0.0,0,0,0,,26
original_five_1,original,"2,6,6,6",0,120,9282008,32,5,730,26.0,0,0,120.0,0.0,0,0,0,,29
original_five_1,original,"6,2,6,6",1,120,9282009,32,5,730,10.0,0,0,120.0,0.0,0,0,0,,30
original_five_1,original,"2,6,6,6",0,400,9282000,32,5,730,0.0,0,0,160.0,240.0,8,0,0,,24
original_five_1,original,"6,2,6,6",1,400,9282001,32,5,730,0.0,0,0,160.0,240.0,15,0,0,,28
original_five_1,original,"6,6,2,6",2,400,9282002,32,5,730,0.0,0,0,170.0,230.0,12,0,0,,28
original_five_1,original,"6,6,6,2",3,400,9282003,32,5,730,0.0,0,0,160.0,240.0,16,0,0,,24
original_five_1,original,"2,6,6,6",0,400,9282004,32,5,730,0.0,0,0,140.0,260.0,10,0,0,,24
original_five_1,original,"6,2,6,6",1,400,9282005,32,5,730,0.0,0,0,150.0,250.0,13,0,0,,28
original_five_1,original,"6,6,2,6",2,400,9282006,32,5,730,0.0,0,0,140.0,260.0,12,0,0,,24
original_five_1,original,"6,6,6,2",3,400,9282007,32,5,730,0.0,0,0,140.0,260.0,9,0,0,,24
original_five_1,original,"2,7,7,7",0,120,9282000,32,5,730,0.0,0,0,120.0,0.0,0,0,0,,26
original_five_1,original,"7,2,7,7",1,120,9282001,32,5,730,0.0,0,0,120.0,0.0,0,0,0,,29
original_five_1,original,"2,6,6,6",0,400,9282008,32,5,730,0.0,0,0,180.0,220.0,19,0,0,,30
original_five_1,original,"7,7,2,7",2,120,9282002,32,5,730,0.0,0,0,120.0,0.0,0,0,0,,31
original_five_1,original,"6,2,6,6",1,400,9282009,32,5,730,0.0,0,0,150.0,250.0,9,0,0,,28
original_five_1,original,"7,7,7,2",3,120,9282003,32,5,730,0.0,0,0,120.0,0.0,0,0,0,,28
original_five_1,original,"2,7,7,7",0,120,9282004,32,5,730,0.0,0,0,120.0,0.0,0,0,0,,28
original_five_1,original,"7,2,7,7",1,120,9282005,32,5,730,0.0,0,0,120.0,0.0,0,0,0,,30
original_five_1,original,"7,7,2,7",2,120,9282006,32,5,730,0.0,0,0,120.0,0.0,0,0,0,,30
original_five_1,original,"7,7,7,2",3,120,9282007,32,5,730,0.0,0,0,120.0,0.0,0,0,0,,28
original_five_1,original,"2,7,7,7",0,120,9282008,32,5,730,0.0,0,0,120.0,0.0,0,0,0,,27
original_five_1,original,"7,2,7,7",1,120,9282009,32,5,730,0.0,0,0,120.0,0.0,0,0,0,,26
original_five_1,original,"2,7,7,7",0,400,9282000,32,5,730,0.0,0,0,400.0,0.0,15,0,0,,25
original_five_1,original,"7,2,7,7",1,400,9282001,32,5,730,0.0,0,0,400.0,0.0,16,0,0,,27
original_five_1,original,"7,7,2,7",2,400,9282002,32,5,730,8.0,0,0,400.0,0.0,14,0,0,,25
original_five_1,original,"7,7,7,2",3,400,9282003,32,5,730,0.0,0,0,400.0,0.0,14,0,0,,29
original_five_1,original,"2,7,7,7",0,400,9282004,32,5,730,0.0,0,0,400.0,0.0,13,0,0,,21
original_five_1,original,"7,2,7,7",1,400,9282005,32,5,730,0.0,0,0,400.0,0.0,14,0,0,,30
original_five_1,original,"7,7,2,7",2,400,9282006,32,5,730,8.0,0,0,400.0,0.0,13,0,0,,24
original_five_1,original,"7,7,7,2",3,400,9282007,32,5,730,0.0,0,0,400.0,0.0,15,0,0,,23
original_five_1,original,"2,7,7,7",0,400,9282008,32,5,730,0.0,0,0,400.0,0.0,15,0,0,,27
original_five_1,original,"7,2,7,7",1,400,9282009,32,5,730,0.0,0,0,400.0,0.0,14,0,0,,27
original_five_1,original,"2,8,8,8",0,120,9282000,32,5,730,249.0,0,0,120.0,0.0,0,0,0,,28
original_five_1,original,"8,2,8,8",1,120,9282001,32,5,730,381.0,0,0,120.0,0.0,0,0,0,,27
original_five_1,original,"8,8,2,8",2,120,9282002,32,5,730,114.0,0,0,120.0,0.0,0,0,0,,28
original_five_1,original,"8,8,8,2",3,120,9282003,32,5,730,263.0,0,0,120.0,0.0,0,0,0,,28
original_five_1,original,"2,8,8,8",0,120,9282004,32,5,730,265.0,0,0,120.0,0.0,0,0,0,,28
original_five_1,original,"8,2,8,8",1,120,9282005,32,5,730,320.0,0,0,120.0,0.0,0,0,0,,28
original_five_1,original,"8,8,2,8",2,120,9282006,32,5,730,604.0,0,0,120.0,0.0,0,0,0,,32
original_five_1,original,"8,8,8,2",3,120,9282007,32,5,730,176.0,0,0,120.0,0.0,0,0,0,,27
original_five_1,original,"2,8,8,8",0,120,9282008,32,5,730,76.0,0,0,120.0,0.0,0,0,0,,28
original_five_1,original,"8,2,8,8",1,120,9282009,32,5,730,132.0,0,0,120.0,0.0,0,0,0,,28
original_five_1,original,"2,8,8,8",0,400,9282000,32,5,730,8.0,0,0,370.0,30.0,16,0,0,,30
original_five_1,original,"8,2,8,8",1,400,9282001,32,5,730,0.0,0,0,370.0,30.0,17,0,0,,27
original_five_1,original,"8,8,2,8",2,400,9282002,32,5,730,0.0,0,0,370.0,30.0,14,0,0,,29
original_five_1,original,"8,8,8,2",3,400,9282003,32,5,730,0.0,0,0,370.0,30.0,14,0,0,,29
original_five_1,original,"2,8,8,8",0,400,9282004,32,5,730,0.0,0,0,370.0,30.0,20,0,0,,27
original_five_1,original,"8,2,8,8",1,400,9282005,32,5,730,0.0,0,0,370.0,30.0,16,0,0,,29
original_five_1,original,"8,8,2,8",2,400,9282006,32,5,730,0.0,0,0,370.0,30.0,22,0,0,,31
original_five_1,original,"8,8,8,2",3,400,9282007,32,5,730,24.0,0,0,370.0,30.0,17,0,0,,26
original_five_1,original,"2,8,8,8",0,400,9282008,32,5,730,28.0,0,0,370.0,30.0,17,0,0,,29
original_five_1,original,"2,9,9,9",0,120,9282000,32,5,730,918126.0,14,53,120.0,0.0,0,0,0,,7
original_five_1,original,"9,2,9,9",1,120,9282001,32,5,730,853031.0,13,54,120.0,0.0,0,0,0,,6
original_five_1,original,"8,2,8,8",1,400,9282009,32,5,730,0.0,0,0,370.0,30.0,17,0,0,,28
original_five_1,original,"9,9,2,9",2,120,9282002,32,5,730,1310743.0,20,67,120.0,0.0,0,0,0,,2
original_five_1,original,"2,9,9,9",0,120,9282004,32,5,730,1115479.0,17,73,120.0,0.0,0,0,0,,4
original_five_1,original,"9,9,9,2",3,120,9282003,32,5,730,1311388.0,20,77,120.0,0.0,0,0,0,,6
original_five_1,original,"9,2,9,9",1,120,9282005,32,5,730,1114771.0,17,64,120.0,0.0,0,0,0,,1
original_five_1,original,"9,9,2,9",2,120,9282006,32,5,730,1049935.0,16,80,120.0,0.0,0,0,0,,1
original_five_1,original,"9,9,9,2",3,120,9282007,32,5,730,2031851.0,31,122,120.0,0.0,0,0,0,,1
original_five_1,original,"2,9,9,9",0,120,9282008,32,5,730,525405.0,8,40,120.0,0.0,0,0,0,,11
original_five_1,original,"9,2,9,9",1,120,9282009,32,5,730,984139.0,15,57,120.0,0.0,0,0,0,,6
original_five_1,original,"2,9,9,9",0,400,9282000,32,5,730,291.0,0,0,390.0,10.0,9,0,0,,32
original_five_1,original,"9,2,9,9",1,400,9282001,32,5,730,290.0,0,0,390.0,10.0,7,0,0,,28
original_five_1,original,"9,9,2,9",2,400,9282002,32,5,730,340.0,0,0,390.0,10.0,7,0,0,,25
original_five_1,original,"9,9,9,2",3,400,9282003,32,5,730,335.0,0,0,400.0,0.0,5,0,0,,28
original_five_1,original,"2,9,9,9",0,400,9282004,32,5,730,301.0,0,0,400.0,0.0,5,0,0,,27
original_five_1,original,"9,2,9,9",1,400,9282005,32,5,730,287.0,0,0,390.0,10.0,8,0,0,,23
original_five_1,original,"9,9,2,9",2,400,9282006,32,5,730,277.0,0,0,400.0,0.0,4,0,0,,28
original_five_1,original,"9,9,9,2",3,400,9282007,32,5,730,302.0,0,0,400.0,0.0,9,0,0,,25
original_five_1,original,"2,10,10,10",0,120,9282000,32,5,730,535.0,0,0,120.0,0.0,0,0,0,,27
original_five_1,original,"2,9,9,9",0,400,9282008,32,5,730,209.0,0,0,400.0,0.0,12,0,0,,28
original_five_1,original,"9,2,9,9",1,400,9282009,32,5,730,221.0,0,0,400.0,0.0,6,0,0,,28
original_five_1,original,"10,2,10,10",1,120,9282001,32,5,730,335.0,0,0,120.0,0.0,0,0,0,,28
original_five_1,original,"10,10,2,10",2,120,9282002,32,5,730,413.0,0,0,120.0,0.0,0,0,0,,29
original_five_1,original,"2,10,10,10",0,120,9282004,32,5,730,763.0,0,0,120.0,0.0,0,0,0,,28
original_five_1,original,"10,10,10,2",3,120,9282003,32,5,730,498.0,0,0,120.0,0.0,0,0,0,,29
original_five_1,original,"10,2,10,10",1,120,9282005,32,5,730,389.0,0,0,120.0,0.0,0,0,0,,29
original_five_1,original,"10,10,2,10",2,120,9282006,32,5,730,272.0,0,0,120.0,0.0,0,0,0,,32
original_five_1,original,"10,10,10,2",3,120,9282007,32,5,730,488.0,0,0,120.0,0.0,0,0,0,,29
original_five_1,original,"2,10,10,10",0,120,9282008,32,5,730,437.0,0,0,120.0,0.0,0,0,0,,29
original_five_1,original,"10,2,10,10",1,120,9282009,32,5,730,499.0,0,0,120.0,0.0,0,0,0,,25
original_five_1,original,"2,10,10,10",0,400,9282000,32,5,730,55.0,0,0,400.0,0.0,17,0,0,,28
original_five_1,original,"10,10,2,10",2,400,9282002,32,5,730,7.0,0,0,400.0,0.0,25,0,0,,32
original_five_1,original,"10,2,10,10",1,400,9282001,32,5,730,0.0,0,0,400.0,0.0,18,0,0,,29
original_five_1,original,"10,10,10,2",3,400,9282003,32,5,730,0.0,0,0,400.0,0.0,17,0,0,,28
original_five_1,original,"2,10,10,10",0,400,9282004,32,5,730,0.0,0,0,400.0,0.0,20,0,0,,28
original_five_1,original,"10,10,2,10",2,400,9282006,32,5,730,33.0,0,0,400.0,0.0,26,0,0,,25
original_five_1,original,"10,2,10,10",1,400,9282005,32,5,730,0.0,0,0,400.0,0.0,15,0,0,,27
original_five_1,original,"10,10,10,2",3,400,9282007,32,5,730,0.0,0,0,400.0,0.0,24,0,0,,25
original_five_1,original,"2,10,10,10",0,400,9282008,32,5,730,14.0,0,0,400.0,0.0,25,0,0,,27
original_five_1,original,"10,2,10,10",1,400,9282009,32,5,730,7.0,0,0,400.0,0.0,24,0,0,,27
original_five_1,original,"2,3,3,3",0,400,9282008,32,5,730,0.0,0,0,340.0,60.0,1,0,0,,26
original_five_1,original,"3,2,3,3",1,400,9282009,32,5,730,0.0,0,0,340.0,60.0,4,0,0,,28
fixed_five_1,fixed,"2,1,3,6",0,120,9282000,32,5,730,512.0,0,0,120.0,0.0,0,0,0,,29
fixed_five_1,fixed,"1,2,3,6",1,120,9282001,32,5,730,523.0,0,0,120.0,0.0,0,0,0,,28
fixed_five_1,fixed,"1,3,6,2",3,120,9282003,32,5,730,272.0,0,0,120.0,0.0,0,0,0,,28
fixed_five_1,fixed,"1,3,2,6",2,120,9282002,32,5,730,306.0,0,0,120.0,0.0,0,0,0,,23
fixed_five_1,fixed,"2,1,3,6",0,120,9282004,32,5,730,258.0,0,0,120.0,0.0,0,0,0,,30
fixed_five_1,fixed,"1,2,3,6",1,120,9282005,32,5,730,376.0,0,0,120.0,0.0,0,0,0,,25
fixed_five_1,fixed,"1,3,2,6",2,120,9282006,32,5,730,176.0,0,0,120.0,0.0,0,0,0,,27
fixed_five_1,fixed,"1,3,6,2",3,120,9282007,32,5,730,277.0,0,0,120.0,0.0,0,0,0,,30
fixed_five_1,fixed,"2,1,3,6",0,120,9282008,32,5,730,416.0,0,0,120.0,0.0,0,0,0,,28
fixed_five_1,fixed,"1,2,3,6",1,120,9282009,32,5,730,292.0,0,0,120.0,0.0,0,0,0,,31
fixed_five_1,fixed,"2,1,3,6",0,400,9282000,32,5,730,0.0,0,0,400.0,0.0,15,0,0,,29
fixed_five_1,fixed,"1,2,3,6",1,400,9282001,32,5,730,16.0,0,0,400.0,0.0,13,0,0,,26
fixed_five_1,fixed,"1,3,6,2",3,400,9282003,32,5,730,7.0,0,0,400.0,0.0,10,0,0,,30
fixed_five_1,fixed,"1,3,2,6",2,400,9282002,32,5,730,20.0,0,0,400.0,0.0,13,0,0,,30
fixed_five_1,fixed,"2,1,3,6",0,400,9282004,32,5,730,0.0,0,0,400.0,0.0,13,0,0,,28
fixed_five_1,fixed,"1,2,3,6",1,400,9282005,32,5,730,30.0,0,0,390.0,10.0,16,0,0,,22
fixed_five_1,fixed,"1,3,2,6",2,400,9282006,32,5,730,16.0,0,0,400.0,0.0,20,0,0,,27
fixed_five_1,fixed,"1,3,6,2",3,400,9282007,32,5,730,8.0,0,0,400.0,0.0,14,0,0,,26
fixed_five_1,fixed,"2,1,3,6",0,400,9282008,32,5,730,0.0,0,0,400.0,0.0,11,0,0,,28
fixed_five_1,fixed,"2,3,4,7",0,120,9282000,32,5,730,124.0,0,0,120.0,0.0,0,0,0,,26
fixed_five_1,fixed,"1,2,3,6",1,400,9282009,32,5,730,0.0,0,0,400.0,0.0,14,0,0,,31
fixed_five_1,fixed,"3,2,4,7",1,120,9282001,32,5,730,137.0,0,0,120.0,0.0,0,0,0,,27
fixed_five_1,fixed,"3,4,2,7",2,120,9282002,32,5,730,564.0,0,0,120.0,0.0,0,0,0,,29
fixed_five_1,fixed,"3,4,7,2",3,120,9282003,32,5,730,1073.0,0,0,120.0,0.0,0,0,0,,21
fixed_five_1,fixed,"2,3,4,7",0,120,9282004,32,5,730,488.0,0,0,120.0,0.0,0,0,0,,25
fixed_five_1,fixed,"3,2,4,7",1,120,9282005,32,5,730,813.0,0,0,120.0,0.0,0,0,0,,20
fixed_five_1,fixed,"3,4,2,7",2,120,9282006,32,5,730,684.0,0,0,120.0,0.0,0,0,0,,23
fixed_five_1,fixed,"3,4,7,2",3,120,9282007,32,5,730,854.0,0,0,120.0,0.0,0,0,0,,22
fixed_five_1,fixed,"2,3,4,7",0,120,9282008,32,5,730,229.0,0,0,120.0,0.0,0,0,0,,26
fixed_five_1,fixed,"3,2,4,7",1,120,9282009,32,5,730,134.0,0,0,120.0,0.0,0,0,0,,27
fixed_five_1,fixed,"2,3,4,7",0,400,9282000,32,5,730,73.0,0,0,400.0,0.0,20,0,0,,28
fixed_five_1,fixed,"3,2,4,7",1,400,9282001,32,5,730,125.0,0,0,400.0,0.0,17,0,0,,29
fixed_five_1,fixed,"3,4,2,7",2,400,9282002,32,5,730,77.0,0,0,400.0,0.0,18,0,0,,29
fixed_five_1,fixed,"3,4,7,2",3,400,9282003,32,5,730,139.0,0,0,400.0,0.0,15,0,0,,28
fixed_five_1,fixed,"2,3,4,7",0,400,9282004,32,5,730,163.0,0,0,400.0,0.0,21,0,0,,28
fixed_five_1,fixed,"3,2,4,7",1,400,9282005,32,5,730,136.0,0,0,400.0,0.0,19,0,0,,28
fixed_five_1,fixed,"2,4,6,8",0,120,9282000,32,5,730,1807.0,0,0,120.0,0.0,0,0,0,,21
fixed_five_1,fixed,"4,2,6,8",1,120,9282001,32,5,730,1143.0,0,0,120.0,0.0,0,0,0,,29
fixed_five_1,fixed,"4,6,2,8",2,120,9282002,32,5,730,1720.0,0,0,120.0,0.0,0,0,0,,24
fixed_five_1,fixed,"4,6,8,2",3,120,9282003,32,5,730,1208.0,0,0,120.0,0.0,0,0,0,,21
fixed_five_1,fixed,"2,4,6,8",0,120,9282004,32,5,730,459380.0,7,19,120.0,0.0,0,0,0,,15
fixed_five_1,fixed,"4,2,6,8",1,120,9282005,32,5,730,1770.0,0,0,120.0,0.0,0,0,0,,25
fixed_five_1,fixed,"4,6,2,8",2,120,9282006,32,5,730,1084.0,0,0,120.0,0.0,0,0,0,,27
fixed_five_1,fixed,"4,6,8,2",3,120,9282007,32,5,730,1542.0,0,0,120.0,0.0,0,0,0,,22
fixed_five_1,fixed,"3,4,2,7",2,400,9282006,32,5,730,113.0,0,0,400.0,0.0,31,0,0,,29
fixed_five_1,fixed,"2,4,6,8",0,120,9282008,32,5,730,398.0,0,0,120.0,0.0,0,0,0,,29
fixed_five_1,fixed,"3,4,7,2",3,400,9282007,32,5,730,105.0,0,0,400.0,0.0,18,0,0,,32
fixed_five_1,fixed,"2,3,4,7",0,400,9282008,32,5,730,18.0,0,0,400.0,0.0,17,0,0,,28
fixed_five_1,fixed,"4,2,6,8",1,120,9282009,32,5,730,1199.0,0,0,120.0,0.0,0,0,0,,24
fixed_five_1,fixed,"3,2,4,7",1,400,9282009,32,5,730,175.0,0,0,400.0,0.0,22,0,0,,32
fixed_five_1,fixed,"2,4,6,8",0,400,9282000,32,5,730,333.0,0,0,370.0,30.0,30,0,0,,29
fixed_five_1,fixed,"4,2,6,8",1,400,9282001,32,5,730,249.0,0,0,370.0,30.0,18,0,0,,29
fixed_five_1,fixed,"4,6,2,8",2,400,9282002,32,5,730,640.0,0,0,370.0,30.0,35,0,0,,32
fixed_five_1,fixed,"4,6,8,2",3,400,9282003,32,5,730,639.0,0,0,370.0,30.0,28,0,0,,32
fixed_five_1,fixed,"2,4,6,8",0,400,9282004,32,5,730,329.0,0,0,370.0,30.0,31,0,0,,29
fixed_five_1,fixed,"4,2,6,8",1,400,9282005,32,5,730,441.0,0,0,370.0,30.0,24,0,0,,31
fixed_five_1,fixed,"4,6,2,8",2,400,9282006,32,5,730,240.0,0,0,370.0,30.0,35,0,0,,28
fixed_five_1,fixed,"4,6,8,2",3,400,9282007,32,5,730,598.0,0,0,370.0,30.0,23,0,0,,30
fixed_five_1,fixed,"2,6,7,9",0,120,9282000,32,5,730,2163068.0,33,112,120.0,0.0,0,0,0,,14
fixed_five_1,fixed,"6,2,7,9",1,120,9282001,32,5,730,1835309.0,28,110,120.0,0.0,0,0,0,,1
fixed_five_1,fixed,"2,4,6,8",0,400,9282008,32,5,730,307.0,0,0,370.0,30.0,35,0,0,,32
fixed_five_1,fixed,"4,2,6,8",1,400,9282009,32,5,730,491.0,0,0,370.0,30.0,28,0,0,,29
fixed_five_1,fixed,"6,7,2,9",2,120,9282002,32,5,730,919188.0,14,44,120.0,0.0,0,0,0,,10
fixed_five_1,fixed,"6,7,9,2",3,120,9282003,32,5,730,1312696.0,20,103,120.0,0.0,0,0,0,,5
fixed_five_1,fixed,"2,6,7,9",0,120,9282004,32,5,730,2162937.0,33,118,120.0,0.0,0,0,0,,5
fixed_five_1,fixed,"6,2,7,9",1,120,9282005,32,5,730,2425642.0,37,145,120.0,0.0,0,0,0,,4
fixed_five_1,fixed,"6,7,2,9",2,120,9282006,32,5,730,2294662.0,35,130,120.0,0.0,0,0,0,,4
fixed_five_1,fixed,"6,7,9,2",3,120,9282007,32,5,730,2425166.0,37,148,120.0,0.0,0,0,0,,9
fixed_five_1,fixed,"6,2,7,9",1,120,9282009,32,5,730,3278528.0,50,194,120.0,0.0,0,0,0,,1
fixed_five_1,fixed,"2,6,7,9",0,120,9282008,32,5,730,1311210.0,20,69,120.0,0.0,0,0,0,,6
fixed_five_1,fixed,"2,6,7,9",0,400,9282000,32,5,730,325.0,0,0,400.0,0.0,7,0,0,,28
fixed_five_1,fixed,"6,2,7,9",1,400,9282001,32,5,730,204.0,0,0,400.0,0.0,5,0,0,,31
fixed_five_1,fixed,"6,7,2,9",2,400,9282002,32,5,730,103.0,0,0,400.0,0.0,11,0,0,,27
fixed_five_1,fixed,"6,7,9,2",3,400,9282003,32,5,730,114.0,0,0,400.0,0.0,22,0,0,,27
fixed_five_1,fixed,"2,6,7,9",0,400,9282004,32,5,730,302.0,0,0,400.0,0.0,3,0,0,,29
fixed_five_1,fixed,"6,2,7,9",1,400,9282005,32,5,730,484.0,0,0,400.0,0.0,12,0,0,,26
fixed_five_1,fixed,"6,7,2,9",2,400,9282006,32,5,730,162.0,0,0,400.0,0.0,18,0,0,,30
fixed_five_1,fixed,"6,7,9,2",3,400,9282007,32,5,730,129.0,0,0,400.0,0.0,8,0,0,,28
fixed_five_1,fixed,"2,6,7,9",0,400,9282008,32,5,730,116.0,0,0,400.0,0.0,11,0,0,,28
fixed_five_1,fixed,"7,2,8,10",1,120,9282001,32,5,730,505.0,0,0,120.0,0.0,0,0,0,,30
fixed_five_1,fixed,"2,7,8,10",0,120,9282000,32,5,730,419.0,0,0,120.0,0.0,0,0,0,,28
fixed_five_1,fixed,"6,2,7,9",1,400,9282009,32,5,730,135.0,0,0,400.0,0.0,10,0,0,,32
fixed_five_1,fixed,"7,8,2,10",2,120,9282002,32,5,730,397.0,0,0,120.0,0.0,0,0,0,,29
fixed_five_1,fixed,"7,8,10,2",3,120,9282003,32,5,730,241.0,0,0,120.0,0.0,0,0,0,,30
fixed_five_1,fixed,"2,7,8,10",0,120,9282004,32,5,730,552.0,0,0,120.0,0.0,0,0,0,,29
fixed_five_1,fixed,"7,2,8,10",1,120,9282005,32,5,730,238.0,0,0,120.0,0.0,0,0,0,,28
fixed_five_1,fixed,"7,8,2,10",2,120,9282006,32,5,730,258.0,0,0,120.0,0.0,0,0,0,,27
fixed_five_1,fixed,"7,8,10,2",3,120,9282007,32,5,730,350.0,0,0,120.0,0.0,0,0,0,,30
fixed_five_1,fixed,"2,7,8,10",0,120,9282008,32,5,730,349.0,0,0,120.0,0.0,0,0,0,,30
fixed_five_1,fixed,"7,2,8,10",1,120,9282009,32,5,730,572.0,0,0,120.0,0.0,0,0,0,,28
fixed_five_1,fixed,"2,7,8,10",0,400,9282000,32,5,730,0.0,0,0,400.0,0.0,18,0,0,,30
fixed_five_1,fixed,"7,2,8,10",1,400,9282001,32,5,730,0.0,0,0,400.0,0.0,17,0,0,,30
fixed_five_1,fixed,"7,8,2,10",2,400,9282002,32,5,730,8.0,0,0,400.0,0.0,20,0,0,,30
fixed_five_1,fixed,"7,8,10,2",3,400,9282003,32,5,730,7.0,0,0,400.0,0.0,17,0,0,,30
fixed_five_1,fixed,"2,7,8,10",0,400,9282004,32,5,730,10.0,0,0,400.0,0.0,14,0,0,,32
fixed_five_1,fixed,"7,2,8,10",1,400,9282005,32,5,730,0.0,0,0,400.0,0.0,16,0,0,,27
fixed_five_1,fixed,"7,8,2,10",2,400,9282006,32,5,730,10.0,0,0,400.0,0.0,19,0,0,,30
fixed_five_1,fixed,"7,8,10,2",3,400,9282007,32,5,730,12.0,0,0,400.0,0.0,18,0,0,,27
fixed_five_1,fixed,"2,7,8,10",0,400,9282008,32,5,730,27.0,0,0,400.0,0.0,18,0,0,,27
fixed_five_1,fixed,"2,8,9,1",0,120,9282000,32,5,730,853892.0,13,36,120.0,0.0,0,0,0,,8
fixed_five_1,fixed,"8,2,9,1",1,120,9282001,32,5,730,1442724.0,22,97,120.0,0.0,0,0,0,,7
fixed_five_1,fixed,"7,2,8,10",1,400,9282009,32,5,730,0.0,0,0,400.0,0.0,19,0,0,,31
fixed_five_1,fixed,"8,9,2,1",2,120,9282002,32,5,730,918895.0,14,75,120.0,0.0,0,0,0,,10
fixed_five_1,fixed,"8,9,1,2",3,120,9282003,32,5,730,787874.0,12,38,120.0,0.0,0,0,0,,6
fixed_five_1,fixed,"2,8,9,1",0,120,9282004,32,5,730,984673.0,15,78,120.0,0.0,0,0,0,,10
fixed_five_1,fixed,"8,2,9,1",1,120,9282005,32,5,730,983732.0,15,56,120.0,0.0,0,0,0,,3
fixed_five_1,fixed,"8,9,2,1",2,120,9282006,32,5,730,1246710.0,19,81,120.0,0.0,0,0,0,,3
fixed_five_1,fixed,"8,9,1,2",3,120,9282007,32,5,730,1377997.0,21,87,120.0,0.0,0,0,0,,9
fixed_five_1,fixed,"2,8,9,1",0,120,9282008,32,5,730,985278.0,15,60,120.0,0.0,0,0,0,,11
fixed_five_1,fixed,"8,2,9,1",1,120,9282009,32,5,730,1377571.0,21,87,120.0,0.0,0,0,0,,6
fixed_five_1,fixed,"2,8,9,1",0,400,9282000,32,5,730,223.0,0,0,400.0,0.0,6,0,0,,28
fixed_five_1,fixed,"8,2,9,1",1,400,9282001,32,5,730,178.0,0,0,400.0,0.0,9,0,0,,28
fixed_five_1,fixed,"8,9,2,1",2,400,9282002,32,5,730,241.0,0,0,400.0,0.0,11,0,0,,28
fixed_five_1,fixed,"8,9,1,2",3,400,9282003,32,5,730,179.0,0,0,400.0,0.0,10,0,0,,32
fixed_five_1,fixed,"2,8,9,1",0,400,9282004,32,5,730,107.0,0,0,400.0,0.0,2,0,0,,31
fixed_five_1,fixed,"8,2,9,1",1,400,9282005,32,5,730,53.0,0,0,400.0,0.0,3,0,0,,26
fixed_five_1,fixed,"8,9,2,1",2,400,9282006,32,5,730,299.0,0,0,400.0,0.0,7,0,0,,27
fixed_five_1,fixed,"8,9,1,2",3,400,9282007,32,5,730,229.0,0,0,400.0,0.0,14,0,0,,27
fixed_five_1,fixed,"2,8,9,1",0,400,9282008,32,5,730,215.0,0,0,400.0,0.0,6,0,0,,29
fixed_five_1,fixed,"8,2,9,1",1,400,9282009,32,5,730,215.0,0,0,400.0,0.0,6,0,0,,32
fixed_five_1,fixed,"2,9,10,3",0,120,9282000,32,5,730,723121.0,11,46,120.0,0.0,0,0,0,,5
fixed_five_1,fixed,"9,2,10,3",1,120,9282001,32,5,730,1050033.0,16,40,120.0,0.0,0,0,0,,11
fixed_five_1,fixed,"9,10,2,3",2,120,9282002,32,5,730,2098345.0,32,106,120.0,0.0,0,0,0,,3
fixed_five_1,fixed,"9,10,3,2",3,120,9282003,32,5,730,919005.0,14,72,120.0,0.0,0,0,0,,4
fixed_five_1,fixed,"2,9,10,3",0,120,9282004,32,5,730,1705272.0,26,120,120.0,0.0,0,0,0,,3
fixed_five_1,fixed,"9,2,10,3",1,120,9282005,32,5,730,1050015.0,16,67,120.0,0.0,0,0,0,,3
fixed_five_1,fixed,"9,10,3,2",3,120,9282007,32,5,730,2426512.0,37,133,120.0,0.0,0,0,0,,3
fixed_five_1,fixed,"9,10,2,3",2,120,9282006,32,5,730,1639478.0,25,98,120.0,0.0,0,0,0,,10
fixed_five_1,fixed,"2,9,10,3",0,120,9282008,32,5,730,1706413.0,26,117,120.0,0.0,0,0,0,,6
fixed_five_1,fixed,"9,2,10,3",1,120,9282009,32,5,730,1573375.0,24,105,120.0,0.0,0,0,0,,4
fixed_five_1,fixed,"2,9,10,3",0,400,9282000,32,5,730,65.0,0,0,400.0,0.0,9,0,0,,28
fixed_five_1,fixed,"9,2,10,3",1,400,9282001,32,5,730,119.0,0,0,400.0,0.0,11,0,0,,29
fixed_five_1,fixed,"9,10,2,3",2,400,9282002,32,5,730,71.0,0,0,400.0,0.0,7,0,0,,27
fixed_five_1,fixed,"9,10,3,2",3,400,9282003,32,5,730,181.0,0,0,400.0,0.0,8,0,0,,28
fixed_five_1,fixed,"2,9,10,3",0,400,9282004,32,5,730,122.0,0,0,400.0,0.0,6,0,0,,31
fixed_five_1,fixed,"9,2,10,3",1,400,9282005,32,5,730,92.0,0,0,400.0,0.0,13,0,0,,27
fixed_five_1,fixed,"2,10,1,4",0,120,9282000,32,5,730,1261.0,0,0,120.0,0.0,0,0,0,,28
fixed_five_1,fixed,"10,2,1,4",1,120,9282001,32,5,730,1480.0,0,0,120.0,0.0,0,0,0,,23
fixed_five_1,fixed,"9,10,2,3",2,400,9282006,32,5,730,157.0,0,0,400.0,0.0,4,0,0,,30
fixed_five_1,fixed,"9,10,3,2",3,400,9282007,32,5,730,215.0,0,0,400.0,0.0,6,0,0,,27
fixed_five_1,fixed,"10,1,2,4",2,120,9282002,32,5,730,808.0,0,0,120.0,0.0,0,0,0,,27
fixed_five_1,fixed,"10,1,4,2",3,120,9282003,32,5,730,1737.0,0,0,120.0,0.0,0,0,0,,26
fixed_five_1,fixed,"2,10,1,4",0,120,9282004,32,5,730,1220.0,0,0,120.0,0.0,0,0,0,,22
fixed_five_1,fixed,"10,2,1,4",1,120,9282005,32,5,730,1431.0,0,0,120.0,0.0,0,0,0,,20
fixed_five_1,fixed,"10,1,2,4",2,120,9282006,32,5,730,838.0,0,0,120.0,0.0,0,0,0,,29
fixed_five_1,fixed,"10,1,4,2",3,120,9282007,32,5,730,1332.0,0,0,120.0,0.0,0,0,0,,23
fixed_five_1,fixed,"2,10,1,4",0,120,9282008,32,5,730,1454.0,0,0,120.0,0.0,0,0,0,,24
fixed_five_1,fixed,"10,2,1,4",1,120,9282009,32,5,730,1137.0,0,0,120.0,0.0,0,0,0,,25
fixed_five_1,fixed,"2,10,1,4",0,400,9282000,32,5,730,98.0,0,0,400.0,0.0,27,0,0,,27
fixed_five_1,fixed,"10,2,1,4",1,400,9282001,32,5,730,40.0,0,0,400.0,0.0,31,0,0,,28
fixed_five_1,fixed,"10,1,2,4",2,400,9282002,32,5,730,38.0,0,0,400.0,0.0,23,0,0,,26
fixed_five_1,fixed,"10,1,4,2",3,400,9282003,32,5,730,121.0,0,0,400.0,0.0,23,0,0,,29
fixed_five_1,fixed,"2,10,1,4",0,400,9282004,32,5,730,83.0,0,0,400.0,0.0,18,0,0,,26
fixed_five_1,fixed,"10,1,2,4",2,400,9282006,32,5,730,155.0,0,0,400.0,0.0,23,0,0,,32
fixed_five_1,fixed,"10,2,1,4",1,400,9282005,32,5,730,76.0,0,0,400.0,0.0,21,0,0,,28
fixed_five_1,fixed,"10,1,4,2",3,400,9282007,32,5,730,93.0,0,0,400.0,0.0,21,0,0,,26
fixed_five_1,fixed,"2,1,1,1",0,120,9282000,32,5,730,112.0,0,0,120.0,0.0,0,0,0,,27
fixed_five_1,fixed,"2,10,1,4",0,400,9282008,32,5,730,64.0,0,0,400.0,0.0,29,0,0,,28
fixed_five_1,fixed,"10,2,1,4",1,400,9282009,32,5,730,116.0,0,0,400.0,0.0,16,0,0,,32
fixed_five_1,fixed,"1,2,1,1",1,120,9282001,32,5,730,458.0,0,0,120.0,0.0,0,0,0,,30
fixed_five_1,fixed,"1,1,2,1",2,120,9282002,32,5,730,546.0,0,0,120.0,0.0,0,0,0,,28
fixed_five_1,fixed,"1,1,1,2",3,120,9282003,32,5,730,10.0,0,0,120.0,0.0,0,0,0,,30
fixed_five_1,fixed,"2,1,1,1",0,120,9282004,32,5,730,349.0,0,0,120.0,0.0,0,0,0,,28
fixed_five_1,fixed,"1,2,1,1",1,120,9282005,32,5,730,1044.0,0,0,120.0,0.0,0,0,0,,27
fixed_five_1,fixed,"1,1,2,1",2,120,9282006,32,5,730,480.0,0,0,120.0,0.0,0,0,0,,25
fixed_five_1,fixed,"1,1,1,2",3,120,9282007,32,5,730,60.0,0,0,120.0,0.0,0,0,0,,28
fixed_five_1,fixed,"2,1,1,1",0,120,9282008,32,5,730,209.0,0,0,120.0,0.0,0,0,0,,28
fixed_five_1,fixed,"1,2,1,1",1,120,9282009,32,5,730,330.0,0,0,120.0,0.0,0,0,0,,28
fixed_five_1,fixed,"2,1,1,1",0,400,9282000,32,5,730,0.0,0,0,400.0,0.0,25,0,0,,27
fixed_five_1,fixed,"1,2,1,1",1,400,9282001,32,5,730,0.0,0,0,400.0,0.0,32,0,0,,30
fixed_five_1,fixed,"1,1,2,1",2,400,9282002,32,5,730,0.0,0,0,400.0,0.0,30,0,0,,27
fixed_five_1,fixed,"1,1,1,2",3,400,9282003,32,5,730,0.0,0,0,400.0,0.0,28,0,0,,28
fixed_five_1,fixed,"2,1,1,1",0,400,9282004,32,5,730,11.0,0,0,400.0,0.0,22,0,0,,28
fixed_five_1,fixed,"1,2,1,1",1,400,9282005,32,5,730,0.0,0,0,400.0,0.0,22,0,0,,30
fixed_five_1,fixed,"1,1,2,1",2,400,9282006,32,5,730,0.0,0,0,400.0,0.0,18,0,0,,28
fixed_five_1,fixed,"1,1,1,2",3,400,9282007,32,5,730,8.0,0,0,400.0,0.0,16,0,0,,28
fixed_five_1,fixed,"2,1,1,1",0,400,9282008,32,5,730,0.0,0,0,400.0,0.0,22,0,0,,29
fixed_five_1,fixed,"1,2,1,1",1,400,9282009,32,5,730,14.0,0,0,400.0,0.0,19,0,0,,27
fixed_five_1,fixed,"9,2,10,3",1,400,9282009,32,5,730,153.0,0,0,400.0,0.0,7,0,0,,29
fixed_five_1,fixed,"2,9,10,3",0,400,9282008,32,5,730,159.0,0,0,400.0,0.0,12,0,0,,31
fixed_five_1,fixed,"2,3,3,3",0,120,9282000,32,5,730,487.0,0,0,110.0,10.0,0,0,0,,29
fixed_five_1,fixed,"3,2,3,3",1,120,9282001,32,5,730,280.0,0,0,110.0,10.0,0,0,0,,27
fixed_five_1,fixed,"3,3,3,2",3,120,9282003,32,5,730,271.0,0,0,110.0,10.0,0,0,0,,28
fixed_five_1,fixed,"3,3,2,3",2,120,9282002,32,5,730,493.0,0,0,120.0,0.0,0,0,0,,32
fixed_five_1,fixed,"3,2,3,3",1,120,9282005,32,5,730,210.0,0,0,110.0,10.0,0,0,0,,24
fixed_five_1,fixed,"2,3,3,3",0,120,9282004,32,5,730,514.0,0,0,120.0,0.0,0,0,0,,32
fixed_five_1,fixed,"3,3,3,2",3,120,9282007,32,5,730,166.0,0,0,110.0,10.0,0,0,0,,26
fixed_five_1,fixed,"3,3,2,3",2,120,9282006,32,5,730,672.0,0,0,120.0,0.0,0,0,0,,32
fixed_five_1,fixed,"2,3,3,3",0,120,9282008,32,5,730,471.0,0,0,100.0,20.0,0,0,0,,25
fixed_five_1,fixed,"3,2,3,3",1,120,9282009,32,5,730,65.0,0,0,120.0,0.0,0,0,0,,29
fixed_five_1,fixed,"2,3,3,3",0,400,9282000,32,5,730,0.0,0,0,340.0,60.0,4,0,0,,23
fixed_five_1,fixed,"3,2,3,3",1,400,9282001,32,5,730,0.0,0,0,340.0,60.0,3,0,0,,28
fixed_five_1,fixed,"2,3,3,3",0,400,9282004,32,5,730,0.0,0,0,340.0,60.0,4,0,0,,25
fixed_five_1,fixed,"3,3,2,3",2,400,9282002,32,5,730,8.0,0,0,350.0,50.0,3,0,0,,29
fixed_five_1,fixed,"3,3,3,2",3,400,9282003,32,5,730,0.0,0,0,340.0,60.0,4,0,0,,27
fixed_five_1,fixed,"3,2,3,3",1,400,9282005,32,5,730,0.0,0,0,340.0,60.0,1,0,0,,22
fixed_five_1,fixed,"2,4,4,4",0,120,9282000,32,5,730,1916.0,0,0,120.0,0.0,0,0,0,,20
fixed_five_1,fixed,"4,2,4,4",1,120,9282001,32,5,730,1566.0,0,0,120.0,0.0,0,0,0,,22
fixed_five_1,fixed,"4,4,2,4",2,120,9282002,32,5,730,1801.0,0,0,120.0,0.0,0,0,0,,24
fixed_five_1,fixed,"4,4,4,2",3,120,9282003,32,5,730,1289.0,0,0,120.0,0.0,0,0,0,,25
fixed_five_1,fixed,"2,4,4,4",0,120,9282004,32,5,730,1694.0,0,0,120.0,0.0,0,0,0,,23
fixed_five_1,fixed,"4,2,4,4",1,120,9282005,32,5,730,1226.0,0,0,120.0,0.0,0,0,0,,29
fixed_five_1,fixed,"4,4,2,4",2,120,9282006,32,5,730,1015.0,0,0,120.0,0.0,0,0,0,,25
fixed_five_1,fixed,"4,4,4,2",3,120,9282007,32,5,730,872.0,0,0,110.0,10.0,0,0,0,,26
fixed_five_1,fixed,"2,4,4,4",0,120,9282008,32,5,730,1584.0,0,0,120.0,0.0,0,0,0,,20
fixed_five_1,fixed,"4,2,4,4",1,120,9282009,32,5,730,419.0,0,0,120.0,0.0,0,0,0,,28
fixed_five_1,fixed,"2,4,4,4",0,400,9282000,32,5,730,514.0,0,0,200.0,200.0,26,0,0,,29
fixed_five_1,fixed,"4,2,4,4",1,400,9282001,32,5,730,808.0,0,0,180.0,220.0,24,0,0,,23
fixed_five_1,fixed,"4,4,2,4",2,400,9282002,32,5,730,1110.0,0,0,190.0,210.0,29,0,0,,25
fixed_five_1,fixed,"4,4,4,2",3,400,9282003,32,5,730,610.0,0,0,190.0,210.0,24,0,0,,29
fixed_five_1,fixed,"3,3,2,3",2,400,9282006,32,5,730,0.0,0,0,340.0,60.0,2,0,0,,24
fixed_five_1,fixed,"3,3,3,2",3,400,9282007,32,5,730,0.0,0,0,340.0,60.0,1,0,0,,26
fixed_five_1,fixed,"2,4,4,4",0,400,9282004,32,5,730,164.0,0,0,200.0,200.0,25,0,0,,29
fixed_five_1,fixed,"4,2,4,4",1,400,9282005,32,5,730,602.0,0,0,180.0,220.0,22,0,0,,29
fixed_five_1,fixed,"4,4,2,4",2,400,9282006,32,5,730,801.0,0,0,180.0,220.0,14,0,0,,23
fixed_five_1,fixed,"4,4,4,2",3,400,9282007,32,5,730,608.0,0,0,200.0,200.0,32,0,0,,30
fixed_five_1,fixed,"2,4,4,4",0,400,9282008,32,5,730,248.0,0,0,190.0,210.0,26,0,0,,24
fixed_five_1,fixed,"4,2,4,4",1,400,9282009,32,5,730,585.0,0,0,210.0,190.0,26,0,0,,27
fixed_five_1,fixed,"2,6,6,6",0,120,9282000,32,5,730,0.0,0,0,120.0,0.0,0,0,0,,27
fixed_five_1,fixed,"6,2,6,6",1,120,9282001,32,5,730,8.0,0,0,120.0,0.0,0,0,0,,28
fixed_five_1,fixed,"6,6,2,6",2,120,9282002,32,5,730,44.0,0,0,120.0,0.0,0,0,0,,27
fixed_five_1,fixed,"6,6,6,2",3,120,9282003,32,5,730,429.0,0,0,110.0,10.0,0,0,0,,23
fixed_five_1,fixed,"2,6,6,6",0,120,9282004,32,5,730,64.0,0,0,120.0,0.0,0,0,0,,26
fixed_five_1,fixed,"6,2,6,6",1,120,9282005,32,5,730,135.0,0,0,120.0,0.0,0,0,0,,27
fixed_five_1,fixed,"6,6,2,6",2,120,9282006,32,5,730,42.0,0,0,120.0,0.0,0,0,0,,28
fixed_five_1,fixed,"6,6,6,2",3,120,9282007,32,5,730,93.0,0,0,120.0,0.0,0,0,0,,26
fixed_five_1,fixed,"2,6,6,6",0,120,9282008,32,5,730,26.0,0,0,120.0,0.0,0,0,0,,29
fixed_five_1,fixed,"6,2,6,6",1,120,9282009,32,5,730,10.0,0,0,120.0,0.0,0,0,0,,30
fixed_five_1,fixed,"2,6,6,6",0,400,9282000,32,5,730,0.0,0,0,160.0,240.0,8,0,0,,24
fixed_five_1,fixed,"6,2,6,6",1,400,9282001,32,5,730,0.0,0,0,160.0,240.0,15,0,0,,28
fixed_five_1,fixed,"6,6,2,6",2,400,9282002,32,5,730,0.0,0,0,170.0,230.0,12,0,0,,28
fixed_five_1,fixed,"6,6,6,2",3,400,9282003,32,5,730,0.0,0,0,160.0,240.0,16,0,0,,24
fixed_five_1,fixed,"2,6,6,6",0,400,9282004,32,5,730,0.0,0,0,140.0,260.0,10,0,0,,24
fixed_five_1,fixed,"6,2,6,6",1,400,9282005,32,5,730,0.0,0,0,150.0,250.0,13,0,0,,28
fixed_five_1,fixed,"6,6,2,6",2,400,9282006,32,5,730,0.0,0,0,140.0,260.0,12,0,0,,24
fixed_five_1,fixed,"6,6,6,2",3,400,9282007,32,5,730,0.0,0,0,140.0,260.0,9,0,0,,24
fixed_five_1,fixed,"2,7,7,7",0,120,9282000,32,5,730,0.0,0,0,120.0,0.0,0,0,0,,26
fixed_five_1,fixed,"7,2,7,7",1,120,9282001,32,5,730,0.0,0,0,120.0,0.0,0,0,0,,29
fixed_five_1,fixed,"2,6,6,6",0,400,9282008,32,5,730,0.0,0,0,180.0,220.0,19,0,0,,30
fixed_five_1,fixed,"7,7,2,7",2,120,9282002,32,5,730,0.0,0,0,120.0,0.0,0,0,0,,31
fixed_five_1,fixed,"6,2,6,6",1,400,9282009,32,5,730,0.0,0,0,150.0,250.0,9,0,0,,28
fixed_five_1,fixed,"7,7,7,2",3,120,9282003,32,5,730,0.0,0,0,120.0,0.0,0,0,0,,28
fixed_five_1,fixed,"2,7,7,7",0,120,9282004,32,5,730,0.0,0,0,120.0,0.0,0,0,0,,28
fixed_five_1,fixed,"7,2,7,7",1,120,9282005,32,5,730,0.0,0,0,120.0,0.0,0,0,0,,30
fixed_five_1,fixed,"7,7,2,7",2,120,9282006,32,5,730,0.0,0,0,120.0,0.0,0,0,0,,30
fixed_five_1,fixed,"7,7,7,2",3,120,9282007,32,5,730,0.0,0,0,120.0,0.0,0,0,0,,28
fixed_five_1,fixed,"2,7,7,7",0,120,9282008,32,5,730,0.0,0,0,120.0,0.0,0,0,0,,27
fixed_five_1,fixed,"7,2,7,7",1,120,9282009,32,5,730,0.0,0,0,120.0,0.0,0,0,0,,26
fixed_five_1,fixed,"2,7,7,7",0,400,9282000,32,5,730,0.0,0,0,400.0,0.0,15,0,0,,25
fixed_five_1,fixed,"7,2,7,7",1,400,9282001,32,5,730,0.0,0,0,400.0,0.0,16,0,0,,27
fixed_five_1,fixed,"7,7,2,7",2,400,9282002,32,5,730,8.0,0,0,400.0,0.0,14,0,0,,25
fixed_five_1,fixed,"7,7,7,2",3,400,9282003,32,5,730,0.0,0,0,400.0,0.0,14,0,0,,29
fixed_five_1,fixed,"2,7,7,7",0,400,9282004,32,5,730,0.0,0,0,400.0,0.0,13,0,0,,21
fixed_five_1,fixed,"7,2,7,7",1,400,9282005,32,5,730,0.0,0,0,400.0,0.0,14,0,0,,30
fixed_five_1,fixed,"7,7,2,7",2,400,9282006,32,5,730,8.0,0,0,400.0,0.0,13,0,0,,24
fixed_five_1,fixed,"7,7,7,2",3,400,9282007,32,5,730,0.0,0,0,400.0,0.0,15,0,0,,23
fixed_five_1,fixed,"2,7,7,7",0,400,9282008,32,5,730,0.0,0,0,400.0,0.0,15,0,0,,27
fixed_five_1,fixed,"7,2,7,7",1,400,9282009,32,5,730,0.0,0,0,400.0,0.0,14,0,0,,27
fixed_five_1,fixed,"2,8,8,8",0,120,9282000,32,5,730,249.0,0,0,120.0,0.0,0,0,0,,28
fixed_five_1,fixed,"8,2,8,8",1,120,9282001,32,5,730,381.0,0,0,120.0,0.0,0,0,0,,27
fixed_five_1,fixed,"8,8,2,8",2,120,9282002,32,5,730,114.0,0,0,120.0,0.0,0,0,0,,28
fixed_five_1,fixed,"8,8,8,2",3,120,9282003,32,5,730,263.0,0,0,120.0,0.0,0,0,0,,28
fixed_five_1,fixed,"2,8,8,8",0,120,9282004,32,5,730,265.0,0,0,120.0,0.0,0,0,0,,28
fixed_five_1,fixed,"8,2,8,8",1,120,9282005,32,5,730,320.0,0,0,120.0,0.0,0,0,0,,28
fixed_five_1,fixed,"8,8,2,8",2,120,9282006,32,5,730,604.0,0,0,120.0,0.0,0,0,0,,32
fixed_five_1,fixed,"8,8,8,2",3,120,9282007,32,5,730,176.0,0,0,120.0,0.0,0,0,0,,27
fixed_five_1,fixed,"2,8,8,8",0,120,9282008,32,5,730,76.0,0,0,120.0,0.0,0,0,0,,28
fixed_five_1,fixed,"8,2,8,8",1,120,9282009,32,5,730,132.0,0,0,120.0,0.0,0,0,0,,28
fixed_five_1,fixed,"2,8,8,8",0,400,9282000,32,5,730,8.0,0,0,370.0,30.0,16,0,0,,30
fixed_five_1,fixed,"8,2,8,8",1,400,9282001,32,5,730,0.0,0,0,370.0,30.0,17,0,0,,27
fixed_five_1,fixed,"8,8,2,8",2,400,9282002,32,5,730,0.0,0,0,370.0,30.0,14,0,0,,29
fixed_five_1,fixed,"8,8,8,2",3,400,9282003,32,5,730,0.0,0,0,370.0,30.0,14,0,0,,29
fixed_five_1,fixed,"2,8,8,8",0,400,9282004,32,5,730,0.0,0,0,370.0,30.0,20,0,0,,27
fixed_five_1,fixed,"8,2,8,8",1,400,9282005,32,5,730,0.0,0,0,370.0,30.0,16,0,0,,29
fixed_five_1,fixed,"8,8,2,8",2,400,9282006,32,5,730,0.0,0,0,370.0,30.0,22,0,0,,31
fixed_five_1,fixed,"8,8,8,2",3,400,9282007,32,5,730,24.0,0,0,370.0,30.0,17,0,0,,26
fixed_five_1,fixed,"2,9,9,9",0,120,9282000,32,5,730,918126.0,14,53,120.0,0.0,0,0,0,,7
fixed_five_1,fixed,"2,8,8,8",0,400,9282008,32,5,730,28.0,0,0,370.0,30.0,17,0,0,,29
fixed_five_1,fixed,"9,2,9,9",1,120,9282001,32,5,730,853031.0,13,54,120.0,0.0,0,0,0,,6
fixed_five_1,fixed,"8,2,8,8",1,400,9282009,32,5,730,0.0,0,0,370.0,30.0,17,0,0,,28
fixed_five_1,fixed,"9,9,2,9",2,120,9282002,32,5,730,1310743.0,20,67,120.0,0.0,0,0,0,,2
fixed_five_1,fixed,"9,9,9,2",3,120,9282003,32,5,730,1311388.0,20,77,120.0,0.0,0,0,0,,6
fixed_five_1,fixed,"2,9,9,9",0,120,9282004,32,5,730,1115479.0,17,73,120.0,0.0,0,0,0,,4
fixed_five_1,fixed,"9,2,9,9",1,120,9282005,32,5,730,1114771.0,17,64,120.0,0.0,0,0,0,,1
fixed_five_1,fixed,"9,9,2,9",2,120,9282006,32,5,730,1049935.0,16,80,120.0,0.0,0,0,0,,1
fixed_five_1,fixed,"9,9,9,2",3,120,9282007,32,5,730,2031851.0,31,122,120.0,0.0,0,0,0,,1
fixed_five_1,fixed,"2,9,9,9",0,120,9282008,32,5,730,525405.0,8,40,120.0,0.0,0,0,0,,11
fixed_five_1,fixed,"9,2,9,9",1,120,9282009,32,5,730,984139.0,15,57,120.0,0.0,0,0,0,,6
fixed_five_1,fixed,"2,9,9,9",0,400,9282000,32,5,730,291.0,0,0,390.0,10.0,9,0,0,,32
fixed_five_1,fixed,"9,2,9,9",1,400,9282001,32,5,730,290.0,0,0,390.0,10.0,7,0,0,,28
fixed_five_1,fixed,"9,9,2,9",2,400,9282002,32,5,730,340.0,0,0,390.0,10.0,7,0,0,,25
fixed_five_1,fixed,"9,9,9,2",3,400,9282003,32,5,730,335.0,0,0,400.0,0.0,5,0,0,,28
fixed_five_1,fixed,"2,9,9,9",0,400,9282004,32,5,730,301.0,0,0,400.0,0.0,5,0,0,,27
fixed_five_1,fixed,"9,2,9,9",1,400,9282005,32,5,730,287.0,0,0,390.0,10.0,8,0,0,,23
fixed_five_1,fixed,"9,9,2,9",2,400,9282006,32,5,730,277.0,0,0,400.0,0.0,4,0,0,,28
fixed_five_1,fixed,"9,9,9,2",3,400,9282007,32,5,730,302.0,0,0,400.0,0.0,9,0,0,,25
fixed_five_1,fixed,"2,9,9,9",0,400,9282008,32,5,730,209.0,0,0,400.0,0.0,12,0,0,,28
fixed_five_1,fixed,"2,10,10,10",0,120,9282000,32,5,730,535.0,0,0,120.0,0.0,0,0,0,,27
fixed_five_1,fixed,"9,2,9,9",1,400,9282009,32,5,730,221.0,0,0,400.0,0.0,6,0,0,,28
fixed_five_1,fixed,"10,2,10,10",1,120,9282001,32,5,730,335.0,0,0,120.0,0.0,0,0,0,,28
fixed_five_1,fixed,"10,10,2,10",2,120,9282002,32,5,730,413.0,0,0,120.0,0.0,0,0,0,,29
fixed_five_1,fixed,"10,10,10,2",3,120,9282003,32,5,730,498.0,0,0,120.0,0.0,0,0,0,,29
fixed_five_1,fixed,"2,10,10,10",0,120,9282004,32,5,730,763.0,0,0,120.0,0.0,0,0,0,,28
fixed_five_1,fixed,"10,2,10,10",1,120,9282005,32,5,730,389.0,0,0,120.0,0.0,0,0,0,,29
fixed_five_1,fixed,"10,10,10,2",3,120,9282007,32,5,730,488.0,0,0,120.0,0.0,0,0,0,,29
fixed_five_1,fixed,"10,10,2,10",2,120,9282006,32,5,730,272.0,0,0,120.0,0.0,0,0,0,,32
fixed_five_1,fixed,"2,10,10,10",0,120,9282008,32,5,730,437.0,0,0,120.0,0.0,0,0,0,,29
fixed_five_1,fixed,"10,2,10,10",1,120,9282009,32,5,730,499.0,0,0,120.0,0.0,0,0,0,,25
fixed_five_1,fixed,"2,10,10,10",0,400,9282000,32,5,730,55.0,0,0,400.0,0.0,17,0,0,,28
fixed_five_1,fixed,"10,2,10,10",1,400,9282001,32,5,730,0.0,0,0,400.0,0.0,18,0,0,,29
fixed_five_1,fixed,"10,10,2,10",2,400,9282002,32,5,730,7.0,0,0,400.0,0.0,25,0,0,,32
fixed_five_1,fixed,"10,10,10,2",3,400,9282003,32,5,730,0.0,0,0,400.0,0.0,17,0,0,,28
fixed_five_1,fixed,"2,10,10,10",0,400,9282004,32,5,730,0.0,0,0,400.0,0.0,20,0,0,,28
fixed_five_1,fixed,"10,2,10,10",1,400,9282005,32,5,730,0.0,0,0,400.0,0.0,15,0,0,,27
fixed_five_1,fixed,"10,10,2,10",2,400,9282006,32,5,730,33.0,0,0,400.0,0.0,26,0,0,,25
fixed_five_1,fixed,"10,10,10,2",3,400,9282007,32,5,730,0.0,0,0,400.0,0.0,24,0,0,,25
fixed_five_1,fixed,"2,10,10,10",0,400,9282008,32,5,730,14.0,0,0,400.0,0.0,25,0,0,,27
fixed_five_1,fixed,"10,2,10,10",1,400,9282009,32,5,730,7.0,0,0,400.0,0.0,24,0,0,,27
fixed_five_1,fixed,"2,3,3,3",0,400,9282008,32,5,730,0.0,0,0,340.0,60.0,1,0,0,,26
fixed_five_1,fixed,"3,2,3,3",1,400,9282009,32,5,730,0.0,0,0,340.0,60.0,4,0,0,,28
original_five_0,original,"2,1,3,6",0,120,9282000,32,5,730,512.0,0,0,120.0,0.0,0,0,0,,29
original_five_0,original,"1,2,3,6",1,120,9282001,32,5,730,523.0,0,0,120.0,0.0,0,0,0,,28
original_five_0,original,"1,3,2,6",2,120,9282002,32,5,730,306.0,0,0,120.0,0.0,0,0,0,,23
original_five_0,original,"1,3,6,2",3,120,9282003,32,5,730,272.0,0,0,120.0,0.0,0,0,0,,28
original_five_0,original,"2,1,3,6",0,120,9282004,32,5,730,258.0,0,0,120.0,0.0,0,0,0,,30
original_five_0,original,"1,2,3,6",1,120,9282005,32,5,730,376.0,0,0,120.0,0.0,0,0,0,,25
original_five_0,original,"1,3,2,6",2,120,9282006,32,5,730,176.0,0,0,120.0,0.0,0,0,0,,27
original_five_0,original,"1,3,6,2",3,120,9282007,32,5,730,277.0,0,0,120.0,0.0,0,0,0,,30
original_five_0,original,"2,1,3,6",0,120,9282008,32,5,730,416.0,0,0,120.0,0.0,0,0,0,,28
original_five_0,original,"1,2,3,6",1,120,9282009,32,5,730,292.0,0,0,120.0,0.0,0,0,0,,31
original_five_0,original,"2,1,3,6",0,400,9282000,32,5,730,0.0,0,0,400.0,0.0,0,0,0,,28
original_five_0,original,"1,2,3,6",1,400,9282001,32,5,730,0.0,0,0,400.0,0.0,0,0,0,,27
original_five_0,original,"1,3,6,2",3,400,9282003,32,5,730,0.0,0,0,400.0,0.0,0,0,0,,29
original_five_0,original,"1,3,2,6",2,400,9282002,32,5,730,10.0,0,0,400.0,0.0,0,0,0,,26
original_five_0,original,"2,1,3,6",0,400,9282004,32,5,730,0.0,0,0,400.0,0.0,0,0,0,,27
original_five_0,original,"1,2,3,6",1,400,9282005,32,5,730,0.0,0,0,400.0,0.0,0,0,0,,28
original_five_0,original,"1,3,2,6",2,400,9282006,32,5,730,18.0,0,0,400.0,0.0,0,0,0,,29
original_five_0,original,"1,3,6,2",3,400,9282007,32,5,730,8.0,0,0,400.0,0.0,0,0,0,,29
original_five_0,original,"2,1,3,6",0,400,9282008,32,5,730,10.0,0,0,400.0,0.0,0,0,0,,32
original_five_0,original,"1,2,3,6",1,400,9282009,32,5,730,0.0,0,0,400.0,0.0,0,0,0,,28
original_five_0,original,"2,3,4,7",0,120,9282000,32,5,730,124.0,0,0,120.0,0.0,0,0,0,,26
original_five_0,original,"3,2,4,7",1,120,9282001,32,5,730,137.0,0,0,120.0,0.0,0,0,0,,27
original_five_0,original,"3,4,2,7",2,120,9282002,32,5,730,564.0,0,0,120.0,0.0,0,0,0,,29
original_five_0,original,"3,4,7,2",3,120,9282003,32,5,730,1073.0,0,0,120.0,0.0,0,0,0,,21
original_five_0,original,"2,3,4,7",0,120,9282004,32,5,730,488.0,0,0,120.0,0.0,0,0,0,,25
original_five_0,original,"3,2,4,7",1,120,9282005,32,5,730,813.0,0,0,120.0,0.0,0,0,0,,20
original_five_0,original,"3,4,2,7",2,120,9282006,32,5,730,684.0,0,0,120.0,0.0,0,0,0,,23
original_five_0,original,"3,4,7,2",3,120,9282007,32,5,730,854.0,0,0,120.0,0.0,0,0,0,,22
original_five_0,original,"2,3,4,7",0,120,9282008,32,5,730,229.0,0,0,120.0,0.0,0,0,0,,26
original_five_0,original,"3,2,4,7",1,120,9282009,32,5,730,134.0,0,0,120.0,0.0,0,0,0,,27
original_five_0,original,"2,3,4,7",0,400,9282000,32,5,730,101.0,0,0,400.0,0.0,0,0,0,,28
original_five_0,original,"3,2,4,7",1,400,9282001,32,5,730,54.0,0,0,400.0,0.0,0,0,0,,28
original_five_0,original,"3,4,2,7",2,400,9282002,32,5,730,86.0,0,0,400.0,0.0,0,0,0,,30
original_five_0,original,"3,4,7,2",3,400,9282003,32,5,730,139.0,0,0,400.0,0.0,0,0,0,,28
original_five_0,original,"2,3,4,7",0,400,9282004,32,5,730,73.0,0,0,400.0,0.0,0,0,0,,32
original_five_0,original,"2,4,6,8",0,120,9282000,32,5,730,1807.0,0,0,120.0,0.0,0,0,0,,21
original_five_0,original,"3,2,4,7",1,400,9282005,32,5,730,146.0,0,0,400.0,0.0,0,0,0,,29
original_five_0,original,"4,2,6,8",1,120,9282001,32,5,730,1143.0,0,0,120.0,0.0,0,0,0,,29
original_five_0,original,"4,6,2,8",2,120,9282002,32,5,730,1720.0,0,0,120.0,0.0,0,0,0,,24
original_five_0,original,"4,6,8,2",3,120,9282003,32,5,730,1208.0,0,0,120.0,0.0,0,0,0,,21
original_five_0,original,"2,4,6,8",0,120,9282004,32,5,730,459380.0,7,19,120.0,0.0,0,0,0,,15
original_five_0,original,"3,4,2,7",2,400,9282006,32,5,730,174.0,0,0,400.0,0.0,0,0,0,,28
original_five_0,original,"2,3,4,7",0,400,9282008,32,5,730,99.0,0,0,400.0,0.0,0,0,0,,32
original_five_0,original,"4,2,6,8",1,120,9282005,32,5,730,1770.0,0,0,120.0,0.0,0,0,0,,25
original_five_0,original,"3,4,7,2",3,400,9282007,32,5,730,132.0,0,0,400.0,0.0,0,0,0,,31
original_five_0,original,"4,6,2,8",2,120,9282006,32,5,730,1084.0,0,0,120.0,0.0,0,0,0,,27
original_five_0,original,"4,6,8,2",3,120,9282007,32,5,730,1542.0,0,0,120.0,0.0,0,0,0,,22
original_five_0,original,"3,2,4,7",1,400,9282009,32,5,730,110.0,0,0,400.0,0.0,0,0,0,,29
original_five_0,original,"2,4,6,8",0,120,9282008,32,5,730,398.0,0,0,120.0,0.0,0,0,0,,29
original_five_0,original,"4,2,6,8",1,120,9282009,32,5,730,1199.0,0,0,120.0,0.0,0,0,0,,24
original_five_0,original,"2,4,6,8",0,400,9282000,32,5,730,868.0,0,0,370.0,30.0,0,0,0,,31
original_five_0,original,"4,2,6,8",1,400,9282001,32,5,730,703.0,0,0,370.0,30.0,0,0,0,,29
original_five_0,original,"4,6,2,8",2,400,9282002,32,5,730,866.0,0,0,370.0,30.0,0,0,0,,30
original_five_0,original,"4,6,8,2",3,400,9282003,32,5,730,890.0,0,0,370.0,30.0,0,0,0,,31
original_five_0,original,"2,4,6,8",0,400,9282004,32,5,730,1056.0,0,0,370.0,30.0,0,0,0,,31
original_five_0,original,"4,2,6,8",1,400,9282005,32,5,730,476.0,0,0,370.0,30.0,0,0,0,,29
original_five_0,original,"4,6,2,8",2,400,9282006,32,5,730,987.0,0,0,370.0,30.0,0,0,0,,31
original_five_0,original,"4,6,8,2",3,400,9282007,32,5,730,652.0,0,0,370.0,30.0,0,0,0,,30
original_five_0,original,"2,6,7,9",0,120,9282000,32,5,730,2163068.0,33,112,120.0,0.0,0,0,0,,14
original_five_0,original,"6,2,7,9",1,120,9282001,32,5,730,1835309.0,28,110,120.0,0.0,0,0,0,,1
original_five_0,original,"2,4,6,8",0,400,9282008,32,5,730,832.0,0,0,370.0,30.0,0,0,0,,27
original_five_0,original,"6,7,2,9",2,120,9282002,32,5,730,919188.0,14,44,120.0,0.0,0,0,0,,10
original_five_0,original,"4,2,6,8",1,400,9282009,32,5,730,866.0,0,0,370.0,30.0,0,0,0,,32
original_five_0,original,"6,7,9,2",3,120,9282003,32,5,730,1312696.0,20,103,120.0,0.0,0,0,0,,5
original_five_0,original,"2,6,7,9",0,120,9282004,32,5,730,2162937.0,33,118,120.0,0.0,0,0,0,,5
original_five_0,original,"6,2,7,9",1,120,9282005,32,5,730,2425642.0,37,145,120.0,0.0,0,0,0,,4
original_five_0,original,"6,7,2,9",2,120,9282006,32,5,730,2294662.0,35,130,120.0,0.0,0,0,0,,4
original_five_0,original,"6,7,9,2",3,120,9282007,32,5,730,2425166.0,37,148,120.0,0.0,0,0,0,,9
original_five_0,original,"2,6,7,9",0,120,9282008,32,5,730,1311210.0,20,69,120.0,0.0,0,0,0,,6
original_five_0,original,"6,2,7,9",1,120,9282009,32,5,730,3278528.0,50,194,120.0,0.0,0,0,0,,1
original_five_0,original,"2,6,7,9",0,400,9282000,32,5,730,202.0,0,0,400.0,0.0,0,0,0,,25
original_five_0,original,"6,2,7,9",1,400,9282001,32,5,730,234.0,0,0,400.0,0.0,0,0,0,,28
original_five_0,original,"6,7,2,9",2,400,9282002,32,5,730,74.0,0,0,400.0,0.0,0,0,0,,27
original_five_0,original,"6,7,9,2",3,400,9282003,32,5,730,207.0,0,0,400.0,0.0,0,0,0,,29
original_five_0,original,"2,6,7,9",0,400,9282004,32,5,730,154.0,0,0,400.0,0.0,0,0,0,,29
original_five_0,original,"6,2,7,9",1,400,9282005,32,5,730,157.0,0,0,400.0,0.0,0,0,0,,32
original_five_0,original,"6,7,2,9",2,400,9282006,32,5,730,248.0,0,0,400.0,0.0,0,0,0,,31
original_five_0,original,"2,7,8,10",0,120,9282000,32,5,730,419.0,0,0,120.0,0.0,0,0,0,,28
original_five_0,original,"6,7,9,2",3,400,9282007,32,5,730,227.0,0,0,400.0,0.0,0,0,0,,30
original_five_0,original,"2,6,7,9",0,400,9282008,32,5,730,342.0,0,0,400.0,0.0,0,0,0,,31
original_five_0,original,"6,2,7,9",1,400,9282009,32,5,730,141.0,0,0,400.0,0.0,0,0,0,,29
original_five_0,original,"7,2,8,10",1,120,9282001,32,5,730,505.0,0,0,120.0,0.0,0,0,0,,30
original_five_0,original,"7,8,2,10",2,120,9282002,32,5,730,397.0,0,0,120.0,0.0,0,0,0,,29
original_five_0,original,"2,7,8,10",0,120,9282004,32,5,730,552.0,0,0,120.0,0.0,0,0,0,,29
original_five_0,original,"7,8,10,2",3,120,9282003,32,5,730,241.0,0,0,120.0,0.0,0,0,0,,30
original_five_0,original,"7,2,8,10",1,120,9282005,32,5,730,238.0,0,0,120.0,0.0,0,0,0,,28
original_five_0,original,"7,8,10,2",3,120,9282007,32,5,730,350.0,0,0,120.0,0.0,0,0,0,,30
original_five_0,original,"7,8,2,10",2,120,9282006,32,5,730,258.0,0,0,120.0,0.0,0,0,0,,27
original_five_0,original,"2,7,8,10",0,120,9282008,32,5,730,349.0,0,0,120.0,0.0,0,0,0,,30
original_five_0,original,"7,2,8,10",1,120,9282009,32,5,730,572.0,0,0,120.0,0.0,0,0,0,,28
original_five_0,original,"2,7,8,10",0,400,9282000,32,5,730,8.0,0,0,400.0,0.0,0,0,0,,26
original_five_0,original,"7,2,8,10",1,400,9282001,32,5,730,8.0,0,0,400.0,0.0,0,0,0,,29
original_five_0,original,"7,8,2,10",2,400,9282002,32,5,730,0.0,0,0,400.0,0.0,0,0,0,,31
original_five_0,original,"7,8,10,2",3,400,9282003,32,5,730,0.0,0,0,400.0,0.0,0,0,0,,32
original_five_0,original,"2,7,8,10",0,400,9282004,32,5,730,25.0,0,0,400.0,0.0,0,0,0,,30
original_five_0,original,"7,2,8,10",1,400,9282005,32,5,730,7.0,0,0,400.0,0.0,0,0,0,,31
original_five_0,original,"7,8,2,10",2,400,9282006,32,5,730,0.0,0,0,400.0,0.0,0,0,0,,31
original_five_0,original,"7,8,10,2",3,400,9282007,32,5,730,41.0,0,0,400.0,0.0,0,0,0,,32
original_five_0,original,"2,7,8,10",0,400,9282008,32,5,730,8.0,0,0,400.0,0.0,0,0,0,,24
original_five_0,original,"7,2,8,10",1,400,9282009,32,5,730,0.0,0,0,400.0,0.0,0,0,0,,31
original_five_0,original,"2,8,9,1",0,120,9282000,32,5,730,853892.0,13,36,120.0,0.0,0,0,0,,8
original_five_0,original,"8,2,9,1",1,120,9282001,32,5,730,1442724.0,22,97,120.0,0.0,0,0,0,,7
original_five_0,original,"8,9,2,1",2,120,9282002,32,5,730,918895.0,14,75,120.0,0.0,0,0,0,,10
original_five_0,original,"8,9,1,2",3,120,9282003,32,5,730,787874.0,12,38,120.0,0.0,0,0,0,,6
original_five_0,original,"2,8,9,1",0,120,9282004,32,5,730,984673.0,15,78,120.0,0.0,0,0,0,,10
original_five_0,original,"8,2,9,1",1,120,9282005,32,5,730,983732.0,15,56,120.0,0.0,0,0,0,,3
original_five_0,original,"8,9,2,1",2,120,9282006,32,5,730,1246710.0,19,81,120.0,0.0,0,0,0,,3
original_five_0,original,"8,9,1,2",3,120,9282007,32,5,730,1377997.0,21,87,120.0,0.0,0,0,0,,9
original_five_0,original,"2,8,9,1",0,120,9282008,32,5,730,985278.0,15,60,120.0,0.0,0,0,0,,11
original_five_0,original,"8,2,9,1",1,120,9282009,32,5,730,1377571.0,21,87,120.0,0.0,0,0,0,,6
original_five_0,original,"2,8,9,1",0,400,9282000,32,5,730,98.0,0,0,400.0,0.0,0,0,0,,28
original_five_0,original,"8,2,9,1",1,400,9282001,32,5,730,265.0,0,0,400.0,0.0,0,0,0,,30
original_five_0,original,"8,9,2,1",2,400,9282002,32,5,730,209.0,0,0,400.0,0.0,0,0,0,,31
original_five_0,original,"8,9,1,2",3,400,9282003,32,5,730,184.0,0,0,400.0,0.0,0,0,0,,30
original_five_0,original,"2,8,9,1",0,400,9282004,32,5,730,120.0,0,0,400.0,0.0,0,0,0,,31
original_five_0,original,"8,2,9,1",1,400,9282005,32,5,730,238.0,0,0,400.0,0.0,0,0,0,,30
original_five_0,original,"8,9,2,1",2,400,9282006,32,5,730,227.0,0,0,400.0,0.0,0,0,0,,30
original_five_0,original,"8,9,1,2",3,400,9282007,32,5,730,213.0,0,0,400.0,0.0,0,0,0,,32
original_five_0,original,"2,8,9,1",0,400,9282008,32,5,730,87.0,0,0,400.0,0.0,0,0,0,,32
original_five_0,original,"8,2,9,1",1,400,9282009,32,5,730,113.0,0,0,400.0,0.0,0,0,0,,28
original_five_0,original,"9,2,10,3",1,120,9282001,32,5,730,1050033.0,16,40,120.0,0.0,0,0,0,,11
original_five_0,original,"2,9,10,3",0,120,9282000,32,5,730,723121.0,11,46,120.0,0.0,0,0,0,,5
original_five_0,original,"9,10,3,2",3,120,9282003,32,5,730,919005.0,14,72,120.0,0.0,0,0,0,,4
original_five_0,original,"9,10,2,3",2,120,9282002,32,5,730,2098345.0,32,106,120.0,0.0,0,0,0,,3
original_five_0,original,"2,9,10,3",0,120,9282004,32,5,730,1705272.0,26,120,120.0,0.0,0,0,0,,3
original_five_0,original,"9,2,10,3",1,120,9282005,32,5,730,1050015.0,16,67,120.0,0.0,0,0,0,,3
original_five_0,original,"9,10,2,3",2,120,9282006,32,5,730,1639478.0,25,98,120.0,0.0,0,0,0,,10
original_five_0,original,"9,10,3,2",3,120,9282007,32,5,730,2426512.0,37,133,120.0,0.0,0,0,0,,3
original_five_0,original,"9,2,10,3",1,120,9282009,32,5,730,1573375.0,24,105,120.0,0.0,0,0,0,,4
original_five_0,original,"2,9,10,3",0,120,9282008,32,5,730,1706413.0,26,117,120.0,0.0,0,0,0,,6
original_five_0,original,"9,2,10,3",1,400,9282001,32,5,730,131.0,0,0,400.0,0.0,0,0,0,,29
original_five_0,original,"2,9,10,3",0,400,9282000,32,5,730,210.0,0,0,400.0,0.0,0,0,0,,30
original_five_0,original,"9,10,2,3",2,400,9282002,32,5,730,150.0,0,0,400.0,0.0,0,0,0,,28
original_five_0,original,"9,10,3,2",3,400,9282003,32,5,730,147.0,0,0,400.0,0.0,0,0,0,,29
original_five_0,original,"2,9,10,3",0,400,9282004,32,5,730,115.0,0,0,400.0,0.0,0,0,0,,32
original_five_0,original,"9,2,10,3",1,400,9282005,32,5,730,192.0,0,0,400.0,0.0,0,0,0,,28
original_five_0,original,"9,10,2,3",2,400,9282006,32,5,730,192.0,0,0,400.0,0.0,0,0,0,,28
original_five_0,original,"9,10,3,2",3,400,9282007,32,5,730,156.0,0,0,400.0,0.0,0,0,0,,28
original_five_0,original,"2,10,1,4",0,120,9282000,32,5,730,1261.0,0,0,120.0,0.0,0,0,0,,28
original_five_0,original,"10,2,1,4",1,120,9282001,32,5,730,1480.0,0,0,120.0,0.0,0,0,0,,23
original_five_0,original,"10,1,4,2",3,120,9282003,32,5,730,1737.0,0,0,120.0,0.0,0,0,0,,26
original_five_0,original,"10,1,2,4",2,120,9282002,32,5,730,808.0,0,0,120.0,0.0,0,0,0,,27
original_five_0,original,"2,10,1,4",0,120,9282004,32,5,730,1220.0,0,0,120.0,0.0,0,0,0,,22
original_five_0,original,"10,2,1,4",1,120,9282005,32,5,730,1431.0,0,0,120.0,0.0,0,0,0,,20
original_five_0,original,"10,1,2,4",2,120,9282006,32,5,730,838.0,0,0,120.0,0.0,0,0,0,,29
original_five_0,original,"10,1,4,2",3,120,9282007,32,5,730,1332.0,0,0,120.0,0.0,0,0,0,,23
original_five_0,original,"2,10,1,4",0,120,9282008,32,5,730,1454.0,0,0,120.0,0.0,0,0,0,,24
original_five_0,original,"10,2,1,4",1,120,9282009,32,5,730,1137.0,0,0,120.0,0.0,0,0,0,,25
original_five_0,original,"2,10,1,4",0,400,9282000,32,5,730,159.0,0,0,400.0,0.0,0,0,0,,29
original_five_0,original,"10,2,1,4",1,400,9282001,32,5,730,111.0,0,0,400.0,0.0,0,0,0,,27
original_five_0,original,"10,1,2,4",2,400,9282002,32,5,730,42.0,0,0,400.0,0.0,0,0,0,,28
original_five_0,original,"10,1,4,2",3,400,9282003,32,5,730,34.0,0,0,400.0,0.0,0,0,0,,26
original_five_0,original,"2,10,1,4",0,400,9282004,32,5,730,66.0,0,0,400.0,0.0,0,0,0,,31
original_five_0,original,"10,2,1,4",1,400,9282005,32,5,730,115.0,0,0,400.0,0.0,0,0,0,,26
original_five_0,original,"10,1,2,4",2,400,9282006,32,5,730,101.0,0,0,400.0,0.0,0,0,0,,28
original_five_0,original,"10,1,4,2",3,400,9282007,32,5,730,74.0,0,0,400.0,0.0,0,0,0,,27
original_five_0,original,"2,10,1,4",0,400,9282008,32,5,730,91.0,0,0,400.0,0.0,0,0,0,,31
original_five_0,original,"10,2,1,4",1,400,9282009,32,5,730,97.0,0,0,400.0,0.0,0,0,0,,27
original_five_0,original,"2,1,1,1",0,120,9282000,32,5,730,112.0,0,0,120.0,0.0,0,0,0,,27
original_five_0,original,"1,2,1,1",1,120,9282001,32,5,730,458.0,0,0,120.0,0.0,0,0,0,,30
original_five_0,original,"1,1,2,1",2,120,9282002,32,5,730,546.0,0,0,120.0,0.0,0,0,0,,28
original_five_0,original,"1,1,1,2",3,120,9282003,32,5,730,10.0,0,0,120.0,0.0,0,0,0,,30
original_five_0,original,"1,2,1,1",1,120,9282005,32,5,730,1044.0,0,0,120.0,0.0,0,0,0,,27
original_five_0,original,"2,1,1,1",0,120,9282004,32,5,730,349.0,0,0,120.0,0.0,0,0,0,,28
original_five_0,original,"1,1,2,1",2,120,9282006,32,5,730,480.0,0,0,120.0,0.0,0,0,0,,25
original_five_0,original,"1,1,1,2",3,120,9282007,32,5,730,60.0,0,0,120.0,0.0,0,0,0,,28
original_five_0,original,"1,2,1,1",1,120,9282009,32,5,730,330.0,0,0,120.0,0.0,0,0,0,,28
original_five_0,original,"2,1,1,1",0,120,9282008,32,5,730,209.0,0,0,120.0,0.0,0,0,0,,28
original_five_0,original,"2,1,1,1",0,400,9282000,32,5,730,11.0,0,0,400.0,0.0,0,0,0,,30
original_five_0,original,"1,2,1,1",1,400,9282001,32,5,730,0.0,0,0,400.0,0.0,0,0,0,,31
original_five_0,original,"1,1,2,1",2,400,9282002,32,5,730,0.0,0,0,400.0,0.0,0,0,0,,27
original_five_0,original,"1,1,1,2",3,400,9282003,32,5,730,8.0,0,0,400.0,0.0,0,0,0,,30
original_five_0,original,"2,1,1,1",0,400,9282004,32,5,730,0.0,0,0,400.0,0.0,0,0,0,,26
original_five_0,original,"1,2,1,1",1,400,9282005,32,5,730,8.0,0,0,400.0,0.0,0,0,0,,28
original_five_0,original,"1,1,2,1",2,400,9282006,32,5,730,8.0,0,0,400.0,0.0,0,0,0,,29
original_five_0,original,"1,1,1,2",3,400,9282007,32,5,730,0.0,0,0,400.0,0.0,0,0,0,,31
original_five_0,original,"2,1,1,1",0,400,9282008,32,5,730,11.0,0,0,400.0,0.0,0,0,0,,27
original_five_0,original,"1,2,1,1",1,400,9282009,32,5,730,19.0,0,0,400.0,0.0,0,0,0,,26
original_five_0,original,"2,9,10,3",0,400,9282008,32,5,730,266.0,0,0,400.0,0.0,0,0,0,,26
original_five_0,original,"9,2,10,3",1,400,9282009,32,5,730,231.0,0,0,400.0,0.0,0,0,0,,28
original_five_0,original,"3,2,3,3",1,120,9282001,32,5,730,280.0,0,0,110.0,10.0,0,0,0,,27
original_five_0,original,"2,3,3,3",0,120,9282000,32,5,730,487.0,0,0,110.0,10.0,0,0,0,,29
original_five_0,original,"3,3,3,2",3,120,9282003,32,5,730,271.0,0,0,110.0,10.0,0,0,0,,28
original_five_0,original,"3,3,2,3",2,120,9282002,32,5,730,493.0,0,0,120.0,0.0,0,0,0,,32
original_five_0,original,"2,3,3,3",0,120,9282004,32,5,730,514.0,0,0,120.0,0.0,0,0,0,,32
original_five_0,original,"3,2,3,3",1,120,9282005,32,5,730,210.0,0,0,110.0,10.0,0,0,0,,24
original_five_0,original,"3,3,2,3",2,120,9282006,32,5,730,672.0,0,0,120.0,0.0,0,0,0,,32
original_five_0,original,"3,3,3,2",3,120,9282007,32,5,730,166.0,0,0,110.0,10.0,0,0,0,,26
original_five_0,original,"2,3,3,3",0,120,9282008,32,5,730,471.0,0,0,100.0,20.0,0,0,0,,25
original_five_0,original,"3,2,3,3",1,120,9282009,32,5,730,65.0,0,0,120.0,0.0,0,0,0,,29
original_five_0,original,"2,3,3,3",0,400,9282000,32,5,730,0.0,0,0,340.0,60.0,0,0,0,,25
original_five_0,original,"3,2,3,3",1,400,9282001,32,5,730,0.0,0,0,340.0,60.0,0,0,0,,27
original_five_0,original,"3,3,2,3",2,400,9282002,32,5,730,0.0,0,0,340.0,60.0,0,0,0,,24
original_five_0,original,"3,3,3,2",3,400,9282003,32,5,730,0.0,0,0,340.0,60.0,0,0,0,,27
original_five_0,original,"2,3,3,3",0,400,9282004,32,5,730,8.0,0,0,340.0,60.0,0,0,0,,28
original_five_0,original,"3,2,3,3",1,400,9282005,32,5,730,0.0,0,0,340.0,60.0,0,0,0,,27
original_five_0,original,"2,4,4,4",0,120,9282000,32,5,730,1916.0,0,0,120.0,0.0,0,0,0,,20
original_five_0,original,"4,2,4,4",1,120,9282001,32,5,730,1566.0,0,0,120.0,0.0,0,0,0,,22
original_five_0,original,"4,4,2,4",2,120,9282002,32,5,730,1801.0,0,0,120.0,0.0,0,0,0,,24
original_five_0,original,"4,4,4,2",3,120,9282003,32,5,730,1289.0,0,0,120.0,0.0,0,0,0,,25
original_five_0,original,"2,4,4,4",0,120,9282004,32,5,730,1694.0,0,0,120.0,0.0,0,0,0,,23
original_five_0,original,"4,2,4,4",1,120,9282005,32,5,730,1226.0,0,0,120.0,0.0,0,0,0,,29
original_five_0,original,"4,4,2,4",2,120,9282006,32,5,730,1015.0,0,0,120.0,0.0,0,0,0,,25
original_five_0,original,"4,4,4,2",3,120,9282007,32,5,730,872.0,0,0,110.0,10.0,0,0,0,,26
original_five_0,original,"2,4,4,4",0,120,9282008,32,5,730,1584.0,0,0,120.0,0.0,0,0,0,,20
original_five_0,original,"4,2,4,4",1,120,9282009,32,5,730,419.0,0,0,120.0,0.0,0,0,0,,28
original_five_0,original,"2,4,4,4",0,400,9282000,32,5,730,903.0,0,0,180.0,220.0,0,0,0,,25
original_five_0,original,"4,2,4,4",1,400,9282001,32,5,730,1370.0,0,0,170.0,230.0,0,0,0,,29
original_five_0,original,"4,4,2,4",2,400,9282002,32,5,730,970.0,0,0,170.0,230.0,0,0,0,,25
original_five_0,original,"4,4,4,2",3,400,9282003,32,5,730,702.0,0,0,190.0,210.0,0,0,0,,30
original_five_0,original,"2,4,4,4",0,400,9282004,32,5,730,1171.0,0,0,170.0,230.0,0,0,0,,29
original_five_0,original,"4,2,4,4",1,400,9282005,32,5,730,1211.0,0,0,170.0,230.0,0,0,0,,29
original_five_0,original,"4,4,2,4",2,400,9282006,32,5,730,766.0,0,0,180.0,220.0,0,0,0,,26
original_five_0,original,"4,4,4,2",3,400,9282007,32,5,730,1017.0,0,0,190.0,210.0,0,0,0,,30
original_five_0,original,"2,4,4,4",0,400,9282008,32,5,730,851.0,0,0,180.0,220.0,0,0,0,,28
original_five_0,original,"4,2,4,4",1,400,9282009,32,5,730,934.0,0,0,190.0,210.0,0,0,0,,29
original_five_0,original,"2,6,6,6",0,120,9282000,32,5,730,0.0,0,0,120.0,0.0,0,0,0,,27
original_five_0,original,"6,2,6,6",1,120,9282001,32,5,730,8.0,0,0,120.0,0.0,0,0,0,,28
original_five_0,original,"3,3,2,3",2,400,9282006,32,5,730,0.0,0,0,340.0,60.0,0,0,0,,24
original_five_0,original,"6,6,2,6",2,120,9282002,32,5,730,44.0,0,0,120.0,0.0,0,0,0,,27
original_five_0,original,"3,3,3,2",3,400,9282007,32,5,730,0.0,0,0,340.0,60.0,0,0,0,,27
original_five_0,original,"6,6,6,2",3,120,9282003,32,5,730,429.0,0,0,110.0,10.0,0,0,0,,23
original_five_0,original,"2,6,6,6",0,120,9282004,32,5,730,64.0,0,0,120.0,0.0,0,0,0,,26
original_five_0,original,"6,2,6,6",1,120,9282005,32,5,730,135.0,0,0,120.0,0.0,0,0,0,,27
original_five_0,original,"6,6,2,6",2,120,9282006,32,5,730,42.0,0,0,120.0,0.0,0,0,0,,28
original_five_0,original,"6,6,6,2",3,120,9282007,32,5,730,93.0,0,0,120.0,0.0,0,0,0,,26
original_five_0,original,"2,6,6,6",0,120,9282008,32,5,730,26.0,0,0,120.0,0.0,0,0,0,,29
original_five_0,original,"6,2,6,6",1,120,9282009,32,5,730,10.0,0,0,120.0,0.0,0,0,0,,30
original_five_0,original,"2,6,6,6",0,400,9282000,32,5,730,44.0,0,0,170.0,230.0,0,0,0,,27
original_five_0,original,"6,2,6,6",1,400,9282001,32,5,730,0.0,0,0,150.0,250.0,0,0,0,,25
original_five_0,original,"6,6,2,6",2,400,9282002,32,5,730,0.0,0,0,160.0,240.0,0,0,0,,26
original_five_0,original,"6,6,6,2",3,400,9282003,32,5,730,0.0,0,0,170.0,230.0,0,0,0,,28
original_five_0,original,"6,2,6,6",1,400,9282005,32,5,730,0.0,0,0,150.0,250.0,0,0,0,,28
original_five_0,original,"2,6,6,6",0,400,9282004,32,5,730,0.0,0,0,150.0,250.0,0,0,0,,26
original_five_0,original,"6,6,2,6",2,400,9282006,32,5,730,0.0,0,0,150.0,250.0,0,0,0,,28
original_five_0,original,"2,7,7,7",0,120,9282000,32,5,730,0.0,0,0,120.0,0.0,0,0,0,,26
original_five_0,original,"7,2,7,7",1,120,9282001,32,5,730,0.0,0,0,120.0,0.0,0,0,0,,29
original_five_0,original,"6,6,6,2",3,400,9282007,32,5,730,0.0,0,0,160.0,240.0,0,0,0,,26
original_five_0,original,"2,6,6,6",0,400,9282008,32,5,730,0.0,0,0,160.0,240.0,0,0,0,,27
original_five_0,original,"6,2,6,6",1,400,9282009,32,5,730,0.0,0,0,140.0,260.0,0,0,0,,23
original_five_0,original,"7,7,2,7",2,120,9282002,32,5,730,0.0,0,0,120.0,0.0,0,0,0,,31
original_five_0,original,"7,7,7,2",3,120,9282003,32,5,730,0.0,0,0,120.0,0.0,0,0,0,,28
original_five_0,original,"2,7,7,7",0,120,9282004,32,5,730,0.0,0,0,120.0,0.0,0,0,0,,28
original_five_0,original,"7,2,7,7",1,120,9282005,32,5,730,0.0,0,0,120.0,0.0,0,0,0,,30
original_five_0,original,"7,7,2,7",2,120,9282006,32,5,730,0.0,0,0,120.0,0.0,0,0,0,,30
original_five_0,original,"7,7,7,2",3,120,9282007,32,5,730,0.0,0,0,120.0,0.0,0,0,0,,28
original_five_0,original,"2,7,7,7",0,120,9282008,32,5,730,0.0,0,0,120.0,0.0,0,0,0,,27
original_five_0,original,"7,2,7,7",1,120,9282009,32,5,730,0.0,0,0,120.0,0.0,0,0,0,,26
original_five_0,original,"2,7,7,7",0,400,9282000,32,5,730,0.0,0,0,400.0,0.0,0,0,0,,26
original_five_0,original,"7,2,7,7",1,400,9282001,32,5,730,16.0,0,0,400.0,0.0,0,0,0,,27
original_five_0,original,"7,7,2,7",2,400,9282002,32,5,730,31.0,0,0,400.0,0.0,0,0,0,,28
original_five_0,original,"7,7,7,2",3,400,9282003,32,5,730,8.0,0,0,400.0,0.0,0,0,0,,27
original_five_0,original,"2,7,7,7",0,400,9282004,32,5,730,15.0,0,0,400.0,0.0,0,0,0,,30
original_five_0,original,"7,2,7,7",1,400,9282005,32,5,730,8.0,0,0,400.0,0.0,0,0,0,,28
original_five_0,original,"7,7,2,7",2,400,9282006,32,5,730,17.0,0,0,400.0,0.0,0,0,0,,25
original_five_0,original,"7,7,7,2",3,400,9282007,32,5,730,20.0,0,0,400.0,0.0,0,0,0,,25
original_five_0,original,"2,7,7,7",0,400,9282008,32,5,730,8.0,0,0,400.0,0.0,0,0,0,,31
original_five_0,original,"7,2,7,7",1,400,9282009,32,5,730,28.0,0,0,400.0,0.0,0,0,0,,22
original_five_0,original,"2,8,8,8",0,120,9282000,32,5,730,249.0,0,0,120.0,0.0,0,0,0,,28
original_five_0,original,"8,2,8,8",1,120,9282001,32,5,730,381.0,0,0,120.0,0.0,0,0,0,,27
original_five_0,original,"8,8,2,8",2,120,9282002,32,5,730,114.0,0,0,120.0,0.0,0,0,0,,28
original_five_0,original,"8,8,8,2",3,120,9282003,32,5,730,263.0,0,0,120.0,0.0,0,0,0,,28
original_five_0,original,"2,8,8,8",0,120,9282004,32,5,730,265.0,0,0,120.0,0.0,0,0,0,,28
original_five_0,original,"8,2,8,8",1,120,9282005,32,5,730,320.0,0,0,120.0,0.0,0,0,0,,28
original_five_0,original,"8,8,2,8",2,120,9282006,32,5,730,604.0,0,0,120.0,0.0,0,0,0,,32
original_five_0,original,"8,8,8,2",3,120,9282007,32,5,730,176.0,0,0,120.0,0.0,0,0,0,,27
original_five_0,original,"2,8,8,8",0,120,9282008,32,5,730,76.0,0,0,120.0,0.0,0,0,0,,28
original_five_0,original,"8,2,8,8",1,120,9282009,32,5,730,132.0,0,0,120.0,0.0,0,0,0,,28
original_five_0,original,"2,8,8,8",0,400,9282000,32,5,730,211.0,0,0,380.0,20.0,0,0,0,,31
original_five_0,original,"8,2,8,8",1,400,9282001,32,5,730,175.0,0,0,370.0,30.0,0,0,0,,32
original_five_0,original,"8,8,2,8",2,400,9282002,32,5,730,9.0,0,0,370.0,30.0,0,0,0,,32
original_five_0,original,"8,8,8,2",3,400,9282003,32,5,730,210.0,0,0,370.0,30.0,0,0,0,,29
original_five_0,original,"2,8,8,8",0,400,9282004,32,5,730,74.0,0,0,380.0,20.0,0,0,0,,32
original_five_0,original,"8,2,8,8",1,400,9282005,32,5,730,102.0,0,0,370.0,30.0,0,0,0,,28
original_five_0,original,"8,8,8,2",3,400,9282007,32,5,730,54.0,0,0,370.0,30.0,0,0,0,,28
original_five_0,original,"8,8,2,8",2,400,9282006,32,5,730,108.0,0,0,370.0,30.0,0,0,0,,29
original_five_0,original,"2,8,8,8",0,400,9282008,32,5,730,76.0,0,0,370.0,30.0,0,0,0,,27
original_five_0,original,"8,2,8,8",1,400,9282009,32,5,730,30.0,0,0,370.0,30.0,0,0,0,,30
original_five_0,original,"9,2,9,9",1,120,9282001,32,5,730,853031.0,13,54,120.0,0.0,0,0,0,,6
original_five_0,original,"2,9,9,9",0,120,9282000,32,5,730,918126.0,14,53,120.0,0.0,0,0,0,,7
original_five_0,original,"9,9,2,9",2,120,9282002,32,5,730,1310743.0,20,67,120.0,0.0,0,0,0,,2
original_five_0,original,"9,9,9,2",3,120,9282003,32,5,730,1311388.0,20,77,120.0,0.0,0,0,0,,6
original_five_0,original,"2,9,9,9",0,120,9282004,32,5,730,1115479.0,17,73,120.0,0.0,0,0,0,,4
original_five_0,original,"9,2,9,9",1,120,9282005,32,5,730,1114771.0,17,64,120.0,0.0,0,0,0,,1
original_five_0,original,"9,9,2,9",2,120,9282006,32,5,730,1049935.0,16,80,120.0,0.0,0,0,0,,1
original_five_0,original,"9,9,9,2",3,120,9282007,32,5,730,2031851.0,31,122,120.0,0.0,0,0,0,,1
original_five_0,original,"2,9,9,9",0,120,9282008,32,5,730,525405.0,8,40,120.0,0.0,0,0,0,,11
original_five_0,original,"9,2,9,9",1,120,9282009,32,5,730,984139.0,15,57,120.0,0.0,0,0,0,,6
original_five_0,original,"2,9,9,9",0,400,9282000,32,5,730,290.0,0,0,400.0,0.0,0,0,0,,32
original_five_0,original,"9,2,9,9",1,400,9282001,32,5,730,414.0,0,0,400.0,0.0,0,0,0,,29
original_five_0,original,"9,9,9,2",3,400,9282003,32,5,730,429.0,0,0,400.0,0.0,0,0,0,,28
original_five_0,original,"9,9,2,9",2,400,9282002,32,5,730,167.0,0,0,400.0,0.0,0,0,0,,26
original_five_0,original,"2,9,9,9",0,400,9282004,32,5,730,143.0,0,0,400.0,0.0,0,0,0,,28
original_five_0,original,"9,2,9,9",1,400,9282005,32,5,730,350.0,0,0,400.0,0.0,0,0,0,,29
original_five_0,original,"9,9,2,9",2,400,9282006,32,5,730,273.0,0,0,400.0,0.0,0,0,0,,27
original_five_0,original,"9,9,9,2",3,400,9282007,32,5,730,289.0,0,0,400.0,0.0,0,0,0,,27
original_five_0,original,"2,9,9,9",0,400,9282008,32,5,730,208.0,0,0,400.0,0.0,0,0,0,,29
original_five_0,original,"9,2,9,9",1,400,9282009,32,5,730,273.0,0,0,400.0,0.0,0,0,0,,32
original_five_0,original,"2,10,10,10",0,120,9282000,32,5,730,535.0,0,0,120.0,0.0,0,0,0,,27
original_five_0,original,"10,2,10,10",1,120,9282001,32,5,730,335.0,0,0,120.0,0.0,0,0,0,,28
original_five_0,original,"10,10,2,10",2,120,9282002,32,5,730,413.0,0,0,120.0,0.0,0,0,0,,29
original_five_0,original,"10,10,10,2",3,120,9282003,32,5,730,498.0,0,0,120.0,0.0,0,0,0,,29
original_five_0,original,"2,10,10,10",0,120,9282004,32,5,730,763.0,0,0,120.0,0.0,0,0,0,,28
original_five_0,original,"10,2,10,10",1,120,9282005,32,5,730,389.0,0,0,120.0,0.0,0,0,0,,29
original_five_0,original,"10,10,2,10",2,120,9282006,32,5,730,272.0,0,0,120.0,0.0,0,0,0,,32
original_five_0,original,"10,10,10,2",3,120,9282007,32,5,730,488.0,0,0,120.0,0.0,0,0,0,,29
original_five_0,original,"2,10,10,10",0,120,9282008,32,5,730,437.0,0,0,120.0,0.0,0,0,0,,29
original_five_0,original,"10,2,10,10",1,120,9282009,32,5,730,499.0,0,0,120.0,0.0,0,0,0,,25
original_five_0,original,"2,10,10,10",0,400,9282000,32,5,730,0.0,0,0,400.0,0.0,0,0,0,,31
original_five_0,original,"10,2,10,10",1,400,9282001,32,5,730,0.0,0,0,400.0,0.0,0,0,0,,28
original_five_0,original,"10,10,2,10",2,400,9282002,32,5,730,30.0,0,0,400.0,0.0,0,0,0,,27
original_five_0,original,"10,10,10,2",3,400,9282003,32,5,730,34.0,0,0,400.0,0.0,0,0,0,,31
original_five_0,original,"2,10,10,10",0,400,9282004,32,5,730,41.0,0,0,400.0,0.0,0,0,0,,30
original_five_0,original,"10,2,10,10",1,400,9282005,32,5,730,8.0,0,0,400.0,0.0,0,0,0,,30
original_five_0,original,"10,10,10,2",3,400,9282007,32,5,730,27.0,0,0,400.0,0.0,0,0,0,,32
original_five_0,original,"10,10,2,10",2,400,9282006,32,5,730,7.0,0,0,400.0,0.0,0,0,0,,31
original_five_0,original,"2,10,10,10",0,400,9282008,32,5,730,20.0,0,0,400.0,0.0,0,0,0,,24
original_five_0,original,"10,2,10,10",1,400,9282009,32,5,730,10.0,0,0,400.0,0.0,0,0,0,,28
fixed_five_0,fixed,"2,1,3,6",0,120,9282000,32,5,730,512.0,0,0,120.0,0.0,0,0,0,,29
fixed_five_0,fixed,"1,2,3,6",1,120,9282001,32,5,730,523.0,0,0,120.0,0.0,0,0,0,,28
fixed_five_0,fixed,"1,3,2,6",2,120,9282002,32,5,730,306.0,0,0,120.0,0.0,0,0,0,,23
fixed_five_0,fixed,"1,3,6,2",3,120,9282003,32,5,730,272.0,0,0,120.0,0.0,0,0,0,,28
original_five_0,original,"2,3,3,3",0,400,9282008,32,5,730,0.0,0,0,340.0,60.0,0,0,0,,28
original_five_0,original,"3,2,3,3",1,400,9282009,32,5,730,0.0,0,0,340.0,60.0,0,0,0,,27
fixed_five_0,fixed,"2,1,3,6",0,120,9282004,32,5,730,258.0,0,0,120.0,0.0,0,0,0,,30
fixed_five_0,fixed,"1,2,3,6",1,120,9282005,32,5,730,376.0,0,0,120.0,0.0,0,0,0,,25
fixed_five_0,fixed,"1,3,2,6",2,120,9282006,32,5,730,176.0,0,0,120.0,0.0,0,0,0,,27
fixed_five_0,fixed,"1,3,6,2",3,120,9282007,32,5,730,277.0,0,0,120.0,0.0,0,0,0,,30
fixed_five_0,fixed,"2,1,3,6",0,120,9282008,32,5,730,416.0,0,0,120.0,0.0,0,0,0,,28
fixed_five_0,fixed,"1,2,3,6",1,120,9282009,32,5,730,292.0,0,0,120.0,0.0,0,0,0,,31
fixed_five_0,fixed,"2,1,3,6",0,400,9282000,32,5,730,0.0,0,0,400.0,0.0,0,0,0,,28
fixed_five_0,fixed,"1,3,2,6",2,400,9282002,32,5,730,10.0,0,0,400.0,0.0,0,0,0,,26
fixed_five_0,fixed,"1,3,6,2",3,400,9282003,32,5,730,0.0,0,0,400.0,0.0,0,0,0,,29
fixed_five_0,fixed,"1,2,3,6",1,400,9282001,32,5,730,0.0,0,0,400.0,0.0,0,0,0,,27
fixed_five_0,fixed,"2,1,3,6",0,400,9282004,32,5,730,0.0,0,0,400.0,0.0,0,0,0,,27
fixed_five_0,fixed,"1,2,3,6",1,400,9282005,32,5,730,0.0,0,0,400.0,0.0,0,0,0,,28
fixed_five_0,fixed,"1,3,2,6",2,400,9282006,32,5,730,18.0,0,0,400.0,0.0,0,0,0,,29
fixed_five_0,fixed,"1,3,6,2",3,400,9282007,32,5,730,8.0,0,0,400.0,0.0,0,0,0,,29
fixed_five_0,fixed,"2,1,3,6",0,400,9282008,32,5,730,10.0,0,0,400.0,0.0,0,0,0,,32
fixed_five_0,fixed,"2,3,4,7",0,120,9282000,32,5,730,124.0,0,0,120.0,0.0,0,0,0,,26
fixed_five_0,fixed,"1,2,3,6",1,400,9282009,32,5,730,0.0,0,0,400.0,0.0,0,0,0,,28
fixed_five_0,fixed,"3,2,4,7",1,120,9282001,32,5,730,137.0,0,0,120.0,0.0,0,0,0,,27
fixed_five_0,fixed,"3,4,2,7",2,120,9282002,32,5,730,564.0,0,0,120.0,0.0,0,0,0,,29
fixed_five_0,fixed,"3,4,7,2",3,120,9282003,32,5,730,1073.0,0,0,120.0,0.0,0,0,0,,21
fixed_five_0,fixed,"2,3,4,7",0,120,9282004,32,5,730,488.0,0,0,120.0,0.0,0,0,0,,25
fixed_five_0,fixed,"3,2,4,7",1,120,9282005,32,5,730,813.0,0,0,120.0,0.0,0,0,0,,20
fixed_five_0,fixed,"3,4,2,7",2,120,9282006,32,5,730,684.0,0,0,120.0,0.0,0,0,0,,23
fixed_five_0,fixed,"3,4,7,2",3,120,9282007,32,5,730,854.0,0,0,120.0,0.0,0,0,0,,22
fixed_five_0,fixed,"2,3,4,7",0,120,9282008,32,5,730,229.0,0,0,120.0,0.0,0,0,0,,26
fixed_five_0,fixed,"2,3,4,7",0,400,9282000,32,5,730,101.0,0,0,400.0,0.0,0,0,0,,28
fixed_five_0,fixed,"3,2,4,7",1,120,9282009,32,5,730,134.0,0,0,120.0,0.0,0,0,0,,27
fixed_five_0,fixed,"3,2,4,7",1,400,9282001,32,5,730,54.0,0,0,400.0,0.0,0,0,0,,28
fixed_five_0,fixed,"3,4,2,7",2,400,9282002,32,5,730,86.0,0,0,400.0,0.0,0,0,0,,30
fixed_five_0,fixed,"3,4,7,2",3,400,9282003,32,5,730,139.0,0,0,400.0,0.0,0,0,0,,28
fixed_five_0,fixed,"2,3,4,7",0,400,9282004,32,5,730,73.0,0,0,400.0,0.0,0,0,0,,32
fixed_five_0,fixed,"3,4,2,7",2,400,9282006,32,5,730,174.0,0,0,400.0,0.0,0,0,0,,28
fixed_five_0,fixed,"3,2,4,7",1,400,9282005,32,5,730,146.0,0,0,400.0,0.0,0,0,0,,29
fixed_five_0,fixed,"2,4,6,8",0,120,9282000,32,5,730,1807.0,0,0,120.0,0.0,0,0,0,,21
fixed_five_0,fixed,"3,4,7,2",3,400,9282007,32,5,730,132.0,0,0,400.0,0.0,0,0,0,,31
fixed_five_0,fixed,"2,3,4,7",0,400,9282008,32,5,730,99.0,0,0,400.0,0.0,0,0,0,,32
fixed_five_0,fixed,"3,2,4,7",1,400,9282009,32,5,730,110.0,0,0,400.0,0.0,0,0,0,,29
fixed_five_0,fixed,"4,2,6,8",1,120,9282001,32,5,730,1143.0,0,0,120.0,0.0,0,0,0,,29
fixed_five_0,fixed,"4,6,2,8",2,120,9282002,32,5,730,1720.0,0,0,120.0,0.0,0,0,0,,24
fixed_five_0,fixed,"4,6,8,2",3,120,9282003,32,5,730,1208.0,0,0,120.0,0.0,0,0,0,,21
fixed_five_0,fixed,"2,4,6,8",0,120,9282004,32,5,730,459380.0,7,19,120.0,0.0,0,0,0,,15
fixed_five_0,fixed,"4,2,6,8",1,120,9282005,32,5,730,1770.0,0,0,120.0,0.0,0,0,0,,25
fixed_five_0,fixed,"4,6,2,8",2,120,9282006,32,5,730,1084.0,0,0,120.0,0.0,0,0,0,,27
fixed_five_0,fixed,"4,6,8,2",3,120,9282007,32,5,730,1542.0,0,0,120.0,0.0,0,0,0,,22
fixed_five_0,fixed,"2,4,6,8",0,120,9282008,32,5,730,398.0,0,0,120.0,0.0,0,0,0,,29
fixed_five_0,fixed,"4,2,6,8",1,120,9282009,32,5,730,1199.0,0,0,120.0,0.0,0,0,0,,24
fixed_five_0,fixed,"2,4,6,8",0,400,9282000,32,5,730,868.0,0,0,370.0,30.0,0,0,0,,31
fixed_five_0,fixed,"4,2,6,8",1,400,9282001,32,5,730,703.0,0,0,370.0,30.0,0,0,0,,29
fixed_five_0,fixed,"4,6,2,8",2,400,9282002,32,5,730,866.0,0,0,370.0,30.0,0,0,0,,30
fixed_five_0,fixed,"4,6,8,2",3,400,9282003,32,5,730,890.0,0,0,370.0,30.0,0,0,0,,31
fixed_five_0,fixed,"2,4,6,8",0,400,9282004,32,5,730,1056.0,0,0,370.0,30.0,0,0,0,,31
fixed_five_0,fixed,"4,2,6,8",1,400,9282005,32,5,730,476.0,0,0,370.0,30.0,0,0,0,,29
fixed_five_0,fixed,"4,6,2,8",2,400,9282006,32,5,730,987.0,0,0,370.0,30.0,0,0,0,,31
fixed_five_0,fixed,"4,6,8,2",3,400,9282007,32,5,730,652.0,0,0,370.0,30.0,0,0,0,,30
fixed_five_0,fixed,"2,6,7,9",0,120,9282000,32,5,730,2163068.0,33,112,120.0,0.0,0,0,0,,14
fixed_five_0,fixed,"2,4,6,8",0,400,9282008,32,5,730,832.0,0,0,370.0,30.0,0,0,0,,27
fixed_five_0,fixed,"4,2,6,8",1,400,9282009,32,5,730,866.0,0,0,370.0,30.0,0,0,0,,32
fixed_five_0,fixed,"6,2,7,9",1,120,9282001,32,5,730,1835309.0,28,110,120.0,0.0,0,0,0,,1
fixed_five_0,fixed,"6,7,2,9",2,120,9282002,32,5,730,919188.0,14,44,120.0,0.0,0,0,0,,10
fixed_five_0,fixed,"6,7,9,2",3,120,9282003,32,5,730,1312696.0,20,103,120.0,0.0,0,0,0,,5
fixed_five_0,fixed,"2,6,7,9",0,120,9282004,32,5,730,2162937.0,33,118,120.0,0.0,0,0,0,,5
fixed_five_0,fixed,"6,2,7,9",1,120,9282005,32,5,730,2425642.0,37,145,120.0,0.0,0,0,0,,4
fixed_five_0,fixed,"6,7,9,2",3,120,9282007,32,5,730,2425166.0,37,148,120.0,0.0,0,0,0,,9
fixed_five_0,fixed,"6,7,2,9",2,120,9282006,32,5,730,2294662.0,35,130,120.0,0.0,0,0,0,,4
fixed_five_0,fixed,"2,6,7,9",0,120,9282008,32,5,730,1311210.0,20,69,120.0,0.0,0,0,0,,6
fixed_five_0,fixed,"6,2,7,9",1,120,9282009,32,5,730,3278528.0,50,194,120.0,0.0,0,0,0,,1
fixed_five_0,fixed,"6,2,7,9",1,400,9282001,32,5,730,234.0,0,0,400.0,0.0,0,0,0,,28
fixed_five_0,fixed,"2,6,7,9",0,400,9282000,32,5,730,202.0,0,0,400.0,0.0,0,0,0,,25
fixed_five_0,fixed,"6,7,9,2",3,400,9282003,32,5,730,207.0,0,0,400.0,0.0,0,0,0,,29
fixed_five_0,fixed,"6,7,2,9",2,400,9282002,32,5,730,74.0,0,0,400.0,0.0,0,0,0,,27
fixed_five_0,fixed,"2,6,7,9",0,400,9282004,32,5,730,154.0,0,0,400.0,0.0,0,0,0,,29
fixed_five_0,fixed,"6,2,7,9",1,400,9282005,32,5,730,157.0,0,0,400.0,0.0,0,0,0,,32
fixed_five_0,fixed,"6,7,2,9",2,400,9282006,32,5,730,248.0,0,0,400.0,0.0,0,0,0,,31
fixed_five_0,fixed,"6,7,9,2",3,400,9282007,32,5,730,227.0,0,0,400.0,0.0,0,0,0,,30
fixed_five_0,fixed,"6,2,7,9",1,400,9282009,32,5,730,141.0,0,0,400.0,0.0,0,0,0,,29
fixed_five_0,fixed,"2,6,7,9",0,400,9282008,32,5,730,342.0,0,0,400.0,0.0,0,0,0,,31
fixed_five_0,fixed,"2,7,8,10",0,120,9282000,32,5,730,419.0,0,0,120.0,0.0,0,0,0,,28
fixed_five_0,fixed,"7,2,8,10",1,120,9282001,32,5,730,505.0,0,0,120.0,0.0,0,0,0,,30
fixed_five_0,fixed,"7,8,2,10",2,120,9282002,32,5,730,397.0,0,0,120.0,0.0,0,0,0,,29
fixed_five_0,fixed,"2,7,8,10",0,120,9282004,32,5,730,552.0,0,0,120.0,0.0,0,0,0,,29
fixed_five_0,fixed,"7,2,8,10",1,120,9282005,32,5,730,238.0,0,0,120.0,0.0,0,0,0,,28
fixed_five_0,fixed,"7,8,10,2",3,120,9282003,32,5,730,241.0,0,0,120.0,0.0,0,0,0,,30
fixed_five_0,fixed,"7,8,10,2",3,120,9282007,32,5,730,350.0,0,0,120.0,0.0,0,0,0,,30
fixed_five_0,fixed,"7,8,2,10",2,120,9282006,32,5,730,258.0,0,0,120.0,0.0,0,0,0,,27
fixed_five_0,fixed,"2,7,8,10",0,120,9282008,32,5,730,349.0,0,0,120.0,0.0,0,0,0,,30
fixed_five_0,fixed,"7,2,8,10",1,120,9282009,32,5,730,572.0,0,0,120.0,0.0,0,0,0,,28
fixed_five_0,fixed,"7,2,8,10",1,400,9282001,32,5,730,8.0,0,0,400.0,0.0,0,0,0,,29
fixed_five_0,fixed,"2,7,8,10",0,400,9282000,32,5,730,8.0,0,0,400.0,0.0,0,0,0,,26
fixed_five_0,fixed,"7,8,2,10",2,400,9282002,32,5,730,0.0,0,0,400.0,0.0,0,0,0,,31
fixed_five_0,fixed,"7,8,10,2",3,400,9282003,32,5,730,0.0,0,0,400.0,0.0,0,0,0,,32
fixed_five_0,fixed,"2,7,8,10",0,400,9282004,32,5,730,25.0,0,0,400.0,0.0,0,0,0,,30
fixed_five_0,fixed,"7,2,8,10",1,400,9282005,32,5,730,7.0,0,0,400.0,0.0,0,0,0,,31
fixed_five_0,fixed,"7,8,2,10",2,400,9282006,32,5,730,0.0,0,0,400.0,0.0,0,0,0,,31
fixed_five_0,fixed,"7,8,10,2",3,400,9282007,32,5,730,41.0,0,0,400.0,0.0,0,0,0,,32
fixed_five_0,fixed,"2,7,8,10",0,400,9282008,32,5,730,8.0,0,0,400.0,0.0,0,0,0,,24
fixed_five_0,fixed,"7,2,8,10",1,400,9282009,32,5,730,0.0,0,0,400.0,0.0,0,0,0,,31
fixed_five_0,fixed,"2,8,9,1",0,120,9282000,32,5,730,853892.0,13,36,120.0,0.0,0,0,0,,8
fixed_five_0,fixed,"8,2,9,1",1,120,9282001,32,5,730,1442724.0,22,97,120.0,0.0,0,0,0,,7
fixed_five_0,fixed,"8,9,2,1",2,120,9282002,32,5,730,918895.0,14,75,120.0,0.0,0,0,0,,10
fixed_five_0,fixed,"8,9,1,2",3,120,9282003,32,5,730,787874.0,12,38,120.0,0.0,0,0,0,,6
fixed_five_0,fixed,"8,2,9,1",1,120,9282005,32,5,730,983732.0,15,56,120.0,0.0,0,0,0,,3
fixed_five_0,fixed,"2,8,9,1",0,120,9282004,32,5,730,984673.0,15,78,120.0,0.0,0,0,0,,10
fixed_five_0,fixed,"8,9,2,1",2,120,9282006,32,5,730,1246710.0,19,81,120.0,0.0,0,0,0,,3
fixed_five_0,fixed,"8,9,1,2",3,120,9282007,32,5,730,1377997.0,21,87,120.0,0.0,0,0,0,,9
fixed_five_0,fixed,"2,8,9,1",0,120,9282008,32,5,730,985278.0,15,60,120.0,0.0,0,0,0,,11
fixed_five_0,fixed,"8,2,9,1",1,120,9282009,32,5,730,1377571.0,21,87,120.0,0.0,0,0,0,,6
fixed_five_0,fixed,"2,8,9,1",0,400,9282000,32,5,730,98.0,0,0,400.0,0.0,0,0,0,,28
fixed_five_0,fixed,"8,2,9,1",1,400,9282001,32,5,730,265.0,0,0,400.0,0.0,0,0,0,,30
fixed_five_0,fixed,"8,9,2,1",2,400,9282002,32,5,730,209.0,0,0,400.0,0.0,0,0,0,,31
fixed_five_0,fixed,"8,9,1,2",3,400,9282003,32,5,730,184.0,0,0,400.0,0.0,0,0,0,,30
fixed_five_0,fixed,"2,8,9,1",0,400,9282004,32,5,730,120.0,0,0,400.0,0.0,0,0,0,,31
fixed_five_0,fixed,"8,9,2,1",2,400,9282006,32,5,730,227.0,0,0,400.0,0.0,0,0,0,,30
fixed_five_0,fixed,"8,2,9,1",1,400,9282005,32,5,730,238.0,0,0,400.0,0.0,0,0,0,,30
fixed_five_0,fixed,"8,9,1,2",3,400,9282007,32,5,730,213.0,0,0,400.0,0.0,0,0,0,,32
fixed_five_0,fixed,"2,8,9,1",0,400,9282008,32,5,730,87.0,0,0,400.0,0.0,0,0,0,,32
fixed_five_0,fixed,"8,2,9,1",1,400,9282009,32,5,730,113.0,0,0,400.0,0.0,0,0,0,,28
fixed_five_0,fixed,"9,10,2,3",2,120,9282002,32,5,730,2098345.0,32,106,120.0,0.0,0,0,0,,3
fixed_five_0,fixed,"2,9,10,3",0,120,9282000,32,5,730,723121.0,11,46,120.0,0.0,0,0,0,,5
fixed_five_0,fixed,"9,2,10,3",1,120,9282001,32,5,730,1050033.0,16,40,120.0,0.0,0,0,0,,11
fixed_five_0,fixed,"9,10,3,2",3,120,9282003,32,5,730,919005.0,14,72,120.0,0.0,0,0,0,,4
fixed_five_0,fixed,"2,9,10,3",0,120,9282004,32,5,730,1705272.0,26,120,120.0,0.0,0,0,0,,3
fixed_five_0,fixed,"9,2,10,3",1,120,9282005,32,5,730,1050015.0,16,67,120.0,0.0,0,0,0,,3
fixed_five_0,fixed,"9,10,3,2",3,120,9282007,32,5,730,2426512.0,37,133,120.0,0.0,0,0,0,,3
fixed_five_0,fixed,"9,10,2,3",2,120,9282006,32,5,730,1639478.0,25,98,120.0,0.0,0,0,0,,10
fixed_five_0,fixed,"2,9,10,3",0,120,9282008,32,5,730,1706413.0,26,117,120.0,0.0,0,0,0,,6
fixed_five_0,fixed,"9,2,10,3",1,120,9282009,32,5,730,1573375.0,24,105,120.0,0.0,0,0,0,,4
fixed_five_0,fixed,"2,9,10,3",0,400,9282000,32,5,730,210.0,0,0,400.0,0.0,0,0,0,,30
fixed_five_0,fixed,"9,2,10,3",1,400,9282001,32,5,730,131.0,0,0,400.0,0.0,0,0,0,,29
fixed_five_0,fixed,"9,10,2,3",2,400,9282002,32,5,730,150.0,0,0,400.0,0.0,0,0,0,,28
fixed_five_0,fixed,"9,10,3,2",3,400,9282003,32,5,730,147.0,0,0,400.0,0.0,0,0,0,,29
fixed_five_0,fixed,"2,9,10,3",0,400,9282004,32,5,730,115.0,0,0,400.0,0.0,0,0,0,,32
fixed_five_0,fixed,"9,2,10,3",1,400,9282005,32,5,730,192.0,0,0,400.0,0.0,0,0,0,,28
fixed_five_0,fixed,"2,10,1,4",0,120,9282000,32,5,730,1261.0,0,0,120.0,0.0,0,0,0,,28
fixed_five_0,fixed,"9,10,3,2",3,400,9282007,32,5,730,156.0,0,0,400.0,0.0,0,0,0,,28
fixed_five_0,fixed,"10,2,1,4",1,120,9282001,32,5,730,1480.0,0,0,120.0,0.0,0,0,0,,23
fixed_five_0,fixed,"9,10,2,3",2,400,9282006,32,5,730,192.0,0,0,400.0,0.0,0,0,0,,28
fixed_five_0,fixed,"10,1,4,2",3,120,9282003,32,5,730,1737.0,0,0,120.0,0.0,0,0,0,,26
fixed_five_0,fixed,"10,1,2,4",2,120,9282002,32,5,730,808.0,0,0,120.0,0.0,0,0,0,,27
fixed_five_0,fixed,"2,10,1,4",0,120,9282004,32,5,730,1220.0,0,0,120.0,0.0,0,0,0,,22
fixed_five_0,fixed,"10,2,1,4",1,120,9282005,32,5,730,1431.0,0,0,120.0,0.0,0,0,0,,20
fixed_five_0,fixed,"10,1,2,4",2,120,9282006,32,5,730,838.0,0,0,120.0,0.0,0,0,0,,29
fixed_five_0,fixed,"10,1,4,2",3,120,9282007,32,5,730,1332.0,0,0,120.0,0.0,0,0,0,,23
fixed_five_0,fixed,"2,10,1,4",0,120,9282008,32,5,730,1454.0,0,0,120.0,0.0,0,0,0,,24
fixed_five_0,fixed,"10,2,1,4",1,120,9282009,32,5,730,1137.0,0,0,120.0,0.0,0,0,0,,25
fixed_five_0,fixed,"2,10,1,4",0,400,9282000,32,5,730,159.0,0,0,400.0,0.0,0,0,0,,29
fixed_five_0,fixed,"10,2,1,4",1,400,9282001,32,5,730,111.0,0,0,400.0,0.0,0,0,0,,27
fixed_five_0,fixed,"10,1,2,4",2,400,9282002,32,5,730,42.0,0,0,400.0,0.0,0,0,0,,28
fixed_five_0,fixed,"10,1,4,2",3,400,9282003,32,5,730,34.0,0,0,400.0,0.0,0,0,0,,26
fixed_five_0,fixed,"2,10,1,4",0,400,9282004,32,5,730,66.0,0,0,400.0,0.0,0,0,0,,31
fixed_five_0,fixed,"10,2,1,4",1,400,9282005,32,5,730,115.0,0,0,400.0,0.0,0,0,0,,26
fixed_five_0,fixed,"10,1,2,4",2,400,9282006,32,5,730,101.0,0,0,400.0,0.0,0,0,0,,28
fixed_five_0,fixed,"10,1,4,2",3,400,9282007,32,5,730,74.0,0,0,400.0,0.0,0,0,0,,27
fixed_five_0,fixed,"2,1,1,1",0,120,9282000,32,5,730,112.0,0,0,120.0,0.0,0,0,0,,27
fixed_five_0,fixed,"1,2,1,1",1,120,9282001,32,5,730,458.0,0,0,120.0,0.0,0,0,0,,30
fixed_five_0,fixed,"2,10,1,4",0,400,9282008,32,5,730,91.0,0,0,400.0,0.0,0,0,0,,31
fixed_five_0,fixed,"10,2,1,4",1,400,9282009,32,5,730,97.0,0,0,400.0,0.0,0,0,0,,27
fixed_five_0,fixed,"1,1,2,1",2,120,9282002,32,5,730,546.0,0,0,120.0,0.0,0,0,0,,28
fixed_five_0,fixed,"1,1,1,2",3,120,9282003,32,5,730,10.0,0,0,120.0,0.0,0,0,0,,30
fixed_five_0,fixed,"2,1,1,1",0,120,9282004,32,5,730,349.0,0,0,120.0,0.0,0,0,0,,28
fixed_five_0,fixed,"1,2,1,1",1,120,9282005,32,5,730,1044.0,0,0,120.0,0.0,0,0,0,,27
fixed_five_0,fixed,"1,1,2,1",2,120,9282006,32,5,730,480.0,0,0,120.0,0.0,0,0,0,,25
fixed_five_0,fixed,"2,1,1,1",0,120,9282008,32,5,730,209.0,0,0,120.0,0.0,0,0,0,,28
fixed_five_0,fixed,"1,1,1,2",3,120,9282007,32,5,730,60.0,0,0,120.0,0.0,0,0,0,,28
fixed_five_0,fixed,"1,2,1,1",1,120,9282009,32,5,730,330.0,0,0,120.0,0.0,0,0,0,,28
fixed_five_0,fixed,"2,1,1,1",0,400,9282000,32,5,730,11.0,0,0,400.0,0.0,0,0,0,,30
fixed_five_0,fixed,"1,2,1,1",1,400,9282001,32,5,730,0.0,0,0,400.0,0.0,0,0,0,,31
fixed_five_0,fixed,"1,1,2,1",2,400,9282002,32,5,730,0.0,0,0,400.0,0.0,0,0,0,,27
fixed_five_0,fixed,"1,1,1,2",3,400,9282003,32,5,730,8.0,0,0,400.0,0.0,0,0,0,,30
fixed_five_0,fixed,"2,1,1,1",0,400,9282004,32,5,730,0.0,0,0,400.0,0.0,0,0,0,,26
fixed_five_0,fixed,"1,2,1,1",1,400,9282005,32,5,730,8.0,0,0,400.0,0.0,0,0,0,,28
fixed_five_0,fixed,"1,1,2,1",2,400,9282006,32,5,730,8.0,0,0,400.0,0.0,0,0,0,,29
fixed_five_0,fixed,"1,1,1,2",3,400,9282007,32,5,730,0.0,0,0,400.0,0.0,0,0,0,,31
fixed_five_0,fixed,"2,1,1,1",0,400,9282008,32,5,730,11.0,0,0,400.0,0.0,0,0,0,,27
fixed_five_0,fixed,"1,2,1,1",1,400,9282009,32,5,730,19.0,0,0,400.0,0.0,0,0,0,,26
fixed_five_0,fixed,"9,2,10,3",1,400,9282009,32,5,730,231.0,0,0,400.0,0.0,0,0,0,,28
fixed_five_0,fixed,"2,9,10,3",0,400,9282008,32,5,730,266.0,0,0,400.0,0.0,0,0,0,,26
fixed_five_0,fixed,"2,3,3,3",0,120,9282000,32,5,730,487.0,0,0,110.0,10.0,0,0,0,,29
fixed_five_0,fixed,"3,2,3,3",1,120,9282001,32,5,730,280.0,0,0,110.0,10.0,0,0,0,,27
fixed_five_0,fixed,"3,3,3,2",3,120,9282003,32,5,730,271.0,0,0,110.0,10.0,0,0,0,,28
fixed_five_0,fixed,"3,3,2,3",2,120,9282002,32,5,730,493.0,0,0,120.0,0.0,0,0,0,,32
fixed_five_0,fixed,"2,3,3,3",0,120,9282004,32,5,730,514.0,0,0,120.0,0.0,0,0,0,,32
fixed_five_0,fixed,"3,2,3,3",1,120,9282005,32,5,730,210.0,0,0,110.0,10.0,0,0,0,,24
fixed_five_0,fixed,"3,3,2,3",2,120,9282006,32,5,730,672.0,0,0,120.0,0.0,0,0,0,,32
fixed_five_0,fixed,"3,3,3,2",3,120,9282007,32,5,730,166.0,0,0,110.0,10.0,0,0,0,,26
fixed_five_0,fixed,"2,3,3,3",0,120,9282008,32,5,730,471.0,0,0,100.0,20.0,0,0,0,,25
fixed_five_0,fixed,"3,2,3,3",1,120,9282009,32,5,730,65.0,0,0,120.0,0.0,0,0,0,,29
fixed_five_0,fixed,"2,3,3,3",0,400,9282000,32,5,730,0.0,0,0,340.0,60.0,0,0,0,,25
fixed_five_0,fixed,"3,2,3,3",1,400,9282001,32,5,730,0.0,0,0,340.0,60.0,0,0,0,,27
fixed_five_0,fixed,"3,3,2,3",2,400,9282002,32,5,730,0.0,0,0,340.0,60.0,0,0,0,,24
fixed_five_0,fixed,"3,3,3,2",3,400,9282003,32,5,730,0.0,0,0,340.0,60.0,0,0,0,,27
fixed_five_0,fixed,"2,3,3,3",0,400,9282004,32,5,730,8.0,0,0,340.0,60.0,0,0,0,,28
fixed_five_0,fixed,"2,4,4,4",0,120,9282000,32,5,730,1916.0,0,0,120.0,0.0,0,0,0,,20
fixed_five_0,fixed,"3,2,3,3",1,400,9282005,32,5,730,0.0,0,0,340.0,60.0,0,0,0,,27
fixed_five_0,fixed,"4,2,4,4",1,120,9282001,32,5,730,1566.0,0,0,120.0,0.0,0,0,0,,22
fixed_five_0,fixed,"4,4,2,4",2,120,9282002,32,5,730,1801.0,0,0,120.0,0.0,0,0,0,,24
fixed_five_0,fixed,"4,4,4,2",3,120,9282003,32,5,730,1289.0,0,0,120.0,0.0,0,0,0,,25
fixed_five_0,fixed,"2,4,4,4",0,120,9282004,32,5,730,1694.0,0,0,120.0,0.0,0,0,0,,23
fixed_five_0,fixed,"4,2,4,4",1,120,9282005,32,5,730,1226.0,0,0,120.0,0.0,0,0,0,,29
fixed_five_0,fixed,"4,4,2,4",2,120,9282006,32,5,730,1015.0,0,0,120.0,0.0,0,0,0,,25
fixed_five_0,fixed,"4,4,4,2",3,120,9282007,32,5,730,872.0,0,0,110.0,10.0,0,0,0,,26
fixed_five_0,fixed,"2,4,4,4",0,120,9282008,32,5,730,1584.0,0,0,120.0,0.0,0,0,0,,20
fixed_five_0,fixed,"4,2,4,4",1,120,9282009,32,5,730,419.0,0,0,120.0,0.0,0,0,0,,28
fixed_five_0,fixed,"2,4,4,4",0,400,9282000,32,5,730,903.0,0,0,180.0,220.0,0,0,0,,25
fixed_five_0,fixed,"4,2,4,4",1,400,9282001,32,5,730,1370.0,0,0,170.0,230.0,0,0,0,,29
fixed_five_0,fixed,"4,4,2,4",2,400,9282002,32,5,730,970.0,0,0,170.0,230.0,0,0,0,,25
fixed_five_0,fixed,"4,4,4,2",3,400,9282003,32,5,730,702.0,0,0,190.0,210.0,0,0,0,,30
fixed_five_0,fixed,"2,4,4,4",0,400,9282004,32,5,730,1171.0,0,0,170.0,230.0,0,0,0,,29
fixed_five_0,fixed,"4,2,4,4",1,400,9282005,32,5,730,1211.0,0,0,170.0,230.0,0,0,0,,29
fixed_five_0,fixed,"4,4,2,4",2,400,9282006,32,5,730,766.0,0,0,180.0,220.0,0,0,0,,26
fixed_five_0,fixed,"4,4,4,2",3,400,9282007,32,5,730,1017.0,0,0,190.0,210.0,0,0,0,,30
fixed_five_0,fixed,"2,4,4,4",0,400,9282008,32,5,730,851.0,0,0,180.0,220.0,0,0,0,,28
fixed_five_0,fixed,"4,2,4,4",1,400,9282009,32,5,730,934.0,0,0,190.0,210.0,0,0,0,,29
fixed_five_0,fixed,"3,3,3,2",3,400,9282007,32,5,730,0.0,0,0,340.0,60.0,0,0,0,,27
fixed_five_0,fixed,"2,6,6,6",0,120,9282000,32,5,730,0.0,0,0,120.0,0.0,0,0,0,,27
fixed_five_0,fixed,"3,3,2,3",2,400,9282006,32,5,730,0.0,0,0,340.0,60.0,0,0,0,,24
fixed_five_0,fixed,"6,2,6,6",1,120,9282001,32,5,730,8.0,0,0,120.0,0.0,0,0,0,,28
fixed_five_0,fixed,"6,6,2,6",2,120,9282002,32,5,730,44.0,0,0,120.0,0.0,0,0,0,,27
fixed_five_0,fixed,"6,6,6,2",3,120,9282003,32,5,730,429.0,0,0,110.0,10.0,0,0,0,,23
fixed_five_0,fixed,"2,6,6,6",0,120,9282004,32,5,730,64.0,0,0,120.0,0.0,0,0,0,,26
fixed_five_0,fixed,"6,2,6,6",1,120,9282005,32,5,730,135.0,0,0,120.0,0.0,0,0,0,,27
fixed_five_0,fixed,"6,6,2,6",2,120,9282006,32,5,730,42.0,0,0,120.0,0.0,0,0,0,,28
fixed_five_0,fixed,"6,6,6,2",3,120,9282007,32,5,730,93.0,0,0,120.0,0.0,0,0,0,,26
fixed_five_0,fixed,"2,6,6,6",0,120,9282008,32,5,730,26.0,0,0,120.0,0.0,0,0,0,,29
fixed_five_0,fixed,"6,2,6,6",1,120,9282009,32,5,730,10.0,0,0,120.0,0.0,0,0,0,,30
fixed_five_0,fixed,"2,6,6,6",0,400,9282000,32,5,730,44.0,0,0,170.0,230.0,0,0,0,,27
fixed_five_0,fixed,"6,2,6,6",1,400,9282001,32,5,730,0.0,0,0,150.0,250.0,0,0,0,,25
fixed_five_0,fixed,"6,6,2,6",2,400,9282002,32,5,730,0.0,0,0,160.0,240.0,0,0,0,,26
fixed_five_0,fixed,"6,6,6,2",3,400,9282003,32,5,730,0.0,0,0,170.0,230.0,0,0,0,,28
fixed_five_0,fixed,"2,6,6,6",0,400,9282004,32,5,730,0.0,0,0,150.0,250.0,0,0,0,,26
fixed_five_0,fixed,"6,2,6,6",1,400,9282005,32,5,730,0.0,0,0,150.0,250.0,0,0,0,,28
fixed_five_0,fixed,"6,6,2,6",2,400,9282006,32,5,730,0.0,0,0,150.0,250.0,0,0,0,,28
fixed_five_0,fixed,"6,6,6,2",3,400,9282007,32,5,730,0.0,0,0,160.0,240.0,0,0,0,,26
fixed_five_0,fixed,"2,7,7,7",0,120,9282000,32,5,730,0.0,0,0,120.0,0.0,0,0,0,,26
fixed_five_0,fixed,"7,2,7,7",1,120,9282001,32,5,730,0.0,0,0,120.0,0.0,0,0,0,,29
fixed_five_0,fixed,"7,7,2,7",2,120,9282002,32,5,730,0.0,0,0,120.0,0.0,0,0,0,,31
fixed_five_0,fixed,"7,7,7,2",3,120,9282003,32,5,730,0.0,0,0,120.0,0.0,0,0,0,,28
fixed_five_0,fixed,"2,7,7,7",0,120,9282004,32,5,730,0.0,0,0,120.0,0.0,0,0,0,,28
fixed_five_0,fixed,"2,6,6,6",0,400,9282008,32,5,730,0.0,0,0,160.0,240.0,0,0,0,,27
fixed_five_0,fixed,"6,2,6,6",1,400,9282009,32,5,730,0.0,0,0,140.0,260.0,0,0,0,,23
fixed_five_0,fixed,"7,2,7,7",1,120,9282005,32,5,730,0.0,0,0,120.0,0.0,0,0,0,,30
fixed_five_0,fixed,"7,7,2,7",2,120,9282006,32,5,730,0.0,0,0,120.0,0.0,0,0,0,,30
fixed_five_0,fixed,"7,7,7,2",3,120,9282007,32,5,730,0.0,0,0,120.0,0.0,0,0,0,,28
fixed_five_0,fixed,"2,7,7,7",0,120,9282008,32,5,730,0.0,0,0,120.0,0.0,0,0,0,,27
fixed_five_0,fixed,"7,2,7,7",1,120,9282009,32,5,730,0.0,0,0,120.0,0.0,0,0,0,,26
fixed_five_0,fixed,"2,7,7,7",0,400,9282000,32,5,730,0.0,0,0,400.0,0.0,0,0,0,,26
fixed_five_0,fixed,"7,2,7,7",1,400,9282001,32,5,730,16.0,0,0,400.0,0.0,0,0,0,,27
fixed_five_0,fixed,"7,7,2,7",2,400,9282002,32,5,730,31.0,0,0,400.0,0.0,0,0,0,,28
fixed_five_0,fixed,"7,7,7,2",3,400,9282003,32,5,730,8.0,0,0,400.0,0.0,0,0,0,,27
fixed_five_0,fixed,"2,7,7,7",0,400,9282004,32,5,730,15.0,0,0,400.0,0.0,0,0,0,,30
fixed_five_0,fixed,"7,2,7,7",1,400,9282005,32,5,730,8.0,0,0,400.0,0.0,0,0,0,,28
fixed_five_0,fixed,"7,7,2,7",2,400,9282006,32,5,730,17.0,0,0,400.0,0.0,0,0,0,,25
fixed_five_0,fixed,"7,7,7,2",3,400,9282007,32,5,730,20.0,0,0,400.0,0.0,0,0,0,,25
fixed_five_0,fixed,"2,7,7,7",0,400,9282008,32,5,730,8.0,0,0,400.0,0.0,0,0,0,,31
fixed_five_0,fixed,"7,2,7,7",1,400,9282009,32,5,730,28.0,0,0,400.0,0.0,0,0,0,,22
fixed_five_0,fixed,"2,8,8,8",0,120,9282000,32,5,730,249.0,0,0,120.0,0.0,0,0,0,,28
fixed_five_0,fixed,"8,2,8,8",1,120,9282001,32,5,730,381.0,0,0,120.0,0.0,0,0,0,,27
fixed_five_0,fixed,"8,8,8,2",3,120,9282003,32,5,730,263.0,0,0,120.0,0.0,0,0,0,,28
fixed_five_0,fixed,"8,8,2,8",2,120,9282002,32,5,730,114.0,0,0,120.0,0.0,0,0,0,,28
fixed_five_0,fixed,"2,8,8,8",0,120,9282004,32,5,730,265.0,0,0,120.0,0.0,0,0,0,,28
fixed_five_0,fixed,"8,2,8,8",1,120,9282005,32,5,730,320.0,0,0,120.0,0.0,0,0,0,,28
fixed_five_0,fixed,"8,8,2,8",2,120,9282006,32,5,730,604.0,0,0,120.0,0.0,0,0,0,,32
fixed_five_0,fixed,"8,8,8,2",3,120,9282007,32,5,730,176.0,0,0,120.0,0.0,0,0,0,,27
fixed_five_0,fixed,"2,8,8,8",0,120,9282008,32,5,730,76.0,0,0,120.0,0.0,0,0,0,,28
fixed_five_0,fixed,"8,2,8,8",1,120,9282009,32,5,730,132.0,0,0,120.0,0.0,0,0,0,,28
fixed_five_0,fixed,"2,8,8,8",0,400,9282000,32,5,730,211.0,0,0,380.0,20.0,0,0,0,,31
fixed_five_0,fixed,"8,2,8,8",1,400,9282001,32,5,730,175.0,0,0,370.0,30.0,0,0,0,,32
fixed_five_0,fixed,"8,8,2,8",2,400,9282002,32,5,730,9.0,0,0,370.0,30.0,0,0,0,,32
fixed_five_0,fixed,"8,8,8,2",3,400,9282003,32,5,730,210.0,0,0,370.0,30.0,0,0,0,,29
fixed_five_0,fixed,"2,8,8,8",0,400,9282004,32,5,730,74.0,0,0,380.0,20.0,0,0,0,,32
fixed_five_0,fixed,"8,2,8,8",1,400,9282005,32,5,730,102.0,0,0,370.0,30.0,0,0,0,,28
fixed_five_0,fixed,"8,8,2,8",2,400,9282006,32,5,730,108.0,0,0,370.0,30.0,0,0,0,,29
fixed_five_0,fixed,"8,8,8,2",3,400,9282007,32,5,730,54.0,0,0,370.0,30.0,0,0,0,,28
fixed_five_0,fixed,"2,8,8,8",0,400,9282008,32,5,730,76.0,0,0,370.0,30.0,0,0,0,,27
fixed_five_0,fixed,"8,2,8,8",1,400,9282009,32,5,730,30.0,0,0,370.0,30.0,0,0,0,,30
fixed_five_0,fixed,"2,9,9,9",0,120,9282000,32,5,730,918126.0,14,53,120.0,0.0,0,0,0,,7
fixed_five_0,fixed,"9,2,9,9",1,120,9282001,32,5,730,853031.0,13,54,120.0,0.0,0,0,0,,6
fixed_five_0,fixed,"9,9,2,9",2,120,9282002,32,5,730,1310743.0,20,67,120.0,0.0,0,0,0,,2
fixed_five_0,fixed,"9,9,9,2",3,120,9282003,32,5,730,1311388.0,20,77,120.0,0.0,0,0,0,,6
fixed_five_0,fixed,"2,9,9,9",0,120,9282004,32,5,730,1115479.0,17,73,120.0,0.0,0,0,0,,4
fixed_five_0,fixed,"9,2,9,9",1,120,9282005,32,5,730,1114771.0,17,64,120.0,0.0,0,0,0,,1
fixed_five_0,fixed,"9,9,2,9",2,120,9282006,32,5,730,1049935.0,16,80,120.0,0.0,0,0,0,,1
fixed_five_0,fixed,"9,9,9,2",3,120,9282007,32,5,730,2031851.0,31,122,120.0,0.0,0,0,0,,1
fixed_five_0,fixed,"2,9,9,9",0,120,9282008,32,5,730,525405.0,8,40,120.0,0.0,0,0,0,,11
fixed_five_0,fixed,"9,2,9,9",1,120,9282009,32,5,730,984139.0,15,57,120.0,0.0,0,0,0,,6
fixed_five_0,fixed,"2,9,9,9",0,400,9282000,32,5,730,290.0,0,0,400.0,0.0,0,0,0,,32
fixed_five_0,fixed,"9,2,9,9",1,400,9282001,32,5,730,414.0,0,0,400.0,0.0,0,0,0,,29
fixed_five_0,fixed,"9,9,2,9",2,400,9282002,32,5,730,167.0,0,0,400.0,0.0,0,0,0,,26
fixed_five_0,fixed,"9,9,9,2",3,400,9282003,32,5,730,429.0,0,0,400.0,0.0,0,0,0,,28
fixed_five_0,fixed,"2,9,9,9",0,400,9282004,32,5,730,143.0,0,0,400.0,0.0,0,0,0,,28
fixed_five_0,fixed,"9,2,9,9",1,400,9282005,32,5,730,350.0,0,0,400.0,0.0,0,0,0,,29
fixed_five_0,fixed,"9,9,2,9",2,400,9282006,32,5,730,273.0,0,0,400.0,0.0,0,0,0,,27
fixed_five_0,fixed,"9,9,9,2",3,400,9282007,32,5,730,289.0,0,0,400.0,0.0,0,0,0,,27
fixed_five_0,fixed,"2,9,9,9",0,400,9282008,32,5,730,208.0,0,0,400.0,0.0,0,0,0,,29
fixed_five_0,fixed,"9,2,9,9",1,400,9282009,32,5,730,273.0,0,0,400.0,0.0,0,0,0,,32
fixed_five_0,fixed,"2,10,10,10",0,120,9282000,32,5,730,535.0,0,0,120.0,0.0,0,0,0,,27
fixed_five_0,fixed,"10,2,10,10",1,120,9282001,32,5,730,335.0,0,0,120.0,0.0,0,0,0,,28
fixed_five_0,fixed,"10,10,2,10",2,120,9282002,32,5,730,413.0,0,0,120.0,0.0,0,0,0,,29
fixed_five_0,fixed,"10,10,10,2",3,120,9282003,32,5,730,498.0,0,0,120.0,0.0,0,0,0,,29
fixed_five_0,fixed,"2,10,10,10",0,120,9282004,32,5,730,763.0,0,0,120.0,0.0,0,0,0,,28
fixed_five_0,fixed,"10,2,10,10",1,120,9282005,32,5,730,389.0,0,0,120.0,0.0,0,0,0,,29
fixed_five_0,fixed,"10,10,2,10",2,120,9282006,32,5,730,272.0,0,0,120.0,0.0,0,0,0,,32
fixed_five_0,fixed,"10,10,10,2",3,120,9282007,32,5,730,488.0,0,0,120.0,0.0,0,0,0,,29
fixed_five_0,fixed,"2,10,10,10",0,120,9282008,32,5,730,437.0,0,0,120.0,0.0,0,0,0,,29
fixed_five_0,fixed,"10,2,10,10",1,120,9282009,32,5,730,499.0,0,0,120.0,0.0,0,0,0,,25
fixed_five_0,fixed,"2,10,10,10",0,400,9282000,32,5,730,0.0,0,0,400.0,0.0,0,0,0,,31
fixed_five_0,fixed,"10,10,2,10",2,400,9282002,32,5,730,30.0,0,0,400.0,0.0,0,0,0,,27
fixed_five_0,fixed,"10,2,10,10",1,400,9282001,32,5,730,0.0,0,0,400.0,0.0,0,0,0,,28
fixed_five_0,fixed,"10,10,10,2",3,400,9282003,32,5,730,34.0,0,0,400.0,0.0,0,0,0,,31
fixed_five_0,fixed,"10,2,10,10",1,400,9282005,32,5,730,8.0,0,0,400.0,0.0,0,0,0,,30
fixed_five_0,fixed,"2,10,10,10",0,400,9282004,32,5,730,41.0,0,0,400.0,0.0,0,0,0,,30
fixed_five_0,fixed,"10,10,2,10",2,400,9282006,32,5,730,7.0,0,0,400.0,0.0,0,0,0,,31
fixed_five_0,fixed,"10,10,10,2",3,400,9282007,32,5,730,27.0,0,0,400.0,0.0,0,0,0,,32
fixed_five_0,fixed,"2,10,10,10",0,400,9282008,32,5,730,20.0,0,0,400.0,0.0,0,0,0,,24
fixed_five_0,fixed,"10,2,10,10",1,400,9282009,32,5,730,10.0,0,0,400.0,0.0,0,0,0,,28
fixed_five_0,fixed,"2,3,3,3",0,400,9282008,32,5,730,0.0,0,0,340.0,60.0,0,0,0,,28
fixed_five_0,fixed,"3,2,3,3",1,400,9282009,32,5,730,0.0,0,0,340.0,60.0,0,0,0,,27
