config_id,family,roster,focal_seats,budget,seed,capacity,hand_size,days,embarrassment,focal_sockless,household_sockless,total_spent,budget_remaining,focal_discards,two_discard_turns,faults,fault_details,drawer_size
initial,original,"1,3,6,2",3,120,9279003,28,4,730,1272.0,0,0,120.0,0.0,8,0,0,,17
initial,original,"1,2,3,6",1,120,9279005,28,4,730,2768.0,0,0,120.0,0.0,8,0,0,,22
initial,original,"2,1,3,6",0,120,9279000,28,4,730,1708.0,0,0,120.0,0.0,8,0,0,,17
initial,original,"2,1,3,6",0,120,9279004,28,4,730,1464.0,0,0,120.0,0.0,10,0,0,,21
initial,original,"1,3,2,6",2,120,9279002,28,4,730,2524.0,0,0,120.0,0.0,5,0,0,,23
initial,original,"1,2,3,6",1,120,9279001,28,4,730,2783.0,0,0,120.0,0.0,13,0,0,,22
initial,original,"1,3,2,6",2,120,9279006,28,4,730,1662.0,0,0,120.0,0.0,4,0,0,,18
initial,original,"2,1,3,6",0,120,9279008,28,4,730,2268.0,0,0,120.0,0.0,6,0,0,,19
initial,original,"1,2,3,6",1,120,9279009,28,4,730,1512.0,0,0,120.0,0.0,6,0,0,,17
initial,original,"1,3,6,2",3,120,9279011,28,4,730,1627.0,0,0,120.0,0.0,4,0,0,,21
initial,original,"1,3,2,6",2,120,9279010,28,4,730,2112.0,0,0,120.0,0.0,3,0,0,,22
initial,original,"1,3,6,2",3,120,9279007,28,4,730,2511.0,0,0,120.0,0.0,8,0,0,,26
initial,original,"2,1,3,6",0,120,9279012,28,4,730,1803.0,0,0,120.0,0.0,7,0,0,,26
initial,original,"1,2,3,6",1,120,9279013,28,4,730,2288.0,0,0,120.0,0.0,6,0,0,,22
initial,original,"2,1,3,6",0,120,9279016,28,4,730,2459.0,0,0,120.0,0.0,6,0,0,,24
initial,original,"1,3,2,6",2,120,9279014,28,4,730,2739.0,0,0,120.0,0.0,5,0,0,,22
initial,original,"1,3,6,2",3,120,9279015,28,4,730,3009.0,0,0,120.0,0.0,7,0,0,,24
initial,original,"1,2,3,6",1,120,9279017,28,4,730,2029.0,0,0,120.0,0.0,6,0,0,,17
initial,original,"1,3,6,2",3,120,9279019,28,4,730,3121.0,0,0,120.0,0.0,6,0,0,,19
initial,original,"1,2,3,6",1,120,9279021,28,4,730,3040.0,0,0,120.0,0.0,6,0,0,,21
initial,original,"1,3,2,6",2,120,9279018,28,4,730,1650.0,0,0,120.0,0.0,6,0,0,,25
initial,original,"2,1,3,6",0,120,9279020,28,4,730,2226.0,0,0,120.0,0.0,4,0,0,,21
initial,original,"1,3,6,2",3,120,9279023,28,4,730,1444.0,0,0,120.0,0.0,6,0,0,,20
initial,original,"1,3,2,6",2,120,9279022,28,4,730,1111.0,0,0,120.0,0.0,7,0,0,,21
initial,original,"1,3,2,6",2,120,9279026,28,4,730,2409.0,0,0,120.0,0.0,8,0,0,,22
initial,original,"2,1,3,6",0,120,9279024,28,4,730,2021.0,0,0,120.0,0.0,8,0,0,,20
initial,original,"1,2,3,6",1,120,9279025,28,4,730,1772.0,0,0,120.0,0.0,7,0,0,,16
initial,original,"1,2,3,6",1,120,9279029,28,4,730,3582.0,0,0,120.0,0.0,9,0,0,,20
initial,original,"2,1,3,6",0,120,9279028,28,4,730,2042.0,0,0,120.0,0.0,8,0,0,,17
initial,original,"1,3,6,2",3,120,9279027,28,4,730,3048.0,0,0,120.0,0.0,7,0,0,,24
initial,original,"1,2,3,6",1,400,9279001,28,4,730,328.0,0,0,390.0,10.0,4,0,0,,22
initial,original,"1,3,2,6",2,400,9279002,28,4,730,278.0,0,0,390.0,10.0,1,0,0,,20
initial,original,"2,1,3,6",0,400,9279000,28,4,730,430.0,0,0,400.0,0.0,4,0,0,,27
initial,original,"2,1,3,6",0,400,9279004,28,4,730,171.0,0,0,390.0,10.0,5,0,0,,24
initial,original,"1,3,6,2",3,400,9279003,28,4,730,257.0,0,0,400.0,0.0,4,0,0,,28
initial,original,"1,2,3,6",1,400,9279005,28,4,730,233.0,0,0,400.0,0.0,4,0,0,,28
initial,original,"1,3,2,6",2,400,9279006,28,4,730,264.0,0,0,400.0,0.0,4,0,0,,28
initial,original,"2,1,3,6",0,400,9279008,28,4,730,231.0,0,0,390.0,10.0,3,0,0,,23
initial,original,"1,3,6,2",3,400,9279007,28,4,730,352.0,0,0,390.0,10.0,4,0,0,,24
initial,original,"1,2,3,6",1,400,9279009,28,4,730,138.0,0,0,400.0,0.0,1,0,0,,28
initial,original,"1,3,2,6",2,400,9279010,28,4,730,219.0,0,0,390.0,10.0,4,0,0,,22
initial,original,"1,3,6,2",3,400,9279011,28,4,730,278.0,0,0,400.0,0.0,2,0,0,,26
initial,original,"2,1,3,6",0,400,9279012,28,4,730,91.0,0,0,400.0,0.0,0,0,0,,28
initial,original,"1,2,3,6",1,400,9279013,28,4,730,421.0,0,0,390.0,10.0,3,0,0,,22
initial,original,"1,3,2,6",2,400,9279014,28,4,730,197.0,0,0,390.0,10.0,1,0,0,,20
initial,original,"1,3,6,2",3,400,9279015,28,4,730,178.0,0,0,390.0,10.0,2,0,0,,21
initial,original,"2,1,3,6",0,400,9279016,28,4,730,193.0,0,0,390.0,10.0,3,0,0,,22
initial,original,"1,2,3,6",1,400,9279017,28,4,730,212.0,0,0,390.0,10.0,2,0,0,,23
initial,original,"1,3,6,2",3,400,9279019,28,4,730,199.0,0,0,390.0,10.0,4,0,0,,22
initial,original,"1,2,3,6",1,400,9279021,28,4,730,220.0,0,0,390.0,10.0,0,0,0,,20
initial,original,"1,3,2,6",2,400,9279018,28,4,730,144.0,0,0,390.0,10.0,3,0,0,,21
initial,original,"1,3,2,6",2,400,9279022,28,4,730,362.0,0,0,400.0,0.0,5,0,0,,28
initial,original,"2,1,3,6",0,400,9279020,28,4,730,95.0,0,0,400.0,0.0,1,0,0,,28
initial,original,"1,3,6,2",3,400,9279023,28,4,730,346.0,0,0,400.0,0.0,4,0,0,,26
initial,original,"1,3,2,6",2,400,9279026,28,4,730,315.0,0,0,400.0,0.0,1,0,0,,28
initial,original,"2,1,3,6",0,400,9279024,28,4,730,143.0,0,0,400.0,0.0,3,0,0,,26
initial,original,"1,2,3,6",1,400,9279025,28,4,730,177.0,0,0,400.0,0.0,4,0,0,,25
initial,original,"2,1,3,6",0,400,9279028,28,4,730,341.0,0,0,390.0,10.0,4,0,0,,23
initial,original,"1,3,6,2",3,400,9279027,28,4,730,203.0,0,0,390.0,10.0,3,0,0,,20
initial,original,"1,2,3,6",1,400,9279029,28,4,730,161.0,0,0,390.0,10.0,8,0,0,,21
initial,original,"2,3,4,7",0,120,9279000,28,4,730,4700.0,0,0,120.0,0.0,0,0,0,,20
initial,original,"3,2,4,7",1,120,9279001,28,4,730,3677.0,0,0,120.0,0.0,0,0,0,,20
initial,original,"3,4,2,7",2,120,9279002,28,4,730,3782.0,0,0,120.0,0.0,0,0,0,,18
initial,original,"3,4,7,2",3,120,9279003,28,4,730,1835.0,0,0,120.0,0.0,0,0,0,,18
initial,original,"2,3,4,7",0,120,9279004,28,4,730,3872.0,0,0,120.0,0.0,0,0,0,,17
initial,original,"3,2,4,7",1,120,9279005,28,4,730,1731.0,0,0,120.0,0.0,0,0,0,,21
initial,original,"3,4,7,2",3,120,9279007,28,4,730,2232.0,0,0,120.0,0.0,0,0,0,,20
initial,original,"2,3,4,7",0,120,9279008,28,4,730,3426.0,0,0,120.0,0.0,2,0,0,,20
initial,original,"3,4,2,7",2,120,9279006,28,4,730,4831.0,0,0,120.0,0.0,1,0,0,,21
initial,original,"3,2,4,7",1,120,9279009,28,4,730,1685.0,0,0,120.0,0.0,0,0,0,,14
initial,original,"3,4,2,7",2,120,9279010,28,4,730,67949.0,1,6,120.0,0.0,0,0,0,,12
initial,original,"3,4,7,2",3,120,9279011,28,4,730,2648.0,0,0,120.0,0.0,0,0,0,,14
initial,original,"2,3,4,7",0,120,9279012,28,4,730,2707.0,0,0,120.0,0.0,0,0,0,,15
initial,original,"3,2,4,7",1,120,9279013,28,4,730,4042.0,0,0,120.0,0.0,0,0,0,,16
initial,original,"3,4,2,7",2,120,9279014,28,4,730,3524.0,0,0,120.0,0.0,0,0,0,,16
initial,original,"3,4,7,2",3,120,9279015,28,4,730,4306.0,0,0,120.0,0.0,0,0,0,,16
initial,original,"2,3,4,7",0,120,9279016,28,4,730,3248.0,0,0,120.0,0.0,0,0,0,,16
initial,original,"3,2,4,7",1,120,9279017,28,4,730,3841.0,0,0,120.0,0.0,0,0,0,,16
initial,original,"3,4,2,7",2,120,9279018,28,4,730,3948.0,0,0,120.0,0.0,0,0,0,,16
initial,original,"3,4,7,2",3,120,9279019,28,4,730,3637.0,0,0,120.0,0.0,0,0,0,,16
initial,original,"2,3,4,7",0,120,9279020,28,4,730,2624.0,0,0,120.0,0.0,0,0,0,,19
initial,original,"3,2,4,7",1,120,9279021,28,4,730,3930.0,0,1,120.0,0.0,0,0,0,,13
initial,original,"3,4,2,7",2,120,9279022,28,4,730,4046.0,0,0,120.0,0.0,0,0,0,,16
initial,original,"3,4,7,2",3,120,9279023,28,4,730,4217.0,0,0,120.0,0.0,2,0,0,,17
initial,original,"2,3,4,7",0,120,9279024,28,4,730,5030.0,0,0,120.0,0.0,0,0,0,,17
initial,original,"3,2,4,7",1,120,9279025,28,4,730,3636.0,0,0,120.0,0.0,0,0,0,,17
initial,original,"3,4,2,7",2,120,9279026,28,4,730,3691.0,0,0,120.0,0.0,0,0,0,,15
initial,original,"3,4,7,2",3,120,9279027,28,4,730,2338.0,0,0,120.0,0.0,0,0,0,,19
initial,original,"2,3,4,7",0,120,9279028,28,4,730,4457.0,0,0,120.0,0.0,0,0,0,,15
initial,original,"3,2,4,7",1,120,9279029,28,4,730,2033.0,0,0,120.0,0.0,0,0,0,,16
initial,original,"2,3,4,7",0,400,9279000,28,4,730,892.0,0,0,400.0,0.0,6,0,0,,24
initial,original,"3,2,4,7",1,400,9279001,28,4,730,1076.0,0,0,400.0,0.0,10,0,0,,23
initial,original,"3,4,2,7",2,400,9279002,28,4,730,1380.0,0,0,400.0,0.0,9,0,0,,22
initial,original,"3,4,7,2",3,400,9279003,28,4,730,695.0,0,0,400.0,0.0,5,0,0,,27
initial,original,"2,3,4,7",0,400,9279004,28,4,730,991.0,0,0,400.0,0.0,6,0,0,,24
initial,original,"3,2,4,7",1,400,9279005,28,4,730,1032.0,0,0,400.0,0.0,9,0,0,,24
initial,original,"3,4,2,7",2,400,9279006,28,4,730,1488.0,0,0,400.0,0.0,6,0,0,,27
initial,original,"3,4,7,2",3,400,9279007,28,4,730,1059.0,0,0,400.0,0.0,5,0,0,,27
initial,original,"3,2,4,7",1,400,9279009,28,4,730,586.0,0,0,400.0,0.0,13,0,0,,23
initial,original,"2,3,4,7",0,400,9279008,28,4,730,815.0,0,0,400.0,0.0,8,0,0,,25
initial,original,"3,4,2,7",2,400,9279010,28,4,730,982.0,0,0,400.0,0.0,7,0,0,,27
initial,original,"3,4,7,2",3,400,9279011,28,4,730,628.0,0,0,390.0,10.0,6,0,0,,19
initial,original,"2,3,4,7",0,400,9279012,28,4,730,1187.0,0,0,400.0,0.0,7,0,0,,24
initial,original,"3,2,4,7",1,400,9279013,28,4,730,1170.0,0,0,400.0,0.0,8,0,0,,27
initial,original,"3,4,2,7",2,400,9279014,28,4,730,716.0,0,0,400.0,0.0,7,0,0,,26
initial,original,"3,4,7,2",3,400,9279015,28,4,730,925.0,0,0,400.0,0.0,14,0,0,,26
initial,original,"2,3,4,7",0,400,9279016,28,4,730,1709.0,0,0,400.0,0.0,9,0,0,,23
initial,original,"3,2,4,7",1,400,9279017,28,4,730,710.0,0,0,400.0,0.0,7,0,0,,26
initial,original,"3,4,2,7",2,400,9279018,28,4,730,987.0,0,0,400.0,0.0,7,0,0,,26
initial,original,"2,3,4,7",0,400,9279020,28,4,730,902.0,0,0,400.0,0.0,11,0,0,,22
initial,original,"3,4,7,2",3,400,9279019,28,4,730,804.0,0,0,400.0,0.0,6,0,0,,24
initial,original,"3,2,4,7",1,400,9279021,28,4,730,1088.0,0,0,400.0,0.0,6,0,0,,23
initial,original,"3,4,2,7",2,400,9279022,28,4,730,865.0,0,0,400.0,0.0,5,0,0,,28
initial,original,"3,4,7,2",3,400,9279023,28,4,730,1152.0,0,0,400.0,0.0,10,0,0,,25
initial,original,"2,3,4,7",0,400,9279024,28,4,730,1197.0,0,0,400.0,0.0,12,0,0,,26
initial,original,"3,4,2,7",2,400,9279026,28,4,730,958.0,0,0,400.0,0.0,7,0,0,,23
initial,original,"3,2,4,7",1,400,9279025,28,4,730,1488.0,0,0,400.0,0.0,9,0,0,,24
initial,original,"3,4,7,2",3,400,9279027,28,4,730,1453.0,0,0,400.0,0.0,7,0,0,,26
initial,original,"2,4,6,8",0,120,9279000,28,4,730,2877.0,0,0,120.0,0.0,0,0,0,,21
initial,original,"2,3,4,7",0,400,9279028,28,4,730,920.0,0,0,400.0,0.0,4,0,0,,24
initial,original,"4,2,6,8",1,120,9279001,28,4,730,4432.0,0,0,120.0,0.0,0,0,0,,24
initial,original,"4,6,2,8",2,120,9279002,28,4,730,4628.0,0,0,120.0,0.0,0,0,0,,21
initial,original,"4,6,8,2",3,120,9279003,28,4,730,5255.0,0,0,120.0,0.0,0,0,0,,16
initial,original,"2,4,6,8",0,120,9279004,28,4,730,3689.0,0,0,120.0,0.0,0,0,0,,17
initial,original,"4,2,6,8",1,120,9279005,28,4,730,4122.0,0,0,120.0,0.0,0,0,0,,21
initial,original,"4,6,2,8",2,120,9279006,28,4,730,2626.0,0,0,120.0,0.0,0,0,0,,20
initial,original,"4,6,8,2",3,120,9279007,28,4,730,4573.0,0,0,120.0,0.0,0,0,0,,17
initial,original,"2,4,6,8",0,120,9279008,28,4,730,4895.0,0,0,120.0,0.0,0,0,0,,16
initial,original,"4,2,6,8",1,120,9279009,28,4,730,4285.0,0,0,120.0,0.0,0,0,0,,19
initial,original,"4,6,2,8",2,120,9279010,28,4,730,3775.0,0,0,120.0,0.0,0,0,0,,16
initial,original,"4,6,8,2",3,120,9279011,28,4,730,3637.0,0,0,120.0,0.0,0,0,0,,17
initial,original,"2,4,6,8",0,120,9279012,28,4,730,4187.0,0,0,120.0,0.0,0,0,0,,22
initial,original,"3,2,4,7",1,400,9279029,28,4,730,994.0,0,0,400.0,0.0,10,0,0,,24
initial,original,"4,2,6,8",1,120,9279013,28,4,730,4174.0,0,0,120.0,0.0,0,0,0,,17
initial,original,"4,6,2,8",2,120,9279014,28,4,730,4410.0,0,0,120.0,0.0,0,0,0,,21
initial,original,"4,6,8,2",3,120,9279015,28,4,730,3965.0,0,0,120.0,0.0,0,0,0,,16
initial,original,"2,4,6,8",0,120,9279016,28,4,730,3815.0,0,0,120.0,0.0,0,0,0,,19
initial,original,"4,2,6,8",1,120,9279017,28,4,730,3886.0,0,0,120.0,0.0,0,0,0,,21
initial,original,"4,6,2,8",2,120,9279018,28,4,730,4252.0,0,0,120.0,0.0,0,0,0,,20
initial,original,"4,6,8,2",3,120,9279019,28,4,730,4635.0,0,0,120.0,0.0,0,0,0,,14
initial,original,"2,4,6,8",0,120,9279020,28,4,730,2559.0,0,0,120.0,0.0,0,0,0,,17
initial,original,"4,2,6,8",1,120,9279021,28,4,730,4437.0,0,0,120.0,0.0,0,0,0,,23
initial,original,"4,6,2,8",2,120,9279022,28,4,730,3734.0,0,0,120.0,0.0,0,0,0,,20
initial,original,"4,6,8,2",3,120,9279023,28,4,730,3745.0,0,0,120.0,0.0,2,0,0,,20
initial,original,"2,4,6,8",0,120,9279024,28,4,730,3898.0,0,0,120.0,0.0,0,0,0,,18
initial,original,"4,2,6,8",1,120,9279025,28,4,730,4018.0,0,0,120.0,0.0,0,0,0,,17
initial,original,"4,6,2,8",2,120,9279026,28,4,730,4277.0,0,0,120.0,0.0,0,0,0,,17
initial,original,"4,6,8,2",3,120,9279027,28,4,730,3549.0,0,0,120.0,0.0,0,0,0,,19
initial,original,"2,4,6,8",0,120,9279028,28,4,730,4132.0,0,0,120.0,0.0,0,0,0,,18
initial,original,"4,2,6,8",1,120,9279029,28,4,730,3206.0,0,0,120.0,0.0,0,0,0,,18
initial,original,"2,4,6,8",0,400,9279000,28,4,730,2473.0,0,0,370.0,30.0,15,0,0,,24
initial,original,"4,2,6,8",1,400,9279001,28,4,730,2483.0,0,0,370.0,30.0,21,0,0,,27
initial,original,"4,6,2,8",2,400,9279002,28,4,730,2923.0,0,0,370.0,30.0,12,0,0,,27
initial,original,"4,6,8,2",3,400,9279003,28,4,730,2850.0,0,0,370.0,30.0,18,0,0,,24
initial,original,"2,4,6,8",0,400,9279004,28,4,730,2708.0,0,0,370.0,30.0,24,0,0,,26
initial,original,"4,2,6,8",1,400,9279005,28,4,730,2727.0,0,0,370.0,30.0,16,0,0,,24
initial,original,"4,6,2,8",2,400,9279006,28,4,730,2983.0,0,0,370.0,30.0,19,0,0,,24
initial,original,"4,6,8,2",3,400,9279007,28,4,730,2773.0,0,0,370.0,30.0,13,0,0,,26
initial,original,"2,4,6,8",0,400,9279008,28,4,730,3108.0,0,0,370.0,30.0,18,0,0,,27
initial,original,"4,2,6,8",1,400,9279009,28,4,730,2540.0,0,0,370.0,30.0,18,0,0,,28
initial,original,"4,6,2,8",2,400,9279010,28,4,730,3130.0,0,0,370.0,30.0,16,0,0,,22
initial,original,"4,6,8,2",3,400,9279011,28,4,730,2787.0,0,0,370.0,30.0,15,0,0,,25
initial,original,"2,4,6,8",0,400,9279012,28,4,730,2885.0,0,0,370.0,30.0,24,0,0,,23
initial,original,"4,2,6,8",1,400,9279013,28,4,730,2617.0,0,0,370.0,30.0,14,0,0,,24
initial,original,"4,6,8,2",3,400,9279015,28,4,730,2861.0,0,0,370.0,30.0,17,0,0,,25
initial,original,"4,6,2,8",2,400,9279014,28,4,730,2747.0,0,0,370.0,30.0,16,0,0,,25
initial,original,"2,4,6,8",0,400,9279016,28,4,730,2418.0,0,0,370.0,30.0,8,0,0,,25
initial,original,"4,2,6,8",1,400,9279017,28,4,730,3112.0,0,0,370.0,30.0,17,0,0,,23
initial,original,"4,6,2,8",2,400,9279018,28,4,730,3067.0,0,0,370.0,30.0,16,0,0,,27
initial,original,"4,6,8,2",3,400,9279019,28,4,730,2914.0,0,0,370.0,30.0,24,0,0,,27
initial,original,"2,4,6,8",0,400,9279020,28,4,730,2931.0,0,0,370.0,30.0,17,0,0,,25
initial,original,"4,2,6,8",1,400,9279021,28,4,730,2024.0,0,0,370.0,30.0,13,0,0,,23
initial,original,"4,6,2,8",2,400,9279022,28,4,730,2740.0,0,0,370.0,30.0,17,0,0,,26
initial,original,"4,6,8,2",3,400,9279023,28,4,730,2644.0,0,0,370.0,30.0,20,0,0,,23
initial,original,"2,4,6,8",0,400,9279024,28,4,730,2350.0,0,0,370.0,30.0,22,0,0,,23
initial,original,"4,2,6,8",1,400,9279025,28,4,730,2479.0,0,0,370.0,30.0,13,0,0,,23
initial,original,"4,6,2,8",2,400,9279026,28,4,730,2921.0,0,0,370.0,30.0,25,0,0,,24
initial,original,"4,6,8,2",3,400,9279027,28,4,730,2175.0,0,0,370.0,30.0,20,0,0,,26
initial,original,"2,6,7,9",0,120,9279000,28,4,730,2298054.0,35,136,120.0,0.0,0,0,0,,2
initial,original,"4,2,6,8",1,400,9279029,28,4,730,2041.0,0,0,370.0,30.0,10,0,0,,25
initial,original,"2,4,6,8",0,400,9279028,28,4,730,2635.0,0,0,370.0,30.0,12,0,0,,25
initial,original,"6,2,7,9",1,120,9279001,28,4,730,2491414.0,38,149,120.0,0.0,0,0,0,,1
initial,original,"6,7,2,9",2,120,9279002,28,4,730,1969032.0,30,120,120.0,0.0,0,0,0,,3
initial,original,"6,7,9,2",3,120,9279003,28,4,730,3672292.0,56,177,120.0,0.0,0,0,0,,1
initial,original,"2,6,7,9",0,120,9279004,28,4,730,3344132.0,51,204,120.0,0.0,0,0,0,,1
initial,original,"6,7,2,9",2,120,9279006,28,4,730,2495733.0,38,154,120.0,0.0,0,0,0,,1
initial,original,"6,2,7,9",1,120,9279005,28,4,730,3411721.0,52,197,120.0,0.0,0,0,0,,2
initial,original,"6,7,9,2",3,120,9279007,28,4,730,2690487.0,41,158,120.0,0.0,0,0,0,,1
initial,original,"6,2,7,9",1,120,9279009,28,4,730,3280097.0,50,225,120.0,0.0,0,0,0,,1
initial,original,"2,6,7,9",0,120,9279008,28,4,730,2887628.0,44,175,120.0,0.0,0,0,0,,1
initial,original,"6,7,2,9",2,120,9279010,28,4,730,3411867.0,52,202,120.0,0.0,0,0,0,,1
initial,original,"6,7,9,2",3,120,9279011,28,4,730,2885371.0,44,164,120.0,0.0,0,0,0,,2
initial,original,"2,6,7,9",0,120,9279012,28,4,730,2429342.0,37,147,120.0,0.0,0,0,0,,1
initial,original,"6,2,7,9",1,120,9279013,28,4,730,1578321.0,24,113,120.0,0.0,0,0,0,,3
initial,original,"6,7,2,9",2,120,9279014,28,4,730,2101979.0,32,128,120.0,0.0,0,0,0,,1
initial,original,"6,7,9,2",3,120,9279015,28,4,730,2885413.0,44,183,120.0,0.0,0,0,0,,1
initial,original,"2,6,7,9",0,120,9279016,28,4,730,2298173.0,35,130,120.0,0.0,0,0,0,,2
initial,original,"6,2,7,9",1,120,9279017,28,4,730,2494591.0,38,171,120.0,0.0,0,0,0,,1
initial,original,"6,7,2,9",2,120,9279018,28,4,730,2623187.0,40,172,120.0,0.0,0,0,0,,1
initial,original,"6,7,9,2",3,120,9279019,28,4,730,1970622.0,30,118,120.0,0.0,0,0,0,,2
initial,original,"2,6,7,9",0,120,9279020,28,4,730,3213367.0,49,212,120.0,0.0,0,0,0,,1
initial,original,"6,2,7,9",1,120,9279021,28,4,730,3282160.0,50,192,120.0,0.0,0,0,0,,1
initial,original,"6,7,2,9",2,120,9279022,28,4,730,2362635.0,36,148,120.0,0.0,0,0,0,,1
initial,original,"6,7,9,2",3,120,9279023,28,4,730,2492360.0,38,137,120.0,0.0,0,0,0,,1
initial,original,"2,6,7,9",0,120,9279024,28,4,730,3605389.0,55,197,120.0,0.0,0,0,0,,1
initial,original,"6,2,7,9",1,120,9279025,28,4,730,3212195.0,49,198,120.0,0.0,0,0,0,,1
initial,original,"6,7,2,9",2,120,9279026,28,4,730,3278647.0,50,198,120.0,0.0,0,0,0,,1
initial,original,"6,7,9,2",3,120,9279027,28,4,730,2492361.0,38,164,120.0,0.0,0,0,0,,1
initial,original,"2,6,7,9",0,120,9279028,28,4,730,3475204.0,53,186,120.0,0.0,0,0,0,,1
initial,original,"6,2,7,9",1,120,9279029,28,4,730,3409681.0,52,196,120.0,0.0,0,0,0,,1
initial,original,"2,6,7,9",0,400,9279000,28,4,730,1060.0,0,0,400.0,0.0,0,0,0,,26
initial,original,"6,2,7,9",1,400,9279001,28,4,730,1293.0,0,0,400.0,0.0,0,0,0,,24
initial,original,"6,7,2,9",2,400,9279002,28,4,730,1652.0,0,0,400.0,0.0,0,0,0,,23
initial,original,"6,7,9,2",3,400,9279003,28,4,730,1122.0,0,0,400.0,0.0,0,0,0,,27
initial,original,"2,6,7,9",0,400,9279004,28,4,730,1326.0,0,0,400.0,0.0,0,0,0,,24
initial,original,"6,2,7,9",1,400,9279005,28,4,730,946.0,0,0,400.0,0.0,0,0,0,,24
initial,original,"6,7,2,9",2,400,9279006,28,4,730,970.0,0,0,400.0,0.0,0,0,0,,24
initial,original,"6,7,9,2",3,400,9279007,28,4,730,535.0,0,0,400.0,0.0,0,0,0,,27
initial,original,"2,6,7,9",0,400,9279008,28,4,730,941.0,0,0,400.0,0.0,0,0,0,,22
initial,original,"6,2,7,9",1,400,9279009,28,4,730,936.0,0,0,400.0,0.0,0,0,0,,27
initial,original,"6,7,2,9",2,400,9279010,28,4,730,1511.0,0,0,400.0,0.0,0,0,0,,23
initial,original,"6,7,9,2",3,400,9279011,28,4,730,772.0,0,0,400.0,0.0,0,0,0,,25
initial,original,"2,6,7,9",0,400,9279012,28,4,730,1316.0,0,0,400.0,0.0,0,0,0,,27
initial,original,"6,2,7,9",1,400,9279013,28,4,730,1289.0,0,0,400.0,0.0,0,0,0,,25
initial,original,"6,7,2,9",2,400,9279014,28,4,730,1768.0,0,0,400.0,0.0,0,0,0,,27
initial,original,"6,7,9,2",3,400,9279015,28,4,730,1043.0,0,0,400.0,0.0,0,0,0,,25
initial,original,"2,6,7,9",0,400,9279016,28,4,730,1086.0,0,0,400.0,0.0,0,0,0,,27
initial,original,"6,2,7,9",1,400,9279017,28,4,730,1337.0,0,0,400.0,0.0,0,0,0,,28
initial,original,"6,7,2,9",2,400,9279018,28,4,730,1370.0,0,0,400.0,0.0,0,0,0,,23
initial,original,"6,7,9,2",3,400,9279019,28,4,730,1190.0,0,0,400.0,0.0,0,0,0,,28
initial,original,"6,2,7,9",1,400,9279021,28,4,730,1466.0,0,0,400.0,0.0,0,0,0,,21
initial,original,"2,6,7,9",0,400,9279020,28,4,730,1025.0,0,0,400.0,0.0,0,0,0,,24
initial,original,"6,7,2,9",2,400,9279022,28,4,730,956.0,0,0,400.0,0.0,0,0,0,,23
initial,original,"6,7,9,2",3,400,9279023,28,4,730,991.0,0,0,400.0,0.0,0,0,0,,25
initial,original,"2,6,7,9",0,400,9279024,28,4,730,884.0,0,0,400.0,0.0,0,0,0,,27
initial,original,"6,2,7,9",1,400,9279025,28,4,730,998.0,0,0,400.0,0.0,0,0,0,,27
initial,original,"6,7,9,2",3,400,9279027,28,4,730,1428.0,0,0,400.0,0.0,0,0,0,,27
initial,original,"6,7,2,9",2,400,9279026,28,4,730,1478.0,0,0,400.0,0.0,0,0,0,,28
initial,original,"2,6,7,9",0,400,9279028,28,4,730,1477.0,0,0,400.0,0.0,0,0,0,,21
initial,original,"6,2,7,9",1,400,9279029,28,4,730,1428.0,0,0,400.0,0.0,0,0,0,,24
initial,original,"2,7,8,10",0,120,9279000,28,4,730,1945.0,0,0,120.0,0.0,3,0,0,,18
initial,original,"7,2,8,10",1,120,9279001,28,4,730,1348.0,0,0,120.0,0.0,0,0,0,,23
initial,original,"7,8,2,10",2,120,9279002,28,4,730,791.0,0,0,120.0,0.0,1,0,0,,22
initial,original,"7,8,10,2",3,120,9279003,28,4,730,1394.0,0,0,120.0,0.0,0,0,0,,22
initial,original,"2,7,8,10",0,120,9279004,28,4,730,420.0,0,0,120.0,0.0,1,0,0,,26
initial,original,"7,2,8,10",1,120,9279005,28,4,730,1270.0,0,0,120.0,0.0,0,0,0,,22
initial,original,"7,8,2,10",2,120,9279006,28,4,730,1776.0,0,0,120.0,0.0,6,0,0,,20
initial,original,"7,8,10,2",3,120,9279007,28,4,730,1733.0,0,0,120.0,0.0,4,0,0,,18
initial,original,"2,7,8,10",0,120,9279008,28,4,730,1990.0,0,0,120.0,0.0,4,0,0,,19
initial,original,"7,2,8,10",1,120,9279009,28,4,730,2068.0,0,0,120.0,0.0,1,0,0,,21
initial,original,"7,8,2,10",2,120,9279010,28,4,730,1834.0,0,0,120.0,0.0,3,0,0,,22
initial,original,"2,7,8,10",0,120,9279012,28,4,730,2065.0,0,0,120.0,0.0,1,0,0,,21
initial,original,"7,8,10,2",3,120,9279011,28,4,730,1803.0,0,0,120.0,0.0,2,0,0,,20
initial,original,"7,2,8,10",1,120,9279013,28,4,730,1669.0,0,0,120.0,0.0,3,0,0,,19
initial,original,"7,8,10,2",3,120,9279015,28,4,730,1048.0,0,0,120.0,0.0,3,0,0,,19
initial,original,"7,8,2,10",2,120,9279014,28,4,730,1598.0,0,0,120.0,0.0,3,0,0,,20
initial,original,"2,7,8,10",0,120,9279016,28,4,730,1537.0,0,0,120.0,0.0,3,0,0,,21
initial,original,"7,8,2,10",2,120,9279018,28,4,730,1612.0,0,0,120.0,0.0,3,0,0,,22
initial,original,"7,2,8,10",1,120,9279017,28,4,730,790.0,0,0,120.0,0.0,0,0,0,,27
initial,original,"7,8,10,2",3,120,9279019,28,4,730,1480.0,0,0,120.0,0.0,1,0,0,,26
initial,original,"2,7,8,10",0,120,9279020,28,4,730,942.0,0,0,120.0,0.0,1,0,0,,25
initial,original,"7,2,8,10",1,120,9279021,28,4,730,1376.0,0,0,120.0,0.0,0,0,0,,24
initial,original,"7,8,2,10",2,120,9279022,28,4,730,1621.0,0,0,120.0,0.0,3,0,0,,26
initial,original,"7,8,10,2",3,120,9279023,28,4,730,2073.0,0,0,120.0,0.0,4,0,0,,20
initial,original,"2,7,8,10",0,120,9279024,28,4,730,1081.0,0,0,120.0,0.0,0,0,0,,26
initial,original,"7,2,8,10",1,120,9279025,28,4,730,2238.0,0,0,120.0,0.0,1,0,0,,20
initial,original,"7,8,2,10",2,120,9279026,28,4,730,2354.0,0,0,120.0,0.0,7,0,0,,18
initial,original,"7,8,10,2",3,120,9279027,28,4,730,677.0,0,0,120.0,0.0,0,0,0,,25
initial,original,"2,7,8,10",0,120,9279028,28,4,730,1262.0,0,0,120.0,0.0,0,0,0,,21
initial,original,"7,2,8,10",1,120,9279029,28,4,730,1050.0,0,0,120.0,0.0,3,0,0,,18
initial,original,"2,7,8,10",0,400,9279000,28,4,730,403.0,0,0,400.0,0.0,6,0,0,,26
initial,original,"7,2,8,10",1,400,9279001,28,4,730,381.0,0,0,400.0,0.0,6,0,0,,25
initial,original,"7,8,2,10",2,400,9279002,28,4,730,481.0,0,0,400.0,0.0,6,0,0,,27
initial,original,"7,8,10,2",3,400,9279003,28,4,730,607.0,0,0,400.0,0.0,9,0,0,,22
initial,original,"2,7,8,10",0,400,9279004,28,4,730,421.0,0,0,400.0,0.0,9,0,0,,23
initial,original,"7,2,8,10",1,400,9279005,28,4,730,647.0,0,0,400.0,0.0,4,0,0,,24
initial,original,"7,8,2,10",2,400,9279006,28,4,730,508.0,0,0,400.0,0.0,4,0,0,,25
initial,original,"7,8,10,2",3,400,9279007,28,4,730,408.0,0,0,400.0,0.0,3,0,0,,22
initial,original,"2,7,8,10",0,400,9279008,28,4,730,602.0,0,0,400.0,0.0,3,0,0,,26
initial,original,"7,2,8,10",1,400,9279009,28,4,730,316.0,0,0,400.0,0.0,4,0,0,,28
initial,original,"7,8,2,10",2,400,9279010,28,4,730,670.0,0,0,400.0,0.0,4,0,0,,25
initial,original,"7,8,10,2",3,400,9279011,28,4,730,456.0,0,0,400.0,0.0,7,0,0,,28
initial,original,"2,7,8,10",0,400,9279012,28,4,730,275.0,0,0,400.0,0.0,5,0,0,,28
initial,original,"7,2,8,10",1,400,9279013,28,4,730,631.0,0,0,400.0,0.0,6,0,0,,23
initial,original,"7,8,2,10",2,400,9279014,28,4,730,273.0,0,0,400.0,0.0,2,0,0,,22
initial,original,"7,8,10,2",3,400,9279015,28,4,730,533.0,0,0,400.0,0.0,3,0,0,,25
initial,original,"2,7,8,10",0,400,9279016,28,4,730,239.0,0,0,400.0,0.0,4,0,0,,27
initial,original,"7,2,8,10",1,400,9279017,28,4,730,479.0,0,0,400.0,0.0,3,0,0,,23
initial,original,"7,8,2,10",2,400,9279018,28,4,730,775.0,0,0,400.0,0.0,7,0,0,,23
initial,original,"7,8,10,2",3,400,9279019,28,4,730,433.0,0,0,400.0,0.0,6,0,0,,26
initial,original,"2,7,8,10",0,400,9279020,28,4,730,625.0,0,0,400.0,0.0,6,0,0,,24
initial,original,"7,2,8,10",1,400,9279021,28,4,730,671.0,0,0,400.0,0.0,4,0,0,,26
initial,original,"7,8,2,10",2,400,9279022,28,4,730,640.0,0,0,400.0,0.0,5,0,0,,23
initial,original,"7,8,10,2",3,400,9279023,28,4,730,683.0,0,0,400.0,0.0,2,0,0,,25
initial,original,"2,7,8,10",0,400,9279024,28,4,730,436.0,0,0,400.0,0.0,6,0,0,,22
initial,original,"7,2,8,10",1,400,9279025,28,4,730,562.0,0,0,400.0,0.0,7,0,0,,25
initial,original,"7,8,2,10",2,400,9279026,28,4,730,595.0,0,0,400.0,0.0,5,0,0,,21
initial,original,"7,8,10,2",3,400,9279027,28,4,730,432.0,0,0,400.0,0.0,4,0,0,,23
initial,original,"2,7,8,10",0,400,9279028,28,4,730,625.0,0,0,400.0,0.0,6,0,0,,26
initial,original,"2,8,9,1",0,120,9279000,28,4,730,2101812.0,32,130,120.0,0.0,0,0,0,,1
initial,original,"8,2,9,1",1,120,9279001,28,4,730,2232891.0,34,122,120.0,0.0,0,0,0,,1
initial,original,"7,2,8,10",1,400,9279029,28,4,730,466.0,0,0,400.0,0.0,7,0,0,,25
initial,original,"8,9,2,1",2,120,9279002,28,4,730,3802462.0,58,199,120.0,0.0,0,0,0,,1
initial,original,"8,9,1,2",3,120,9279003,28,4,730,1053661.0,16,82,120.0,0.0,0,0,0,,4
initial,original,"2,8,9,1",0,120,9279004,28,4,730,2101724.0,32,107,120.0,0.0,0,0,0,,2
initial,original,"8,2,9,1",1,120,9279005,28,4,730,2167259.0,33,151,120.0,0.0,0,0,0,,1
initial,original,"8,9,2,1",2,120,9279006,28,4,730,1707393.0,26,105,120.0,0.0,0,0,0,,1
initial,original,"8,9,1,2",3,120,9279007,28,4,730,3408583.0,52,208,120.0,0.0,0,0,0,,1
initial,original,"2,8,9,1",0,120,9279008,28,4,730,2165309.0,33,145,120.0,0.0,0,0,0,,1
initial,original,"8,2,9,1",1,120,9279009,28,4,730,1709322.0,26,104,120.0,0.0,0,0,0,,1
initial,original,"8,9,2,1",2,120,9279010,28,4,730,2953126.0,45,163,120.0,0.0,0,0,0,,1
initial,original,"8,9,1,2",3,120,9279011,28,4,730,1381465.0,21,86,120.0,0.0,0,0,0,,1
initial,original,"2,8,9,1",0,120,9279012,28,4,730,2688794.0,41,180,120.0,0.0,0,0,0,,1
initial,original,"8,2,9,1",1,120,9279013,28,4,730,2755376.0,42,154,120.0,0.0,0,0,0,,3
initial,original,"8,9,2,1",2,120,9279014,28,4,730,3540855.0,54,215,120.0,0.0,0,0,0,,1
initial,original,"8,9,1,2",3,120,9279015,28,4,730,2885836.0,44,199,120.0,0.0,0,0,0,,1
initial,original,"2,8,9,1",0,120,9279016,28,4,730,1577600.0,24,103,120.0,0.0,0,0,0,,2
initial,original,"8,9,2,1",2,120,9279018,28,4,730,2887290.0,44,168,120.0,0.0,0,0,0,,1
initial,original,"8,2,9,1",1,120,9279017,28,4,730,1837163.0,28,103,120.0,0.0,0,0,0,,2
initial,original,"8,9,1,2",3,120,9279019,28,4,730,2101436.0,32,149,120.0,0.0,0,0,0,,1
initial,original,"2,8,9,1",0,120,9279020,28,4,730,1184547.0,18,61,120.0,0.0,0,0,0,,2
initial,original,"8,2,9,1",1,120,9279021,28,4,730,1380892.0,21,86,120.0,0.0,0,0,0,,2
initial,original,"8,9,2,1",2,120,9279022,28,4,730,1315673.0,20,76,120.0,0.0,0,0,0,,4
initial,original,"8,9,1,2",3,120,9279023,28,4,730,2297844.0,35,129,120.0,0.0,0,0,0,,2
initial,original,"2,8,9,1",0,120,9279024,28,4,730,1708683.0,26,89,120.0,0.0,0,0,0,,2
initial,original,"8,2,9,1",1,120,9279025,28,4,730,3147253.0,48,203,120.0,0.0,0,0,0,,1
initial,original,"8,9,2,1",2,120,9279026,28,4,730,2362475.0,36,146,120.0,0.0,0,0,0,,1
initial,original,"8,9,1,2",3,120,9279027,28,4,730,2626333.0,40,161,120.0,0.0,0,0,0,,1
initial,original,"2,8,9,1",0,120,9279028,28,4,730,1707525.0,26,123,120.0,0.0,0,0,0,,1
initial,original,"8,2,9,1",1,120,9279029,28,4,730,2753984.0,42,152,120.0,0.0,0,0,0,,1
initial,original,"2,8,9,1",0,400,9279000,28,4,730,1335.0,0,0,400.0,0.0,1,0,0,,28
initial,original,"8,2,9,1",1,400,9279001,28,4,730,670.0,0,0,400.0,0.0,0,0,0,,27
initial,original,"8,9,2,1",2,400,9279002,28,4,730,1635.0,0,0,400.0,0.0,0,0,0,,24
initial,original,"8,9,1,2",3,400,9279003,28,4,730,1377.0,0,0,400.0,0.0,0,0,0,,26
initial,original,"2,8,9,1",0,400,9279004,28,4,730,1650.0,0,0,400.0,0.0,0,0,0,,27
initial,original,"8,2,9,1",1,400,9279005,28,4,730,1244.0,0,0,400.0,0.0,0,0,0,,28
initial,original,"8,9,2,1",2,400,9279006,28,4,730,1162.0,0,0,400.0,0.0,0,0,0,,24
initial,original,"8,9,1,2",3,400,9279007,28,4,730,1434.0,0,0,400.0,0.0,0,0,0,,25
initial,original,"2,8,9,1",0,400,9279008,28,4,730,1066.0,0,0,400.0,0.0,0,0,0,,26
initial,original,"8,2,9,1",1,400,9279009,28,4,730,1309.0,0,0,400.0,0.0,0,0,0,,23
initial,original,"8,9,2,1",2,400,9279010,28,4,730,1279.0,0,0,400.0,0.0,0,0,0,,23
initial,original,"8,9,1,2",3,400,9279011,28,4,730,1342.0,0,0,400.0,0.0,0,0,0,,26
initial,original,"2,8,9,1",0,400,9279012,28,4,730,1599.0,0,0,400.0,0.0,0,0,0,,24
initial,original,"8,2,9,1",1,400,9279013,28,4,730,1158.0,0,0,400.0,0.0,0,0,0,,24
initial,original,"8,9,2,1",2,400,9279014,28,4,730,1070.0,0,0,400.0,0.0,0,0,0,,23
initial,original,"8,9,1,2",3,400,9279015,28,4,730,1120.0,0,0,400.0,0.0,0,0,0,,23
initial,original,"2,8,9,1",0,400,9279016,28,4,730,1870.0,0,0,400.0,0.0,0,0,0,,25
initial,original,"8,2,9,1",1,400,9279017,28,4,730,1097.0,0,0,400.0,0.0,0,0,0,,23
initial,original,"8,9,2,1",2,400,9279018,28,4,730,1043.0,0,0,400.0,0.0,0,0,0,,25
initial,original,"8,9,1,2",3,400,9279019,28,4,730,1083.0,0,0,400.0,0.0,0,0,0,,24
initial,original,"2,8,9,1",0,400,9279020,28,4,730,1458.0,0,0,400.0,0.0,0,0,0,,27
initial,original,"8,2,9,1",1,400,9279021,28,4,730,1162.0,0,0,400.0,0.0,0,0,0,,22
initial,original,"8,9,2,1",2,400,9279022,28,4,730,1048.0,0,0,400.0,0.0,0,0,0,,23
initial,original,"8,9,1,2",3,400,9279023,28,4,730,1387.0,0,0,400.0,0.0,0,0,0,,27
initial,original,"2,8,9,1",0,400,9279024,28,4,730,1111.0,0,0,400.0,0.0,0,0,0,,28
initial,original,"8,2,9,1",1,400,9279025,28,4,730,1119.0,0,0,400.0,0.0,0,0,0,,23
initial,original,"8,9,1,2",3,400,9279027,28,4,730,1528.0,0,0,400.0,0.0,0,0,0,,28
initial,original,"8,9,2,1",2,400,9279026,28,4,730,987.0,0,0,400.0,0.0,0,0,0,,27
initial,original,"2,8,9,1",0,400,9279028,28,4,730,1180.0,0,0,400.0,0.0,0,0,0,,23
initial,original,"8,2,9,1",1,400,9279029,28,4,730,1205.0,0,0,400.0,0.0,0,0,0,,27
initial,original,"2,9,10,3",0,120,9279000,28,4,730,2494296.0,38,143,120.0,0.0,0,0,0,,1
initial,original,"9,2,10,3",1,120,9279001,28,4,730,2230497.0,34,139,120.0,0.0,0,0,0,,1
initial,original,"9,10,2,3",2,120,9279002,28,4,730,3149304.0,48,174,120.0,0.0,0,0,0,,1
initial,original,"9,10,3,2",3,120,9279003,28,4,730,2885924.0,44,161,120.0,0.0,0,0,0,,1
initial,original,"2,9,10,3",0,120,9279004,28,4,730,2035654.0,31,116,120.0,0.0,0,0,0,,3
initial,original,"9,2,10,3",1,120,9279005,28,4,730,1839311.0,28,115,120.0,0.0,0,0,0,,5
initial,original,"9,10,2,3",2,120,9279006,28,4,730,2363199.0,36,152,120.0,0.0,0,0,0,,3
initial,original,"9,10,3,2",3,120,9279007,28,4,730,2034929.0,31,143,120.0,0.0,0,0,0,,4
initial,original,"2,9,10,3",0,120,9279008,28,4,730,2690815.0,41,143,120.0,0.0,0,0,0,,3
initial,original,"9,10,2,3",2,120,9279010,28,4,730,2626079.0,40,149,120.0,0.0,0,0,0,,1
initial,original,"9,2,10,3",1,120,9279009,28,4,730,1773450.0,27,109,120.0,0.0,0,0,0,,1
initial,original,"9,10,3,2",3,120,9279011,28,4,730,1119308.0,17,77,120.0,0.0,0,0,0,,1
initial,original,"2,9,10,3",0,120,9279012,28,4,730,2494689.0,38,165,120.0,0.0,0,0,0,,1
initial,original,"9,2,10,3",1,120,9279013,28,4,730,1184005.0,18,90,120.0,0.0,0,0,0,,1
initial,original,"9,10,2,3",2,120,9279014,28,4,730,1904563.0,29,122,120.0,0.0,0,0,0,,1
initial,original,"9,10,3,2",3,120,9279015,28,4,730,2494096.0,38,146,120.0,0.0,0,0,0,,3
initial,original,"2,9,10,3",0,120,9279016,28,4,730,1446812.0,22,86,120.0,0.0,0,0,0,,2
initial,original,"9,2,10,3",1,120,9279017,28,4,730,2623765.0,40,156,120.0,0.0,0,0,0,,1
initial,original,"9,10,2,3",2,120,9279018,28,4,730,2102216.0,32,124,120.0,0.0,0,0,0,,1
initial,original,"9,10,3,2",3,120,9279019,28,4,730,2493716.0,38,170,120.0,0.0,0,0,0,,1
initial,original,"2,9,10,3",0,120,9279020,28,4,730,3606732.0,55,222,120.0,0.0,0,0,0,,1
initial,original,"9,2,10,3",1,120,9279021,28,4,730,2298369.0,35,130,120.0,0.0,0,0,0,,2
initial,original,"9,10,2,3",2,120,9279022,28,4,730,2166828.0,33,126,120.0,0.0,0,0,0,,1
initial,original,"9,10,3,2",3,120,9279023,28,4,730,2035011.0,31,121,120.0,0.0,0,0,0,,4
initial,original,"2,9,10,3",0,120,9279024,28,4,730,2687808.0,41,177,120.0,0.0,0,0,0,,1
initial,original,"9,10,2,3",2,120,9279026,28,4,730,1838966.0,28,123,120.0,0.0,0,0,0,,1
initial,original,"9,2,10,3",1,120,9279025,28,4,730,1446215.0,22,91,120.0,0.0,0,0,0,,1
initial,original,"9,10,3,2",3,120,9279027,28,4,730,2167177.0,33,128,120.0,0.0,0,0,0,,1
initial,original,"2,9,10,3",0,120,9279028,28,4,730,2559629.0,39,143,120.0,0.0,0,0,0,,4
initial,original,"9,2,10,3",1,120,9279029,28,4,730,332485.0,5,28,120.0,0.0,0,0,0,,3
initial,original,"2,9,10,3",0,400,9279000,28,4,730,1070.0,0,0,400.0,0.0,0,0,0,,28
initial,original,"9,2,10,3",1,400,9279001,28,4,730,1456.0,0,0,400.0,0.0,0,0,0,,27
initial,original,"9,10,2,3",2,400,9279002,28,4,730,1498.0,0,0,400.0,0.0,0,0,0,,25
initial,original,"9,10,3,2",3,400,9279003,28,4,730,1495.0,0,0,400.0,0.0,0,0,0,,23
initial,original,"2,9,10,3",0,400,9279004,28,4,730,998.0,0,0,400.0,0.0,0,0,0,,24
initial,original,"9,2,10,3",1,400,9279005,28,4,730,1288.0,0,0,400.0,0.0,0,0,0,,28
initial,original,"9,10,2,3",2,400,9279006,28,4,730,1218.0,0,0,400.0,0.0,0,0,0,,24
initial,original,"2,9,10,3",0,400,9279008,28,4,730,823.0,0,0,400.0,0.0,0,0,0,,23
initial,original,"9,10,3,2",3,400,9279007,28,4,730,903.0,0,0,400.0,0.0,0,0,0,,26
initial,original,"9,2,10,3",1,400,9279009,28,4,730,983.0,0,0,400.0,0.0,0,0,0,,26
initial,original,"9,10,2,3",2,400,9279010,28,4,730,1046.0,0,0,400.0,0.0,0,0,0,,25
initial,original,"9,10,3,2",3,400,9279011,28,4,730,1130.0,0,0,400.0,0.0,0,0,0,,26
initial,original,"2,9,10,3",0,400,9279012,28,4,730,922.0,0,0,400.0,0.0,0,0,0,,26
initial,original,"9,10,2,3",2,400,9279014,28,4,730,1059.0,0,0,400.0,0.0,0,0,0,,26
initial,original,"9,2,10,3",1,400,9279013,28,4,730,640.0,0,0,400.0,0.0,0,0,0,,25
initial,original,"9,10,3,2",3,400,9279015,28,4,730,909.0,0,0,400.0,0.0,0,0,0,,27
initial,original,"2,9,10,3",0,400,9279016,28,4,730,1211.0,0,0,400.0,0.0,0,0,0,,23
initial,original,"9,2,10,3",1,400,9279017,28,4,730,1063.0,0,0,400.0,0.0,0,0,0,,24
initial,original,"9,10,2,3",2,400,9279018,28,4,730,1083.0,0,0,400.0,0.0,0,0,0,,26
initial,original,"9,10,3,2",3,400,9279019,28,4,730,1106.0,0,0,400.0,0.0,0,0,0,,26
initial,original,"2,9,10,3",0,400,9279020,28,4,730,917.0,0,0,400.0,0.0,0,0,0,,27
initial,original,"9,2,10,3",1,400,9279021,28,4,730,1486.0,0,0,400.0,0.0,0,0,0,,28
initial,original,"9,10,2,3",2,400,9279022,28,4,730,1022.0,0,0,400.0,0.0,0,0,0,,23
initial,original,"9,10,3,2",3,400,9279023,28,4,730,792.0,0,0,400.0,0.0,0,0,0,,23
initial,original,"2,9,10,3",0,400,9279024,28,4,730,1467.0,0,0,400.0,0.0,0,0,0,,26
initial,original,"2,10,1,4",0,120,9279000,28,4,730,2775.0,0,0,120.0,0.0,0,0,0,,18
initial,original,"9,2,10,3",1,400,9279025,28,4,730,651.0,0,0,400.0,0.0,0,0,0,,28
initial,original,"9,10,2,3",2,400,9279026,28,4,730,1245.0,0,0,400.0,0.0,0,0,0,,26
initial,original,"10,2,1,4",1,120,9279001,28,4,730,3153.0,0,0,120.0,0.0,1,0,0,,22
initial,original,"10,1,2,4",2,120,9279002,28,4,730,4429.0,0,0,120.0,0.0,0,0,0,,21
initial,original,"10,1,4,2",3,120,9279003,28,4,730,3655.0,0,0,120.0,0.0,0,0,0,,20
initial,original,"9,10,3,2",3,400,9279027,28,4,730,1075.0,0,0,400.0,0.0,0,0,0,,27
initial,original,"2,9,10,3",0,400,9279028,28,4,730,814.0,0,0,400.0,0.0,0,0,0,,26
initial,original,"2,10,1,4",0,120,9279004,28,4,730,4540.0,0,0,120.0,0.0,1,0,0,,19
initial,original,"10,2,1,4",1,120,9279005,28,4,730,3737.0,0,0,120.0,0.0,0,0,0,,19
initial,original,"10,1,2,4",2,120,9279006,28,4,730,4628.0,0,0,120.0,0.0,0,0,0,,17
initial,original,"10,1,4,2",3,120,9279007,28,4,730,3500.0,0,0,120.0,0.0,0,0,0,,19
initial,original,"9,2,10,3",1,400,9279029,28,4,730,1098.0,0,0,400.0,0.0,0,0,0,,26
initial,original,"2,10,1,4",0,120,9279008,28,4,730,4478.0,0,0,120.0,0.0,0,0,0,,16
initial,original,"10,2,1,4",1,120,9279009,28,4,730,4055.0,0,0,120.0,0.0,0,0,0,,22
initial,original,"10,1,2,4",2,120,9279010,28,4,730,3324.0,0,0,120.0,0.0,0,0,0,,20
initial,original,"10,1,4,2",3,120,9279011,28,4,730,3860.0,0,0,120.0,0.0,0,0,0,,22
initial,original,"2,10,1,4",0,120,9279012,28,4,730,5068.0,0,0,120.0,0.0,0,0,0,,20
initial,original,"10,2,1,4",1,120,9279013,28,4,730,4153.0,0,0,120.0,0.0,0,0,0,,23
initial,original,"10,1,2,4",2,120,9279014,28,4,730,2660.0,0,0,120.0,0.0,0,0,0,,16
initial,original,"10,1,4,2",3,120,9279015,28,4,730,4791.0,0,0,120.0,0.0,0,0,0,,24
initial,original,"2,10,1,4",0,120,9279016,28,4,730,4136.0,0,0,120.0,0.0,0,0,0,,20
initial,original,"10,2,1,4",1,120,9279017,28,4,730,2997.0,0,0,120.0,0.0,0,0,0,,16
initial,original,"10,1,2,4",2,120,9279018,28,4,730,4739.0,0,0,120.0,0.0,0,0,0,,16
initial,original,"10,1,4,2",3,120,9279019,28,4,730,3643.0,0,0,120.0,0.0,0,0,0,,21
initial,original,"2,10,1,4",0,120,9279020,28,4,730,4015.0,0,0,120.0,0.0,0,0,0,,24
initial,original,"10,2,1,4",1,120,9279021,28,4,730,3914.0,0,0,120.0,0.0,0,0,0,,19
initial,original,"10,1,2,4",2,120,9279022,28,4,730,3772.0,0,0,120.0,0.0,1,0,0,,24
initial,original,"10,1,4,2",3,120,9279023,28,4,730,3894.0,0,0,120.0,0.0,0,0,0,,19
initial,original,"2,10,1,4",0,120,9279024,28,4,730,3998.0,0,0,120.0,0.0,0,0,0,,19
initial,original,"10,2,1,4",1,120,9279025,28,4,730,3911.0,0,0,120.0,0.0,0,0,0,,21
initial,original,"10,1,2,4",2,120,9279026,28,4,730,4132.0,0,0,120.0,0.0,2,0,0,,20
initial,original,"10,1,4,2",3,120,9279027,28,4,730,4591.0,0,0,120.0,0.0,0,0,0,,18
initial,original,"2,10,1,4",0,120,9279028,28,4,730,2616.0,0,0,120.0,0.0,0,0,0,,21
initial,original,"10,2,1,4",1,120,9279029,28,4,730,3704.0,0,0,120.0,0.0,0,0,0,,19
initial,original,"2,10,1,4",0,400,9279000,28,4,730,1121.0,0,0,400.0,0.0,4,0,0,,26
initial,original,"10,1,2,4",2,400,9279002,28,4,730,1095.0,0,0,400.0,0.0,1,0,0,,24
initial,original,"10,2,1,4",1,400,9279001,28,4,730,1298.0,0,0,400.0,0.0,3,0,0,,22
initial,original,"10,1,4,2",3,400,9279003,28,4,730,730.0,0,0,400.0,0.0,0,0,0,,27
initial,original,"2,10,1,4",0,400,9279004,28,4,730,867.0,0,0,400.0,0.0,2,0,0,,23
initial,original,"10,2,1,4",1,400,9279005,28,4,730,1285.0,0,0,400.0,0.0,3,0,0,,27
initial,original,"10,1,2,4",2,400,9279006,28,4,730,1285.0,0,0,400.0,0.0,2,0,0,,27
initial,original,"10,1,4,2",3,400,9279007,28,4,730,1134.0,0,0,400.0,0.0,2,0,0,,26
initial,original,"2,10,1,4",0,400,9279008,28,4,730,994.0,0,0,400.0,0.0,4,0,0,,22
initial,original,"10,2,1,4",1,400,9279009,28,4,730,1208.0,0,0,400.0,0.0,3,0,0,,23
initial,original,"10,1,2,4",2,400,9279010,28,4,730,795.0,0,0,400.0,0.0,0,0,0,,27
initial,original,"10,1,4,2",3,400,9279011,28,4,730,1276.0,0,0,400.0,0.0,3,0,0,,24
initial,original,"2,10,1,4",0,400,9279012,28,4,730,1291.0,0,0,400.0,0.0,1,0,0,,26
initial,original,"10,2,1,4",1,400,9279013,28,4,730,1123.0,0,0,400.0,0.0,2,0,0,,27
initial,original,"10,1,2,4",2,400,9279014,28,4,730,1314.0,0,0,400.0,0.0,6,0,0,,23
initial,original,"10,1,4,2",3,400,9279015,28,4,730,1384.0,0,0,400.0,0.0,3,0,0,,26
initial,original,"2,10,1,4",0,400,9279016,28,4,730,1159.0,0,0,400.0,0.0,4,0,0,,25
initial,original,"10,2,1,4",1,400,9279017,28,4,730,1078.0,0,0,400.0,0.0,4,0,0,,26
initial,original,"10,1,2,4",2,400,9279018,28,4,730,1557.0,0,0,400.0,0.0,6,0,0,,26
initial,original,"10,1,4,2",3,400,9279019,28,4,730,951.0,0,0,400.0,0.0,1,0,0,,24
initial,original,"2,10,1,4",0,400,9279020,28,4,730,1432.0,0,0,400.0,0.0,7,0,0,,27
initial,original,"10,2,1,4",1,400,9279021,28,4,730,1490.0,0,0,400.0,0.0,1,0,0,,25
initial,original,"10,1,2,4",2,400,9279022,28,4,730,1249.0,0,0,400.0,0.0,1,0,0,,24
initial,original,"2,10,1,4",0,400,9279024,28,4,730,1522.0,0,0,400.0,0.0,2,0,0,,24
initial,original,"10,1,4,2",3,400,9279023,28,4,730,1178.0,0,0,400.0,0.0,2,0,0,,24
initial,original,"10,2,1,4",1,400,9279025,28,4,730,1116.0,0,0,400.0,0.0,1,0,0,,26
initial,original,"10,1,2,4",2,400,9279026,28,4,730,1201.0,0,0,400.0,0.0,5,0,0,,26
initial,original,"10,1,4,2",3,400,9279027,28,4,730,1301.0,0,0,400.0,0.0,0,0,0,,24
initial,original,"2,10,1,4",0,400,9279028,28,4,730,1145.0,0,0,400.0,0.0,5,0,0,,23
initial,original,"2,1,1,1",0,120,9279000,28,4,730,3844.0,0,0,120.0,0.0,10,0,0,,25
initial,original,"10,2,1,4",1,400,9279029,28,4,730,876.0,0,0,400.0,0.0,9,0,0,,25
initial,original,"1,2,1,1",1,120,9279001,28,4,730,1215.0,0,0,120.0,0.0,15,0,0,,26
initial,original,"1,1,2,1",2,120,9279002,28,4,730,1860.0,0,0,120.0,0.0,8,0,0,,25
initial,original,"1,1,1,2",3,120,9279003,28,4,730,1550.0,0,0,120.0,0.0,6,0,0,,26
initial,original,"2,1,1,1",0,120,9279004,28,4,730,1415.0,0,0,120.0,0.0,5,0,0,,27
initial,original,"1,2,1,1",1,120,9279005,28,4,730,1338.0,0,0,120.0,0.0,8,0,0,,23
initial,original,"1,1,2,1",2,120,9279006,28,4,730,2547.0,0,0,120.0,0.0,9,0,0,,26
initial,original,"1,1,1,2",3,120,9279007,28,4,730,2026.0,0,0,120.0,0.0,10,0,0,,22
initial,original,"2,1,1,1",0,120,9279008,28,4,730,2040.0,0,0,120.0,0.0,10,0,0,,22
initial,original,"1,2,1,1",1,120,9279009,28,4,730,911.0,0,0,120.0,0.0,3,0,0,,26
initial,original,"1,1,2,1",2,120,9279010,28,4,730,3427.0,0,0,120.0,0.0,10,0,0,,26
initial,original,"1,1,1,2",3,120,9279011,28,4,730,1782.0,0,0,120.0,0.0,6,0,0,,22
initial,original,"2,1,1,1",0,120,9279012,28,4,730,2033.0,0,0,120.0,0.0,13,0,0,,19
initial,original,"1,2,1,1",1,120,9279013,28,4,730,1944.0,0,0,120.0,0.0,9,0,0,,26
initial,original,"1,1,2,1",2,120,9279014,28,4,730,856.0,0,0,120.0,0.0,8,0,0,,26
initial,original,"1,1,1,2",3,120,9279015,28,4,730,1700.0,0,0,120.0,0.0,5,0,0,,25
initial,original,"2,1,1,1",0,120,9279016,28,4,730,1383.0,0,0,120.0,0.0,7,0,0,,20
initial,original,"1,2,1,1",1,120,9279017,28,4,730,2227.0,0,0,120.0,0.0,12,0,0,,28
initial,original,"1,1,2,1",2,120,9279018,28,4,730,1692.0,0,0,120.0,0.0,14,0,0,,26
initial,original,"1,1,1,2",3,120,9279019,28,4,730,1784.0,0,0,120.0,0.0,6,0,0,,24
initial,original,"2,1,1,1",0,120,9279020,28,4,730,1621.0,0,0,120.0,0.0,6,0,0,,27
initial,original,"1,2,1,1",1,120,9279021,28,4,730,1616.0,0,0,120.0,0.0,7,0,0,,23
initial,original,"1,1,2,1",2,120,9279022,28,4,730,757.0,0,0,120.0,0.0,5,0,0,,26
initial,original,"1,1,1,2",3,120,9279023,28,4,730,1287.0,0,0,120.0,0.0,8,0,0,,27
initial,original,"2,1,1,1",0,120,9279024,28,4,730,2051.0,0,0,120.0,0.0,13,0,0,,26
initial,original,"1,2,1,1",1,120,9279025,28,4,730,3010.0,0,0,120.0,0.0,12,0,0,,26
initial,original,"1,1,2,1",2,120,9279026,28,4,730,1729.0,0,0,120.0,0.0,11,0,0,,23
initial,original,"1,1,1,2",3,120,9279027,28,4,730,1647.0,0,0,120.0,0.0,6,0,0,,27
initial,original,"2,1,1,1",0,120,9279028,28,4,730,982.0,0,0,120.0,0.0,4,0,0,,26
initial,original,"1,2,1,1",1,120,9279029,28,4,730,1748.0,0,0,120.0,0.0,15,0,0,,20
initial,original,"2,1,1,1",0,400,9279000,28,4,730,208.0,0,0,400.0,0.0,6,0,0,,25
initial,original,"1,2,1,1",1,400,9279001,28,4,730,245.0,0,0,400.0,0.0,3,0,0,,22
initial,original,"1,1,2,1",2,400,9279002,28,4,730,150.0,0,0,400.0,0.0,5,0,0,,26
initial,original,"1,1,1,2",3,400,9279003,28,4,730,236.0,0,0,400.0,0.0,5,0,0,,22
initial,original,"2,1,1,1",0,400,9279004,28,4,730,156.0,0,0,400.0,0.0,7,0,0,,24
initial,original,"1,2,1,1",1,400,9279005,28,4,730,154.0,0,0,400.0,0.0,7,0,0,,26
initial,original,"1,1,2,1",2,400,9279006,28,4,730,334.0,0,0,400.0,0.0,6,0,0,,25
initial,original,"1,1,1,2",3,400,9279007,28,4,730,399.0,0,0,400.0,0.0,3,0,0,,26
initial,original,"2,1,1,1",0,400,9279008,28,4,730,128.0,0,0,400.0,0.0,7,0,0,,26
initial,original,"1,2,1,1",1,400,9279009,28,4,730,140.0,0,0,400.0,0.0,6,0,0,,22
initial,original,"1,1,2,1",2,400,9279010,28,4,730,257.0,0,0,400.0,0.0,7,0,0,,24
initial,original,"1,1,1,2",3,400,9279011,28,4,730,244.0,0,0,400.0,0.0,2,0,0,,28
initial,original,"2,1,1,1",0,400,9279012,28,4,730,299.0,0,0,400.0,0.0,5,0,0,,22
initial,original,"1,2,1,1",1,400,9279013,28,4,730,190.0,0,0,400.0,0.0,6,0,0,,26
initial,original,"1,1,2,1",2,400,9279014,28,4,730,368.0,0,0,400.0,0.0,4,0,0,,23
initial,original,"1,1,1,2",3,400,9279015,28,4,730,148.0,0,0,400.0,0.0,7,0,0,,25
initial,original,"2,1,1,1",0,400,9279016,28,4,730,213.0,0,0,400.0,0.0,11,0,0,,24
initial,original,"1,2,1,1",1,400,9279017,28,4,730,268.0,0,0,400.0,0.0,7,0,0,,26
initial,original,"1,1,2,1",2,400,9279018,28,4,730,140.0,0,0,400.0,0.0,4,0,0,,25
initial,original,"1,1,1,2",3,400,9279019,28,4,730,107.0,0,0,400.0,0.0,7,0,0,,26
initial,original,"2,1,1,1",0,400,9279020,28,4,730,274.0,0,0,400.0,0.0,7,0,0,,25
initial,original,"1,2,1,1",1,400,9279021,28,4,730,233.0,0,0,400.0,0.0,9,0,0,,24
initial,original,"1,1,2,1",2,400,9279022,28,4,730,117.0,0,0,400.0,0.0,5,0,0,,27
initial,original,"1,1,1,2",3,400,9279023,28,4,730,301.0,0,0,400.0,0.0,8,0,0,,25
initial,original,"2,1,1,1",0,400,9279024,28,4,730,125.0,0,0,400.0,0.0,4,0,0,,24
initial,original,"1,2,1,1",1,400,9279025,28,4,730,172.0,0,0,400.0,0.0,7,0,0,,25
initial,original,"1,1,2,1",2,400,9279026,28,4,730,251.0,0,0,400.0,0.0,5,0,0,,25
initial,original,"1,1,1,2",3,400,9279027,28,4,730,395.0,0,0,400.0,0.0,6,0,0,,24
initial,original,"2,1,1,1",0,400,9279028,28,4,730,202.0,0,0,400.0,0.0,1,0,0,,23
initial,original,"1,2,1,1",1,400,9279029,28,4,730,281.0,0,0,400.0,0.0,9,0,0,,27
initial,original,"3,2,3,3",1,120,9279001,28,4,730,2209.0,0,0,120.0,0.0,7,0,0,,21
initial,original,"3,3,3,2",3,120,9279003,28,4,730,1699.0,0,0,120.0,0.0,8,0,0,,26
initial,original,"2,3,3,3",0,120,9279000,28,4,730,2088.0,0,0,110.0,10.0,7,0,0,,22
initial,original,"2,3,3,3",0,120,9279004,28,4,730,1666.0,0,0,120.0,0.0,11,0,0,,25
initial,original,"3,2,3,3",1,120,9279005,28,4,730,1575.0,0,0,110.0,10.0,11,0,0,,21
initial,original,"3,3,2,3",2,120,9279002,28,4,730,996.0,0,0,110.0,10.0,6,0,0,,23
initial,original,"3,3,3,2",3,120,9279007,28,4,730,1298.0,0,0,110.0,10.0,8,0,0,,21
initial,original,"3,3,2,3",2,120,9279006,28,4,730,1001.0,0,0,120.0,0.0,11,0,0,,26
initial,original,"3,2,3,3",1,120,9279009,28,4,730,1211.0,0,0,120.0,0.0,11,0,0,,24
initial,original,"2,3,3,3",0,120,9279008,28,4,730,1629.0,0,0,120.0,0.0,14,0,0,,23
initial,original,"3,3,2,3",2,120,9279010,28,4,730,1526.0,0,0,120.0,0.0,7,0,0,,21
initial,original,"3,3,3,2",3,120,9279011,28,4,730,2146.0,0,0,120.0,0.0,5,0,0,,22
initial,original,"2,3,3,3",0,120,9279012,28,4,730,1834.0,0,0,110.0,10.0,11,0,0,,23
initial,original,"3,2,3,3",1,120,9279013,28,4,730,1711.0,0,0,120.0,0.0,15,0,0,,22
initial,original,"3,3,2,3",2,120,9279014,28,4,730,1964.0,0,0,120.0,0.0,10,0,0,,24
initial,original,"2,3,3,3",0,120,9279016,28,4,730,1385.0,0,0,110.0,10.0,5,0,0,,27
initial,original,"3,3,3,2",3,120,9279015,28,4,730,1528.0,0,0,110.0,10.0,8,0,0,,18
initial,original,"3,2,3,3",1,120,9279017,28,4,730,333.0,0,0,120.0,0.0,1,0,0,,25
initial,original,"3,3,2,3",2,120,9279018,28,4,730,1882.0,0,0,120.0,0.0,8,0,0,,20
initial,original,"2,3,3,3",0,120,9279020,28,4,730,1187.0,0,0,110.0,10.0,12,0,0,,23
initial,original,"3,2,3,3",1,120,9279021,28,4,730,1076.0,0,0,110.0,10.0,7,0,0,,25
initial,original,"3,3,2,3",2,120,9279022,28,4,730,1482.0,0,0,110.0,10.0,11,0,0,,23
initial,original,"3,3,3,2",3,120,9279019,28,4,730,1579.0,0,0,110.0,10.0,5,0,0,,24
initial,original,"3,3,3,2",3,120,9279023,28,4,730,3372.0,0,0,120.0,0.0,6,0,0,,22
initial,original,"2,3,3,3",0,120,9279024,28,4,730,1338.0,0,0,120.0,0.0,4,0,0,,24
initial,original,"3,2,3,3",1,120,9279025,28,4,730,1733.0,0,0,110.0,10.0,6,0,0,,22
initial,original,"3,3,2,3",2,120,9279026,28,4,730,1464.0,0,0,120.0,0.0,13,0,0,,20
initial,original,"3,3,3,2",3,120,9279027,28,4,730,1555.0,0,0,110.0,10.0,6,0,0,,19
initial,original,"2,3,3,3",0,120,9279028,28,4,730,1452.0,0,0,120.0,0.0,3,0,0,,24
initial,original,"3,2,3,3",1,120,9279029,28,4,730,2766.0,0,0,120.0,0.0,8,0,0,,26
initial,original,"2,3,3,3",0,400,9279000,28,4,730,45.0,0,0,350.0,50.0,1,0,0,,26
initial,original,"3,2,3,3",1,400,9279001,28,4,730,30.0,0,0,350.0,50.0,0,0,0,,23
initial,original,"2,3,3,3",0,400,9279004,28,4,730,21.0,0,0,350.0,50.0,0,0,0,,25
initial,original,"3,3,2,3",2,400,9279002,28,4,730,24.0,0,0,350.0,50.0,0,0,0,,23
initial,original,"3,3,3,2",3,400,9279003,28,4,730,34.0,0,0,340.0,60.0,0,0,0,,25
initial,original,"3,2,3,3",1,400,9279005,28,4,730,71.0,0,0,340.0,60.0,1,0,0,,24
initial,original,"3,3,2,3",2,400,9279006,28,4,730,48.0,0,0,340.0,60.0,0,0,0,,23
initial,original,"3,2,3,3",1,400,9279009,28,4,730,373.0,0,0,350.0,50.0,3,0,0,,24
initial,original,"3,3,3,2",3,400,9279007,28,4,730,82.0,0,0,340.0,60.0,1,0,0,,25
initial,original,"2,3,3,3",0,400,9279008,28,4,730,74.0,0,0,340.0,60.0,0,0,0,,23
initial,original,"3,3,2,3",2,400,9279010,28,4,730,52.0,0,0,340.0,60.0,0,0,0,,23
initial,original,"3,3,3,2",3,400,9279011,28,4,730,72.0,0,0,350.0,50.0,0,0,0,,25
initial,original,"3,3,2,3",2,400,9279014,28,4,730,163.0,0,0,350.0,50.0,2,0,0,,26
initial,original,"2,3,3,3",0,400,9279012,28,4,730,194.0,0,0,340.0,60.0,0,0,0,,24
initial,original,"3,2,3,3",1,400,9279013,28,4,730,88.0,0,0,350.0,50.0,2,0,0,,25
initial,original,"3,3,3,2",3,400,9279015,28,4,730,64.0,0,0,350.0,50.0,2,0,0,,23
initial,original,"2,3,3,3",0,400,9279016,28,4,730,18.0,0,0,350.0,50.0,1,0,0,,23
initial,original,"3,2,3,3",1,400,9279017,28,4,730,16.0,0,0,350.0,50.0,0,0,0,,23
initial,original,"3,3,2,3",2,400,9279018,28,4,730,85.0,0,0,340.0,60.0,0,0,0,,24
initial,original,"3,3,3,2",3,400,9279019,28,4,730,30.0,0,0,350.0,50.0,0,0,0,,23
initial,original,"2,3,3,3",0,400,9279020,28,4,730,78.0,0,0,350.0,50.0,0,0,0,,23
initial,original,"3,2,3,3",1,400,9279021,28,4,730,20.0,0,0,350.0,50.0,1,0,0,,26
initial,original,"3,3,2,3",2,400,9279022,28,4,730,82.0,0,0,350.0,50.0,1,0,0,,24
initial,original,"3,3,3,2",3,400,9279023,28,4,730,106.0,0,0,350.0,50.0,0,0,0,,25
initial,original,"2,3,3,3",0,400,9279024,28,4,730,34.0,0,0,350.0,50.0,1,0,0,,24
initial,original,"3,3,2,3",2,400,9279026,28,4,730,90.0,0,0,350.0,50.0,1,0,0,,23
initial,original,"3,3,3,2",3,400,9279027,28,4,730,100.0,0,0,350.0,50.0,1,0,0,,21
initial,original,"3,2,3,3",1,400,9279025,28,4,730,164.0,0,0,350.0,50.0,0,0,0,,26
initial,original,"2,4,4,4",0,120,9279000,28,4,730,3835.0,0,0,120.0,0.0,0,0,0,,17
initial,original,"4,2,4,4",1,120,9279001,28,4,730,4344.0,0,0,120.0,0.0,0,0,0,,17
initial,original,"4,4,2,4",2,120,9279002,28,4,730,4089.0,0,0,120.0,0.0,0,0,0,,19
initial,original,"4,4,4,2",3,120,9279003,28,4,730,4522.0,0,0,120.0,0.0,0,0,0,,16
initial,original,"2,4,4,4",0,120,9279004,28,4,730,4598.0,0,0,120.0,0.0,0,0,0,,17
initial,original,"4,2,4,4",1,120,9279005,28,4,730,3223.0,0,0,120.0,0.0,2,0,0,,22
initial,original,"4,4,2,4",2,120,9279006,28,4,730,4668.0,0,0,120.0,0.0,0,0,0,,15
initial,original,"4,4,4,2",3,120,9279007,28,4,730,4210.0,0,0,120.0,0.0,0,0,0,,16
initial,original,"2,4,4,4",0,120,9279008,28,4,730,3501.0,0,0,120.0,0.0,0,0,0,,15
initial,original,"4,2,4,4",1,120,9279009,28,4,730,5031.0,0,0,120.0,0.0,0,0,0,,17
initial,original,"4,4,2,4",2,120,9279010,28,4,730,3789.0,0,0,120.0,0.0,0,0,0,,15
initial,original,"4,4,4,2",3,120,9279011,28,4,730,3292.0,0,0,120.0,0.0,0,0,0,,20
initial,original,"2,4,4,4",0,120,9279012,28,4,730,4466.0,0,0,120.0,0.0,0,0,0,,17
initial,original,"2,3,3,3",0,400,9279028,28,4,730,99.0,0,0,350.0,50.0,0,0,0,,25
initial,original,"4,2,4,4",1,120,9279013,28,4,730,4417.0,0,0,120.0,0.0,0,0,0,,16
initial,original,"4,4,2,4",2,120,9279014,28,4,730,4775.0,0,0,120.0,0.0,0,0,0,,17
initial,original,"4,4,4,2",3,120,9279015,28,4,730,3779.0,0,0,120.0,0.0,0,0,0,,18
initial,original,"2,4,4,4",0,120,9279016,28,4,730,3237.0,0,0,120.0,0.0,0,0,0,,18
initial,original,"3,2,3,3",1,400,9279029,28,4,730,91.0,0,0,350.0,50.0,1,0,0,,24
initial,original,"4,2,4,4",1,120,9279017,28,4,730,4151.0,0,0,120.0,0.0,0,0,0,,19
initial,original,"4,4,2,4",2,120,9279018,28,4,730,4928.0,0,0,120.0,0.0,0,0,0,,19
initial,original,"4,4,4,2",3,120,9279019,28,4,730,5098.0,0,0,120.0,0.0,0,0,0,,17
initial,original,"2,4,4,4",0,120,9279020,28,4,730,5263.0,0,0,120.0,0.0,0,0,0,,16
initial,original,"4,2,4,4",1,120,9279021,28,4,730,4275.0,0,0,120.0,0.0,0,0,0,,23
initial,original,"4,4,4,2",3,120,9279023,28,4,730,4683.0,0,0,120.0,0.0,0,0,0,,23
initial,original,"4,4,2,4",2,120,9279022,28,4,730,3583.0,0,0,120.0,0.0,0,0,0,,19
initial,original,"2,4,4,4",0,120,9279024,28,4,730,135791.0,2,7,120.0,0.0,0,0,0,,13
initial,original,"4,2,4,4",1,120,9279025,28,4,730,4152.0,0,0,120.0,0.0,0,0,0,,15
initial,original,"4,4,2,4",2,120,9279026,28,4,730,4411.0,0,0,120.0,0.0,0,0,0,,19
initial,original,"4,4,4,2",3,120,9279027,28,4,730,4792.0,0,0,120.0,0.0,0,0,0,,18
initial,original,"2,4,4,4",0,120,9279028,28,4,730,4584.0,0,0,120.0,0.0,0,0,0,,22
initial,original,"4,2,4,4",1,120,9279029,28,4,730,4606.0,0,0,120.0,0.0,0,0,0,,16
initial,original,"2,4,4,4",0,400,9279000,28,4,730,3611.0,0,0,180.0,220.0,14,0,0,,24
initial,original,"4,2,4,4",1,400,9279001,28,4,730,4164.0,0,0,190.0,210.0,17,0,0,,24
initial,original,"4,4,2,4",2,400,9279002,28,4,730,3355.0,0,0,190.0,210.0,21,0,0,,23
initial,original,"4,4,4,2",3,400,9279003,28,4,730,3928.0,0,0,190.0,210.0,20,0,0,,23
initial,original,"4,2,4,4",1,400,9279005,28,4,730,3443.0,0,0,200.0,200.0,21,0,0,,23
initial,original,"2,4,4,4",0,400,9279004,28,4,730,4468.0,0,0,180.0,220.0,17,0,0,,19
initial,original,"4,4,2,4",2,400,9279006,28,4,730,3140.0,0,0,190.0,210.0,10,0,0,,27
initial,original,"4,4,4,2",3,400,9279007,28,4,730,3437.0,0,0,190.0,210.0,18,0,0,,23
initial,original,"2,4,4,4",0,400,9279008,28,4,730,3387.0,0,0,210.0,190.0,39,0,0,,25
initial,original,"4,2,4,4",1,400,9279009,28,4,730,4052.0,0,0,190.0,210.0,18,0,0,,24
initial,original,"4,4,4,2",3,400,9279011,28,4,730,2902.0,0,0,180.0,220.0,10,0,0,,23
initial,original,"4,4,2,4",2,400,9279010,28,4,730,4482.0,0,0,180.0,220.0,18,0,0,,22
initial,original,"2,4,4,4",0,400,9279012,28,4,730,3040.0,0,0,190.0,210.0,17,0,0,,25
initial,original,"4,2,4,4",1,400,9279013,28,4,730,4147.0,0,0,190.0,210.0,18,0,0,,25
initial,original,"4,4,2,4",2,400,9279014,28,4,730,4093.0,0,0,170.0,230.0,20,0,0,,23
initial,original,"4,4,4,2",3,400,9279015,28,4,730,3869.0,0,0,190.0,210.0,20,0,0,,22
initial,original,"4,2,4,4",1,400,9279017,28,4,730,4222.0,0,0,180.0,220.0,17,0,0,,23
initial,original,"2,4,4,4",0,400,9279016,28,4,730,3534.0,0,0,180.0,220.0,12,0,0,,22
initial,original,"4,4,2,4",2,400,9279018,28,4,730,4283.0,0,0,170.0,230.0,9,0,0,,24
initial,original,"4,4,4,2",3,400,9279019,28,4,730,3577.0,0,0,180.0,220.0,19,0,0,,23
initial,original,"2,4,4,4",0,400,9279020,28,4,730,3245.0,0,0,200.0,200.0,21,0,0,,25
initial,original,"4,2,4,4",1,400,9279021,28,4,730,3440.0,0,0,200.0,200.0,23,0,0,,25
initial,original,"4,4,2,4",2,400,9279022,28,4,730,4176.0,0,0,180.0,220.0,36,0,0,,20
initial,original,"4,4,4,2",3,400,9279023,28,4,730,3051.0,0,0,200.0,200.0,34,0,0,,21
initial,original,"2,4,4,4",0,400,9279024,28,4,730,3818.0,0,0,200.0,200.0,21,0,0,,25
initial,original,"4,2,4,4",1,400,9279025,28,4,730,4069.0,0,0,190.0,210.0,15,0,0,,27
initial,original,"4,4,2,4",2,400,9279026,28,4,730,4165.0,0,0,200.0,200.0,17,0,0,,28
initial,original,"4,4,4,2",3,400,9279027,28,4,730,4181.0,0,0,190.0,210.0,12,0,0,,24
initial,original,"2,4,4,4",0,400,9279028,28,4,730,3666.0,0,0,180.0,220.0,16,0,0,,22
initial,original,"4,2,4,4",1,400,9279029,28,4,730,4181.0,0,0,190.0,210.0,14,0,0,,26
initial,original,"2,6,6,6",0,120,9279000,28,4,730,2320.0,0,0,120.0,0.0,4,0,0,,25
initial,original,"6,2,6,6",1,120,9279001,28,4,730,2104.0,0,0,120.0,0.0,3,0,0,,21
initial,original,"6,6,2,6",2,120,9279002,28,4,730,3644.0,0,0,120.0,0.0,3,0,0,,22
initial,original,"6,6,6,2",3,120,9279003,28,4,730,595.0,0,0,120.0,0.0,2,0,0,,17
initial,original,"6,2,6,6",1,120,9279005,28,4,730,1214.0,0,0,120.0,0.0,3,0,0,,24
initial,original,"2,6,6,6",0,120,9279004,28,4,730,1125.0,0,0,120.0,0.0,1,0,0,,24
initial,original,"6,6,2,6",2,120,9279006,28,4,730,1967.0,0,0,120.0,0.0,4,0,0,,21
initial,original,"6,6,6,2",3,120,9279007,28,4,730,2402.0,0,0,120.0,0.0,4,0,0,,20
initial,original,"2,6,6,6",0,120,9279008,28,4,730,2019.0,0,0,120.0,0.0,2,0,0,,23
initial,original,"6,2,6,6",1,120,9279009,28,4,730,1150.0,0,0,120.0,0.0,1,0,0,,24
initial,original,"6,6,2,6",2,120,9279010,28,4,730,3291.0,0,0,120.0,0.0,4,0,0,,26
initial,original,"6,6,6,2",3,120,9279011,28,4,730,880.0,0,0,120.0,0.0,2,0,0,,25
initial,original,"2,6,6,6",0,120,9279012,28,4,730,939.0,0,0,120.0,0.0,3,0,0,,25
initial,original,"6,2,6,6",1,120,9279013,28,4,730,541.0,0,0,120.0,0.0,3,0,0,,20
initial,original,"6,6,2,6",2,120,9279014,28,4,730,2969.0,0,0,120.0,0.0,8,0,0,,20
initial,original,"6,6,6,2",3,120,9279015,28,4,730,2915.0,0,0,120.0,0.0,7,0,0,,23
initial,original,"2,6,6,6",0,120,9279016,28,4,730,2925.0,0,0,120.0,0.0,5,0,0,,23
initial,original,"6,2,6,6",1,120,9279017,28,4,730,1902.0,0,0,120.0,0.0,3,0,0,,24
initial,original,"6,6,2,6",2,120,9279018,28,4,730,2167.0,0,0,120.0,0.0,5,0,0,,23
initial,original,"6,6,6,2",3,120,9279019,28,4,730,3046.0,0,0,120.0,0.0,4,0,0,,22
initial,original,"2,6,6,6",0,120,9279020,28,4,730,976.0,0,0,120.0,0.0,5,0,0,,26
initial,original,"6,2,6,6",1,120,9279021,28,4,730,2624.0,0,0,120.0,0.0,2,0,0,,19
initial,original,"6,6,2,6",2,120,9279022,28,4,730,2547.0,0,0,120.0,0.0,4,0,0,,23
initial,original,"6,6,6,2",3,120,9279023,28,4,730,1691.0,0,0,120.0,0.0,3,0,0,,22
initial,original,"2,6,6,6",0,120,9279024,28,4,730,760.0,0,0,120.0,0.0,3,0,0,,22
initial,original,"6,2,6,6",1,120,9279025,28,4,730,2224.0,0,0,120.0,0.0,5,0,0,,24
initial,original,"6,6,2,6",2,120,9279026,28,4,730,1630.0,0,0,120.0,0.0,1,0,0,,26
initial,original,"6,6,6,2",3,120,9279027,28,4,730,2334.0,0,0,120.0,0.0,4,0,0,,21
initial,original,"2,6,6,6",0,120,9279028,28,4,730,1033.0,0,0,120.0,0.0,6,0,0,,24
initial,original,"6,2,6,6",1,120,9279029,28,4,730,2576.0,0,0,120.0,0.0,3,0,0,,23
initial,original,"2,6,6,6",0,400,9279000,28,4,730,875.0,0,0,180.0,220.0,12,0,0,,25
initial,original,"6,2,6,6",1,400,9279001,28,4,730,0.0,0,0,150.0,250.0,5,0,0,,21
initial,original,"6,6,2,6",2,400,9279002,28,4,730,169.0,0,0,180.0,220.0,5,0,0,,25
initial,original,"6,6,6,2",3,400,9279003,28,4,730,278.0,0,0,160.0,240.0,7,0,0,,21
initial,original,"2,6,6,6",0,400,9279004,28,4,730,11.0,0,0,160.0,240.0,6,0,0,,23
initial,original,"6,2,6,6",1,400,9279005,28,4,730,354.0,0,0,180.0,220.0,10,0,0,,22
initial,original,"6,6,2,6",2,400,9279006,28,4,730,326.0,0,0,170.0,230.0,3,0,0,,23
initial,original,"6,6,6,2",3,400,9279007,28,4,730,220.0,0,0,180.0,220.0,9,0,0,,23
initial,original,"2,6,6,6",0,400,9279008,28,4,730,333.0,0,0,160.0,240.0,15,0,0,,22
initial,original,"6,2,6,6",1,400,9279009,28,4,730,164.0,0,0,180.0,220.0,10,0,0,,22
initial,original,"6,6,2,6",2,400,9279010,28,4,730,333.0,0,0,180.0,220.0,19,0,0,,25
initial,original,"6,6,6,2",3,400,9279011,28,4,730,272.0,0,0,180.0,220.0,13,0,0,,22
initial,original,"2,6,6,6",0,400,9279012,28,4,730,219.0,0,0,170.0,230.0,6,0,0,,25
initial,original,"6,2,6,6",1,400,9279013,28,4,730,324.0,0,0,180.0,220.0,15,0,0,,26
initial,original,"6,6,2,6",2,400,9279014,28,4,730,30.0,0,0,160.0,240.0,6,0,0,,23
initial,original,"6,6,6,2",3,400,9279015,28,4,730,77.0,0,0,160.0,240.0,5,0,0,,25
initial,original,"2,6,6,6",0,400,9279016,28,4,730,814.0,0,0,170.0,230.0,11,0,0,,23
initial,original,"6,2,6,6",1,400,9279017,28,4,730,527.0,0,0,180.0,220.0,15,0,0,,24
initial,original,"6,6,2,6",2,400,9279018,28,4,730,573.0,0,0,180.0,220.0,14,0,0,,22
initial,original,"6,6,6,2",3,400,9279019,28,4,730,108.0,0,0,180.0,220.0,12,0,0,,25
initial,original,"2,6,6,6",0,400,9279020,28,4,730,642.0,0,0,180.0,220.0,12,0,0,,21
initial,original,"6,2,6,6",1,400,9279021,28,4,730,91.0,0,0,160.0,240.0,8,0,0,,23
initial,original,"6,6,2,6",2,400,9279022,28,4,730,403.0,0,0,170.0,230.0,14,0,0,,21
initial,original,"6,6,6,2",3,400,9279023,28,4,730,144.0,0,0,160.0,240.0,6,0,0,,20
initial,original,"2,6,6,6",0,400,9279024,28,4,730,65.0,0,0,160.0,240.0,9,0,0,,24
initial,original,"6,2,6,6",1,400,9279025,28,4,730,266.0,0,0,170.0,230.0,7,0,0,,24
initial,original,"6,6,2,6",2,400,9279026,28,4,730,8.0,0,0,150.0,250.0,5,0,0,,20
initial,original,"6,6,6,2",3,400,9279027,28,4,730,19.0,0,0,170.0,230.0,7,0,0,,20
initial,original,"2,6,6,6",0,400,9279028,28,4,730,779.0,0,0,180.0,220.0,15,0,0,,23
initial,original,"6,2,6,6",1,400,9279029,28,4,730,227.0,0,0,180.0,220.0,7,0,0,,22
initial,original,"2,7,7,7",0,120,9279000,28,4,730,1563.0,0,0,120.0,0.0,3,0,0,,20
initial,original,"7,2,7,7",1,120,9279001,28,4,730,352.0,0,0,120.0,0.0,1,0,0,,26
initial,original,"7,7,2,7",2,120,9279002,28,4,730,691.0,0,0,120.0,0.0,1,0,0,,22
initial,original,"7,7,7,2",3,120,9279003,28,4,730,404.0,0,0,120.0,0.0,1,0,0,,22
initial,original,"2,7,7,7",0,120,9279004,28,4,730,1417.0,0,0,120.0,0.0,4,0,0,,18
initial,original,"7,2,7,7",1,120,9279005,28,4,730,1061.0,0,0,120.0,0.0,2,0,0,,21
initial,original,"7,7,2,7",2,120,9279006,28,4,730,1152.0,0,0,120.0,0.0,4,0,0,,21
initial,original,"7,7,7,2",3,120,9279007,28,4,730,373.0,0,0,120.0,0.0,1,0,0,,27
initial,original,"2,7,7,7",0,120,9279008,28,4,730,1436.0,0,0,120.0,0.0,6,0,0,,19
initial,original,"7,7,2,7",2,120,9279010,28,4,730,1679.0,0,0,120.0,0.0,3,0,0,,17
initial,original,"7,2,7,7",1,120,9279009,28,4,730,872.0,0,0,120.0,0.0,1,0,0,,19
initial,original,"7,7,7,2",3,120,9279011,28,4,730,889.0,0,0,120.0,0.0,2,0,0,,16
initial,original,"2,7,7,7",0,120,9279012,28,4,730,436.0,0,0,120.0,0.0,2,0,0,,21
initial,original,"7,2,7,7",1,120,9279013,28,4,730,2802.0,0,0,120.0,0.0,3,0,0,,19
initial,original,"7,7,2,7",2,120,9279014,28,4,730,980.0,0,0,120.0,0.0,1,0,0,,20
initial,original,"7,7,7,2",3,120,9279015,28,4,730,1800.0,0,0,120.0,0.0,1,0,0,,21
initial,original,"2,7,7,7",0,120,9279016,28,4,730,435.0,0,0,120.0,0.0,1,0,0,,25
initial,original,"7,7,2,7",2,120,9279018,28,4,730,1685.0,0,0,120.0,0.0,4,0,0,,21
initial,original,"7,2,7,7",1,120,9279017,28,4,730,1139.0,0,0,120.0,0.0,2,0,0,,25
initial,original,"7,7,7,2",3,120,9279019,28,4,730,160.0,0,0,120.0,0.0,1,0,0,,25
initial,original,"2,7,7,7",0,120,9279020,28,4,730,259.0,0,0,120.0,0.0,2,0,0,,25
initial,original,"7,2,7,7",1,120,9279021,28,4,730,173.0,0,0,120.0,0.0,1,0,0,,25
initial,original,"7,7,2,7",2,120,9279022,28,4,730,310.0,0,0,120.0,0.0,2,0,0,,25
initial,original,"2,7,7,7",0,120,9279024,28,4,730,1453.0,0,0,120.0,0.0,4,0,0,,18
initial,original,"7,7,7,2",3,120,9279023,28,4,730,1166.0,0,0,120.0,0.0,4,0,0,,21
initial,original,"7,2,7,7",1,120,9279025,28,4,730,376.0,0,0,120.0,0.0,2,0,0,,26
initial,original,"7,7,2,7",2,120,9279026,28,4,730,1280.0,0,0,120.0,0.0,8,0,0,,15
initial,original,"7,7,7,2",3,120,9279027,28,4,730,507.0,0,0,120.0,0.0,1,0,0,,23
initial,original,"2,7,7,7",0,120,9279028,28,4,730,714.0,0,0,120.0,0.0,1,0,0,,22
initial,original,"7,2,7,7",1,120,9279029,28,4,730,100.0,0,0,120.0,0.0,1,0,0,,27
initial,original,"2,7,7,7",0,400,9279000,28,4,730,907.0,0,0,400.0,0.0,9,0,0,,20
initial,original,"7,2,7,7",1,400,9279001,28,4,730,344.0,0,0,400.0,0.0,9,0,0,,21
initial,original,"7,7,2,7",2,400,9279002,28,4,730,354.0,0,0,400.0,0.0,7,0,0,,19
initial,original,"7,7,7,2",3,400,9279003,28,4,730,371.0,0,0,400.0,0.0,11,0,0,,20
initial,original,"2,7,7,7",0,400,9279004,28,4,730,640.0,0,0,400.0,0.0,16,0,0,,21
initial,original,"7,2,7,7",1,400,9279005,28,4,730,158.0,0,0,400.0,0.0,6,0,0,,27
initial,original,"7,7,2,7",2,400,9279006,28,4,730,957.0,0,0,400.0,0.0,6,0,0,,25
initial,original,"7,7,7,2",3,400,9279007,28,4,730,415.0,0,0,400.0,0.0,8,0,0,,22
initial,original,"2,7,7,7",0,400,9279008,28,4,730,486.0,0,0,400.0,0.0,20,0,0,,22
initial,original,"7,2,7,7",1,400,9279009,28,4,730,526.0,0,0,400.0,0.0,13,0,0,,23
initial,original,"7,7,2,7",2,400,9279010,28,4,730,791.0,0,0,400.0,0.0,12,0,0,,22
initial,original,"7,7,7,2",3,400,9279011,28,4,730,485.0,0,0,400.0,0.0,14,0,0,,26
initial,original,"2,7,7,7",0,400,9279012,28,4,730,141.0,0,0,400.0,0.0,11,0,0,,23
initial,original,"7,2,7,7",1,400,9279013,28,4,730,730.0,0,0,400.0,0.0,18,0,0,,23
initial,original,"7,7,2,7",2,400,9279014,28,4,730,287.0,0,0,400.0,0.0,7,0,0,,22
initial,original,"7,7,7,2",3,400,9279015,28,4,730,294.0,0,0,400.0,0.0,11,0,0,,22
initial,original,"2,7,7,7",0,400,9279016,28,4,730,338.0,0,0,400.0,0.0,13,0,0,,22
initial,original,"7,2,7,7",1,400,9279017,28,4,730,614.0,0,0,400.0,0.0,5,0,0,,20
initial,original,"7,7,2,7",2,400,9279018,28,4,730,669.0,0,0,400.0,0.0,15,0,0,,26
initial,original,"7,7,7,2",3,400,9279019,28,4,730,557.0,0,0,400.0,0.0,12,0,0,,21
initial,original,"2,7,7,7",0,400,9279020,28,4,730,227.0,0,0,400.0,0.0,11,0,0,,27
initial,original,"7,2,7,7",1,400,9279021,28,4,730,411.0,0,0,400.0,0.0,7,0,0,,21
initial,original,"7,7,2,7",2,400,9279022,28,4,730,207.0,0,0,400.0,0.0,9,0,0,,26
initial,original,"7,7,7,2",3,400,9279023,28,4,730,757.0,0,0,400.0,0.0,10,0,0,,27
initial,original,"2,7,7,7",0,400,9279024,28,4,730,766.0,0,0,400.0,0.0,9,0,0,,23
initial,original,"7,2,7,7",1,400,9279025,28,4,730,208.0,0,0,400.0,0.0,6,0,0,,20
initial,original,"7,7,2,7",2,400,9279026,28,4,730,423.0,0,0,400.0,0.0,12,0,0,,22
initial,original,"7,7,7,2",3,400,9279027,28,4,730,263.0,0,0,400.0,0.0,9,0,0,,20
initial,original,"2,7,7,7",0,400,9279028,28,4,730,204.0,0,0,400.0,0.0,10,0,0,,25
initial,original,"7,2,7,7",1,400,9279029,28,4,730,152.0,0,0,400.0,0.0,13,0,0,,22
initial,original,"2,8,8,8",0,120,9279000,28,4,730,2110.0,0,0,120.0,0.0,7,0,0,,19
initial,original,"8,2,8,8",1,120,9279001,28,4,730,2815.0,0,0,120.0,0.0,6,0,0,,25
initial,original,"8,8,2,8",2,120,9279002,28,4,730,1150.0,0,0,120.0,0.0,9,0,0,,26
initial,original,"8,8,8,2",3,120,9279003,28,4,730,1541.0,0,0,120.0,0.0,6,0,0,,26
initial,original,"2,8,8,8",0,120,9279004,28,4,730,1560.0,0,0,120.0,0.0,11,0,0,,23
initial,original,"8,2,8,8",1,120,9279005,28,4,730,1447.0,0,0,120.0,0.0,10,0,0,,26
initial,original,"8,8,2,8",2,120,9279006,28,4,730,1428.0,0,0,120.0,0.0,8,0,0,,26
initial,original,"8,8,8,2",3,120,9279007,28,4,730,1465.0,0,0,120.0,0.0,9,0,0,,21
initial,original,"2,8,8,8",0,120,9279008,28,4,730,1850.0,0,0,120.0,0.0,11,0,0,,26
initial,original,"8,2,8,8",1,120,9279009,28,4,730,1115.0,0,0,120.0,0.0,8,0,0,,19
initial,original,"8,8,2,8",2,120,9279010,28,4,730,1557.0,0,0,120.0,0.0,7,0,0,,26
initial,original,"8,8,8,2",3,120,9279011,28,4,730,1920.0,0,0,120.0,0.0,11,0,0,,26
initial,original,"2,8,8,8",0,120,9279012,28,4,730,2597.0,0,0,120.0,0.0,9,0,0,,26
initial,original,"8,2,8,8",1,120,9279013,28,4,730,1513.0,0,0,120.0,0.0,14,0,0,,21
initial,original,"8,8,2,8",2,120,9279014,28,4,730,1671.0,0,0,120.0,0.0,4,0,0,,22
initial,original,"8,8,8,2",3,120,9279015,28,4,730,1492.0,0,0,120.0,0.0,8,0,0,,22
initial,original,"2,8,8,8",0,120,9279016,28,4,730,1024.0,0,0,120.0,0.0,4,0,0,,27
initial,original,"8,2,8,8",1,120,9279017,28,4,730,964.0,0,0,120.0,0.0,7,0,0,,26
initial,original,"8,8,2,8",2,120,9279018,28,4,730,1284.0,0,0,120.0,0.0,14,0,0,,26
initial,original,"8,8,8,2",3,120,9279019,28,4,730,1445.0,0,0,120.0,0.0,5,0,0,,26
initial,original,"2,8,8,8",0,120,9279020,28,4,730,991.0,0,0,120.0,0.0,5,0,0,,26
initial,original,"8,2,8,8",1,120,9279021,28,4,730,1645.0,0,0,120.0,0.0,4,0,0,,25
initial,original,"8,8,2,8",2,120,9279022,28,4,730,1383.0,0,0,120.0,0.0,11,0,0,,26
initial,original,"8,8,8,2",3,120,9279023,28,4,730,2331.0,0,0,120.0,0.0,11,0,0,,21
initial,original,"2,8,8,8",0,120,9279024,28,4,730,2351.0,0,0,120.0,0.0,9,0,0,,21
initial,original,"8,2,8,8",1,120,9279025,28,4,730,2131.0,0,0,120.0,0.0,8,0,0,,27
initial,original,"8,8,2,8",2,120,9279026,28,4,730,2012.0,0,0,120.0,0.0,11,0,0,,23
initial,original,"2,8,8,8",0,120,9279028,28,4,730,1408.0,0,0,120.0,0.0,5,0,0,,22
initial,original,"8,8,8,2",3,120,9279027,28,4,730,2196.0,0,0,120.0,0.0,6,0,0,,18
initial,original,"8,2,8,8",1,120,9279029,28,4,730,2859.0,0,0,120.0,0.0,8,0,0,,23
initial,original,"2,8,8,8",0,400,9279000,28,4,730,597.0,0,0,380.0,20.0,10,0,0,,28
initial,original,"8,2,8,8",1,400,9279001,28,4,730,516.0,0,0,380.0,20.0,12,0,0,,28
initial,original,"8,8,2,8",2,400,9279002,28,4,730,511.0,0,0,370.0,30.0,11,0,0,,26
initial,original,"8,8,8,2",3,400,9279003,28,4,730,1000.0,0,0,380.0,20.0,12,0,0,,27
initial,original,"2,8,8,8",0,400,9279004,28,4,730,869.0,0,0,370.0,30.0,10,0,0,,24
initial,original,"8,2,8,8",1,400,9279005,28,4,730,751.0,0,0,370.0,30.0,9,0,0,,25
initial,original,"8,8,2,8",2,400,9279006,28,4,730,1313.0,0,0,370.0,30.0,13,0,0,,21
initial,original,"8,8,8,2",3,400,9279007,28,4,730,625.0,0,0,370.0,30.0,13,0,0,,24
initial,original,"2,8,8,8",0,400,9279008,28,4,730,954.0,0,0,370.0,30.0,15,0,0,,25
initial,original,"8,2,8,8",1,400,9279009,28,4,730,802.0,0,0,370.0,30.0,12,0,0,,25
initial,original,"8,8,2,8",2,400,9279010,28,4,730,1037.0,0,0,370.0,30.0,11,0,0,,26
initial,original,"8,8,8,2",3,400,9279011,28,4,730,903.0,0,0,370.0,30.0,13,0,0,,22
initial,original,"2,8,8,8",0,400,9279012,28,4,730,496.0,0,0,370.0,30.0,11,0,0,,24
initial,original,"8,2,8,8",1,400,9279013,28,4,730,1238.0,0,0,370.0,30.0,16,0,0,,24
initial,original,"8,8,2,8",2,400,9279014,28,4,730,811.0,0,0,370.0,30.0,13,0,0,,23
initial,original,"8,8,8,2",3,400,9279015,28,4,730,463.0,0,0,370.0,30.0,15,0,0,,26
initial,original,"2,8,8,8",0,400,9279016,28,4,730,308.0,0,0,370.0,30.0,6,0,0,,26
initial,original,"8,2,8,8",1,400,9279017,28,4,730,180.0,0,0,370.0,30.0,6,0,0,,24
initial,original,"8,8,2,8",2,400,9279018,28,4,730,1047.0,0,0,370.0,30.0,17,0,0,,27
initial,original,"8,8,8,2",3,400,9279019,28,4,730,587.0,0,0,370.0,30.0,12,0,0,,25
initial,original,"2,8,8,8",0,400,9279020,28,4,730,964.0,0,0,370.0,30.0,12,0,0,,26
initial,original,"8,2,8,8",1,400,9279021,28,4,730,823.0,0,0,380.0,20.0,9,0,0,,28
initial,original,"8,8,2,8",2,400,9279022,28,4,730,697.0,0,0,370.0,30.0,14,0,0,,25
initial,original,"8,8,8,2",3,400,9279023,28,4,730,890.0,0,0,370.0,30.0,12,0,0,,27
initial,original,"2,8,8,8",0,400,9279024,28,4,730,922.0,0,0,370.0,30.0,6,0,0,,26
initial,original,"8,2,8,8",1,400,9279025,28,4,730,139.0,0,0,370.0,30.0,8,0,0,,26
initial,original,"8,8,2,8",2,400,9279026,28,4,730,787.0,0,0,370.0,30.0,17,0,0,,24
initial,original,"2,9,9,9",0,120,9279000,28,4,730,1774343.0,27,116,120.0,0.0,0,0,0,,1
initial,original,"8,8,8,2",3,400,9279027,28,4,730,783.0,0,0,370.0,30.0,12,0,0,,26
initial,original,"2,8,8,8",0,400,9279028,28,4,730,732.0,0,0,370.0,30.0,15,0,0,,23
initial,original,"8,2,8,8",1,400,9279029,28,4,730,1011.0,0,0,370.0,30.0,7,0,0,,24
initial,original,"9,2,9,9",1,120,9279001,28,4,730,2494227.0,38,132,120.0,0.0,0,0,0,,1
initial,original,"9,9,2,9",2,120,9279002,28,4,730,1118342.0,17,89,120.0,0.0,0,0,0,,1
initial,original,"9,9,9,2",3,120,9279003,28,4,730,1314368.0,20,80,120.0,0.0,0,0,0,,2
initial,original,"2,9,9,9",0,120,9279004,28,4,730,1838338.0,28,116,120.0,0.0,0,0,0,,1
initial,original,"9,2,9,9",1,120,9279005,28,4,730,2101070.0,32,128,120.0,0.0,0,0,0,,1
initial,original,"9,9,2,9",2,120,9279006,28,4,730,1773783.0,27,106,120.0,0.0,0,0,0,,2
initial,original,"9,9,9,2",3,120,9279007,28,4,730,2559697.0,39,170,120.0,0.0,0,0,0,,1
initial,original,"2,9,9,9",0,120,9279008,28,4,730,1511852.0,23,96,120.0,0.0,0,0,0,,1
initial,original,"9,2,9,9",1,120,9279009,28,4,730,2884945.0,44,170,120.0,0.0,0,0,0,,0
initial,original,"9,9,2,9",2,120,9279010,28,4,730,2951513.0,45,166,120.0,0.0,0,0,0,,1
initial,original,"9,9,9,2",3,120,9279011,28,4,730,528642.0,8,50,120.0,0.0,0,0,0,,2
initial,original,"2,9,9,9",0,120,9279012,28,4,730,2491981.0,38,141,120.0,0.0,0,0,0,,1
initial,original,"9,9,2,9",2,120,9279014,28,4,730,2625557.0,40,172,120.0,0.0,0,0,0,,1
initial,original,"9,2,9,9",1,120,9279013,28,4,730,1052383.0,16,65,120.0,0.0,0,0,0,,1
initial,original,"9,9,9,2",3,120,9279015,28,4,730,3212911.0,49,190,120.0,0.0,0,0,0,,1
initial,original,"2,9,9,9",0,120,9279016,28,4,730,1576567.0,24,86,120.0,0.0,0,0,0,,1
initial,original,"9,2,9,9",1,120,9279017,28,4,730,1446340.0,22,82,120.0,0.0,0,0,0,,1
initial,original,"9,9,2,9",2,120,9279018,28,4,730,1575364.0,24,103,120.0,0.0,0,0,0,,1
initial,original,"9,9,9,2",3,120,9279019,28,4,730,1248582.0,19,58,120.0,0.0,0,0,0,,4
initial,original,"2,9,9,9",0,120,9279020,28,4,730,1838132.0,28,105,120.0,0.0,0,0,0,,5
initial,original,"9,2,9,9",1,120,9279021,28,4,730,1773189.0,27,107,120.0,0.0,0,0,0,,1
initial,original,"9,9,2,9",2,120,9279022,28,4,730,2035294.0,31,109,120.0,0.0,0,0,0,,1
initial,original,"9,9,9,2",3,120,9279023,28,4,730,2950480.0,45,198,120.0,0.0,0,0,0,,1
initial,original,"2,9,9,9",0,120,9279024,28,4,730,1905311.0,29,121,120.0,0.0,0,0,0,,1
initial,original,"9,2,9,9",1,120,9279025,28,4,730,1577243.0,24,107,120.0,0.0,0,0,0,,1
initial,original,"9,9,2,9",2,120,9279026,28,4,730,1970850.0,30,116,120.0,0.0,0,0,0,,1
initial,original,"9,9,9,2",3,120,9279027,28,4,730,2491663.0,38,143,120.0,0.0,0,0,0,,0
initial,original,"2,9,9,9",0,120,9279028,28,4,730,1641812.0,25,109,120.0,0.0,0,0,0,,2
initial,original,"9,2,9,9",1,120,9279029,28,4,730,2362860.0,36,144,120.0,0.0,0,0,0,,1
initial,original,"2,9,9,9",0,400,9279000,28,4,730,1492.0,0,0,400.0,0.0,0,0,0,,27
initial,original,"9,2,9,9",1,400,9279001,28,4,730,1432.0,0,0,400.0,0.0,0,0,0,,25
initial,original,"9,9,2,9",2,400,9279002,28,4,730,1447.0,0,0,400.0,0.0,0,0,0,,26
initial,original,"9,9,9,2",3,400,9279003,28,4,730,1309.0,0,0,390.0,10.0,0,0,0,,28
initial,original,"2,9,9,9",0,400,9279004,28,4,730,1637.0,0,0,400.0,0.0,0,0,0,,27
initial,original,"9,2,9,9",1,400,9279005,28,4,730,1229.0,0,0,400.0,0.0,0,0,0,,26
initial,original,"9,9,2,9",2,400,9279006,28,4,730,1213.0,0,0,400.0,0.0,0,0,0,,25
initial,original,"9,9,9,2",3,400,9279007,28,4,730,1365.0,0,0,400.0,0.0,0,0,0,,26
initial,original,"2,9,9,9",0,400,9279008,28,4,730,1539.0,0,0,400.0,0.0,0,0,0,,23
initial,original,"9,2,9,9",1,400,9279009,28,4,730,1404.0,0,0,400.0,0.0,0,0,0,,26
initial,original,"9,9,2,9",2,400,9279010,28,4,730,1096.0,0,0,400.0,0.0,0,0,0,,25
initial,original,"9,9,9,2",3,400,9279011,28,4,730,1321.0,0,0,390.0,10.0,0,0,0,,25
initial,original,"2,9,9,9",0,400,9279012,28,4,730,1665.0,0,0,400.0,0.0,0,0,0,,26
initial,original,"9,2,9,9",1,400,9279013,28,4,730,1441.0,0,0,400.0,0.0,0,0,0,,27
initial,original,"9,9,2,9",2,400,9279014,28,4,730,1349.0,0,0,400.0,0.0,0,0,0,,24
initial,original,"9,9,9,2",3,400,9279015,28,4,730,1612.0,0,0,400.0,0.0,0,0,0,,27
initial,original,"2,9,9,9",0,400,9279016,28,4,730,1620.0,0,0,390.0,10.0,0,0,0,,26
initial,original,"9,2,9,9",1,400,9279017,28,4,730,1566.0,0,0,400.0,0.0,0,0,0,,27
initial,original,"9,9,2,9",2,400,9279018,28,4,730,1654.0,0,0,400.0,0.0,0,0,0,,28
initial,original,"9,9,9,2",3,400,9279019,28,4,730,1224.0,0,0,400.0,0.0,0,0,0,,23
initial,original,"2,9,9,9",0,400,9279020,28,4,730,1343.0,0,0,400.0,0.0,0,0,0,,27
initial,original,"9,2,9,9",1,400,9279021,28,4,730,1348.0,0,0,390.0,10.0,0,0,0,,21
initial,original,"9,9,2,9",2,400,9279022,28,4,730,866.0,0,0,400.0,0.0,0,0,0,,23
initial,original,"9,9,9,2",3,400,9279023,28,4,730,1489.0,0,0,400.0,0.0,0,0,0,,24
initial,original,"2,9,9,9",0,400,9279024,28,4,730,1432.0,0,0,400.0,0.0,0,0,0,,23
initial,original,"9,9,2,9",2,400,9279026,28,4,730,1512.0,0,0,400.0,0.0,0,0,0,,26
initial,original,"9,2,9,9",1,400,9279025,28,4,730,1807.0,0,0,400.0,0.0,0,0,0,,28
initial,original,"9,9,9,2",3,400,9279027,28,4,730,1380.0,0,0,400.0,0.0,0,0,0,,24
initial,original,"2,9,9,9",0,400,9279028,28,4,730,1517.0,0,0,400.0,0.0,0,0,0,,26
initial,original,"9,2,9,9",1,400,9279029,28,4,730,1208.0,0,0,400.0,0.0,0,0,0,,25
initial,original,"2,10,10,10",0,120,9279000,28,4,730,2547.0,0,0,120.0,0.0,12,0,0,,21
initial,original,"10,10,2,10",2,120,9279002,28,4,730,1790.0,0,0,120.0,0.0,8,0,0,,21
initial,original,"10,2,10,10",1,120,9279001,28,4,730,1541.0,0,0,120.0,0.0,1,0,0,,23
initial,original,"10,10,10,2",3,120,9279003,28,4,730,1817.0,0,0,120.0,0.0,6,0,0,,19
initial,original,"2,10,10,10",0,120,9279004,28,4,730,1903.0,0,0,120.0,0.0,6,0,0,,19
initial,original,"10,2,10,10",1,120,9279005,28,4,730,1416.0,0,0,120.0,0.0,8,0,0,,22
initial,original,"2,10,10,10",0,120,9279008,28,4,730,2448.0,0,0,120.0,0.0,11,0,0,,20
initial,original,"10,10,2,10",2,120,9279006,28,4,730,2052.0,0,0,120.0,0.0,9,0,0,,24
initial,original,"10,10,10,2",3,120,9279007,28,4,730,2022.0,0,0,120.0,0.0,11,0,0,,20
initial,original,"10,2,10,10",1,120,9279009,28,4,730,1649.0,0,0,120.0,0.0,5,0,0,,24
initial,original,"10,10,2,10",2,120,9279010,28,4,730,1719.0,0,0,120.0,0.0,7,0,0,,22
initial,original,"10,10,10,2",3,120,9279011,28,4,730,1971.0,0,0,120.0,0.0,7,0,0,,22
initial,original,"2,10,10,10",0,120,9279012,28,4,730,1656.0,0,0,120.0,0.0,12,0,0,,24
initial,original,"10,2,10,10",1,120,9279013,28,4,730,2118.0,0,0,120.0,0.0,5,0,0,,21
initial,original,"10,10,2,10",2,120,9279014,28,4,730,2252.0,0,0,120.0,0.0,11,0,0,,23
initial,original,"10,10,10,2",3,120,9279015,28,4,730,2217.0,0,0,120.0,0.0,9,0,0,,24
initial,original,"2,10,10,10",0,120,9279016,28,4,730,2101.0,0,0,120.0,0.0,10,0,0,,20
initial,original,"10,2,10,10",1,120,9279017,28,4,730,2995.0,0,0,120.0,0.0,7,0,0,,22
initial,original,"10,10,2,10",2,120,9279018,28,4,730,2516.0,0,0,120.0,0.0,11,0,0,,22
initial,original,"10,10,10,2",3,120,9279019,28,4,730,1627.0,0,0,120.0,0.0,10,0,0,,26
initial,original,"2,10,10,10",0,120,9279020,28,4,730,2209.0,0,0,120.0,0.0,4,0,0,,25
initial,original,"10,2,10,10",1,120,9279021,28,4,730,2071.0,0,0,120.0,0.0,7,0,0,,22
initial,original,"10,10,2,10",2,120,9279022,28,4,730,2143.0,0,0,120.0,0.0,8,0,0,,20
initial,original,"10,10,10,2",3,120,9279023,28,4,730,2163.0,0,0,120.0,0.0,11,0,0,,22
initial,original,"2,10,10,10",0,120,9279024,28,4,730,1340.0,0,0,120.0,0.0,9,0,0,,25
initial,original,"10,2,10,10",1,120,9279025,28,4,730,2156.0,0,0,120.0,0.0,11,0,0,,21
initial,original,"10,10,2,10",2,120,9279026,28,4,730,2742.0,0,0,120.0,0.0,11,0,0,,23
initial,original,"10,10,10,2",3,120,9279027,28,4,730,1742.0,0,0,120.0,0.0,7,0,0,,25
initial,original,"2,10,10,10",0,120,9279028,28,4,730,1024.0,0,0,120.0,0.0,7,0,0,,22
initial,original,"10,2,10,10",1,120,9279029,28,4,730,1590.0,0,0,120.0,0.0,5,0,0,,19
initial,original,"2,10,10,10",0,400,9279000,28,4,730,299.0,0,0,400.0,0.0,6,0,0,,26
initial,original,"10,2,10,10",1,400,9279001,28,4,730,322.0,0,0,400.0,0.0,2,0,0,,26
initial,original,"10,10,2,10",2,400,9279002,28,4,730,240.0,0,0,400.0,0.0,3,0,0,,23
initial,original,"10,10,10,2",3,400,9279003,28,4,730,239.0,0,0,400.0,0.0,5,0,0,,22
initial,original,"2,10,10,10",0,400,9279004,28,4,730,193.0,0,0,400.0,0.0,5,0,0,,27
initial,original,"10,2,10,10",1,400,9279005,28,4,730,379.0,0,0,400.0,0.0,3,0,0,,26
initial,original,"10,10,2,10",2,400,9279006,28,4,730,233.0,0,0,400.0,0.0,3,0,0,,27
initial,original,"10,10,10,2",3,400,9279007,28,4,730,295.0,0,0,400.0,0.0,7,0,0,,26
initial,original,"2,10,10,10",0,400,9279008,28,4,730,455.0,0,0,400.0,0.0,2,0,0,,23
initial,original,"10,2,10,10",1,400,9279009,28,4,730,458.0,0,0,400.0,0.0,3,0,0,,25
initial,original,"10,10,2,10",2,400,9279010,28,4,730,311.0,0,0,400.0,0.0,4,0,0,,23
initial,original,"10,10,10,2",3,400,9279011,28,4,730,438.0,0,0,400.0,0.0,3,0,0,,25
initial,original,"2,10,10,10",0,400,9279012,28,4,730,308.0,0,0,400.0,0.0,2,0,0,,23
initial,original,"10,2,10,10",1,400,9279013,28,4,730,464.0,0,0,400.0,0.0,4,0,0,,24
initial,original,"10,10,2,10",2,400,9279014,28,4,730,66.0,0,0,400.0,0.0,7,0,0,,27
initial,original,"10,10,10,2",3,400,9279015,28,4,730,373.0,0,0,400.0,0.0,3,0,0,,22
initial,original,"2,10,10,10",0,400,9279016,28,4,730,441.0,0,0,400.0,0.0,2,0,0,,27
initial,original,"10,2,10,10",1,400,9279017,28,4,730,334.0,0,0,400.0,0.0,4,0,0,,24
initial,original,"10,10,2,10",2,400,9279018,28,4,730,387.0,0,0,400.0,0.0,8,0,0,,26
initial,original,"10,10,10,2",3,400,9279019,28,4,730,353.0,0,0,400.0,0.0,9,0,0,,28
initial,original,"2,10,10,10",0,400,9279020,28,4,730,410.0,0,0,400.0,0.0,2,0,0,,23
initial,original,"10,2,10,10",1,400,9279021,28,4,730,339.0,0,0,400.0,0.0,4,0,0,,22
initial,original,"10,10,2,10",2,400,9279022,28,4,730,360.0,0,0,400.0,0.0,5,0,0,,28
initial,original,"10,10,10,2",3,400,9279023,28,4,730,375.0,0,0,400.0,0.0,8,0,0,,23
initial,original,"2,10,10,10",0,400,9279024,28,4,730,418.0,0,0,400.0,0.0,3,0,0,,27
initial,original,"10,2,10,10",1,400,9279025,28,4,730,212.0,0,0,400.0,0.0,5,0,0,,27
initial,original,"10,10,2,10",2,400,9279026,28,4,730,381.0,0,0,400.0,0.0,5,0,0,,23
initial,original,"10,10,10,2",3,400,9279027,28,4,730,279.0,0,0,400.0,0.0,2,0,0,,23
initial,original,"2,10,10,10",0,400,9279028,28,4,730,256.0,0,0,400.0,0.0,1,0,0,,26
initial,original,"10,2,10,10",1,400,9279029,28,4,730,193.0,0,0,400.0,0.0,4,0,0,,27
original_tuned,original,"2,1,3,6",0,120,9279000,28,4,730,2017.0,0,0,120.0,0.0,0,0,0,,25
original_tuned,original,"1,2,3,6",1,120,9279001,28,4,730,3323.0,0,0,120.0,0.0,0,0,0,,26
original_tuned,original,"1,3,2,6",2,120,9279002,28,4,730,2990.0,0,0,120.0,0.0,0,0,0,,27
original_tuned,original,"1,3,6,2",3,120,9279003,28,4,730,3032.0,0,0,120.0,0.0,0,0,0,,23
original_tuned,original,"1,2,3,6",1,120,9279005,28,4,730,2004.0,0,0,120.0,0.0,0,0,0,,21
original_tuned,original,"2,1,3,6",0,120,9279004,28,4,730,1880.0,0,0,120.0,0.0,0,0,0,,25
original_tuned,original,"1,3,2,6",2,120,9279006,28,4,730,2550.0,0,0,120.0,0.0,0,0,0,,26
original_tuned,original,"2,1,3,6",0,120,9279008,28,4,730,2363.0,0,0,120.0,0.0,0,0,0,,26
original_tuned,original,"1,2,3,6",1,120,9279009,28,4,730,3644.0,0,0,120.0,0.0,0,0,0,,21
original_tuned,original,"1,3,6,2",3,120,9279007,28,4,730,2653.0,0,0,120.0,0.0,0,0,0,,21
original_tuned,original,"1,3,2,6",2,120,9279010,28,4,730,3916.0,0,0,120.0,0.0,0,0,0,,25
original_tuned,original,"1,3,6,2",3,120,9279011,28,4,730,1921.0,0,0,120.0,0.0,0,0,0,,25
original_tuned,original,"2,1,3,6",0,120,9279012,28,4,730,2443.0,0,0,120.0,0.0,0,0,0,,20
original_tuned,original,"1,3,2,6",2,120,9279014,28,4,730,1950.0,0,0,120.0,0.0,0,0,0,,22
original_tuned,original,"1,2,3,6",1,120,9279013,28,4,730,2165.0,0,0,120.0,0.0,0,0,0,,21
original_tuned,original,"1,3,6,2",3,120,9279015,28,4,730,2913.0,0,0,120.0,0.0,0,0,0,,23
original_tuned,original,"2,1,3,6",0,120,9279016,28,4,730,2864.0,0,0,120.0,0.0,0,0,0,,22
original_tuned,original,"1,2,3,6",1,120,9279017,28,4,730,1365.0,0,0,120.0,0.0,0,0,0,,23
original_tuned,original,"1,3,6,2",3,120,9279019,28,4,730,3535.0,0,0,120.0,0.0,0,0,0,,23
original_tuned,original,"1,3,2,6",2,120,9279018,28,4,730,2132.0,0,0,120.0,0.0,0,0,0,,19
original_tuned,original,"2,1,3,6",0,120,9279020,28,4,730,2315.0,0,0,120.0,0.0,0,0,0,,25
original_tuned,original,"1,2,3,6",1,120,9279021,28,4,730,1963.0,0,0,120.0,0.0,0,0,0,,22
original_tuned,original,"1,3,2,6",2,120,9279022,28,4,730,1326.0,0,0,120.0,0.0,0,0,0,,26
original_tuned,original,"1,3,6,2",3,120,9279023,28,4,730,2891.0,0,0,120.0,0.0,0,0,0,,24
original_tuned,original,"2,1,3,6",0,120,9279024,28,4,730,2019.0,0,0,120.0,0.0,0,0,0,,24
original_tuned,original,"1,2,3,6",1,120,9279025,28,4,730,1632.0,0,0,120.0,0.0,0,0,0,,24
original_tuned,original,"1,3,2,6",2,120,9279026,28,4,730,3999.0,0,0,120.0,0.0,0,0,0,,22
original_tuned,original,"2,1,3,6",0,120,9279028,28,4,730,2493.0,0,0,120.0,0.0,0,0,0,,24
original_tuned,original,"1,2,3,6",1,120,9279029,28,4,730,1572.0,0,0,120.0,0.0,0,0,0,,20
original_tuned,original,"1,3,6,2",3,120,9279027,28,4,730,2107.0,0,0,120.0,0.0,0,0,0,,23
original_tuned,original,"2,1,3,6",0,400,9279000,28,4,730,327.0,0,0,400.0,0.0,14,0,0,,26
original_tuned,original,"1,2,3,6",1,400,9279001,28,4,730,161.0,0,0,400.0,0.0,12,0,0,,26
original_tuned,original,"1,3,2,6",2,400,9279002,28,4,730,130.0,0,0,390.0,10.0,9,0,0,,19
original_tuned,original,"1,3,6,2",3,400,9279003,28,4,730,353.0,0,0,390.0,10.0,4,0,0,,21
original_tuned,original,"2,1,3,6",0,400,9279004,28,4,730,164.0,0,0,390.0,10.0,14,1,0,,21
original_tuned,original,"1,2,3,6",1,400,9279005,28,4,730,103.0,0,0,400.0,0.0,8,0,0,,27
original_tuned,original,"1,3,2,6",2,400,9279006,28,4,730,209.0,0,0,390.0,10.0,5,0,0,,22
original_tuned,original,"1,3,6,2",3,400,9279007,28,4,730,254.0,0,0,390.0,10.0,9,0,0,,21
original_tuned,original,"1,2,3,6",1,400,9279009,28,4,730,245.0,0,0,400.0,0.0,8,0,0,,28
original_tuned,original,"2,1,3,6",0,400,9279008,28,4,730,154.0,0,0,400.0,0.0,12,0,0,,27
original_tuned,original,"1,3,2,6",2,400,9279010,28,4,730,383.0,0,0,390.0,10.0,8,0,0,,22
original_tuned,original,"1,3,6,2",3,400,9279011,28,4,730,166.0,0,0,400.0,0.0,9,0,0,,27
original_tuned,original,"2,1,3,6",0,400,9279012,28,4,730,200.0,0,0,400.0,0.0,8,0,0,,27
original_tuned,original,"1,2,3,6",1,400,9279013,28,4,730,364.0,0,0,400.0,0.0,11,0,0,,27
original_tuned,original,"1,3,2,6",2,400,9279014,28,4,730,220.0,0,0,390.0,10.0,9,0,0,,20
original_tuned,original,"1,3,6,2",3,400,9279015,28,4,730,151.0,0,0,390.0,10.0,7,0,0,,23
original_tuned,original,"2,1,3,6",0,400,9279016,28,4,730,172.0,0,0,400.0,0.0,7,0,0,,27
original_tuned,original,"1,2,3,6",1,400,9279017,28,4,730,225.0,0,0,400.0,0.0,9,0,0,,28
original_tuned,original,"1,3,2,6",2,400,9279018,28,4,730,162.0,0,0,390.0,10.0,12,0,0,,21
original_tuned,original,"1,3,6,2",3,400,9279019,28,4,730,301.0,0,0,390.0,10.0,12,0,0,,22
original_tuned,original,"2,1,3,6",0,400,9279020,28,4,730,267.0,0,0,390.0,10.0,11,1,0,,20
original_tuned,original,"1,2,3,6",1,400,9279021,28,4,730,241.0,0,0,390.0,10.0,9,0,0,,22
original_tuned,original,"1,3,2,6",2,400,9279022,28,4,730,148.0,0,0,390.0,10.0,16,0,0,,21
original_tuned,original,"1,3,6,2",3,400,9279023,28,4,730,140.0,0,0,400.0,0.0,13,0,0,,24
original_tuned,original,"2,1,3,6",0,400,9279024,28,4,730,151.0,0,0,390.0,10.0,15,2,0,,23
original_tuned,original,"1,2,3,6",1,400,9279025,28,4,730,89.0,0,0,400.0,0.0,11,0,0,,27
original_tuned,original,"1,3,2,6",2,400,9279026,28,4,730,126.0,0,0,400.0,0.0,11,0,0,,27
original_tuned,original,"1,3,6,2",3,400,9279027,28,4,730,48.0,0,0,390.0,10.0,17,1,0,,22
original_tuned,original,"2,1,3,6",0,400,9279028,28,4,730,212.0,0,0,390.0,10.0,11,1,0,,18
original_tuned,original,"1,2,3,6",1,400,9279029,28,4,730,134.0,0,0,390.0,10.0,9,0,0,,23
original_tuned,original,"2,3,4,7",0,120,9279000,28,4,730,3004.0,0,0,120.0,0.0,0,0,0,,18
original_tuned,original,"3,2,4,7",1,120,9279001,28,4,730,3486.0,0,0,120.0,0.0,0,0,0,,14
original_tuned,original,"3,4,2,7",2,120,9279002,28,4,730,1646.0,0,0,120.0,0.0,0,0,0,,15
original_tuned,original,"3,4,7,2",3,120,9279003,28,4,730,4120.0,0,0,120.0,0.0,0,0,0,,19
original_tuned,original,"2,3,4,7",0,120,9279004,28,4,730,4028.0,0,0,120.0,0.0,0,0,0,,21
original_tuned,original,"3,2,4,7",1,120,9279005,28,4,730,3439.0,0,0,120.0,0.0,0,0,0,,15
original_tuned,original,"3,4,2,7",2,120,9279006,28,4,730,1910.0,0,0,120.0,0.0,0,0,0,,16
original_tuned,original,"3,4,7,2",3,120,9279007,28,4,730,896.0,0,0,120.0,0.0,0,0,0,,18
original_tuned,original,"2,3,4,7",0,120,9279008,28,4,730,2582.0,0,0,120.0,0.0,0,0,0,,19
original_tuned,original,"3,2,4,7",1,120,9279009,28,4,730,3305.0,0,0,120.0,0.0,0,0,0,,17
original_tuned,original,"3,4,2,7",2,120,9279010,28,4,730,4011.0,0,0,120.0,0.0,0,0,0,,16
original_tuned,original,"3,4,7,2",3,120,9279011,28,4,730,4122.0,0,0,120.0,0.0,0,0,0,,15
original_tuned,original,"2,3,4,7",0,120,9279012,28,4,730,4136.0,0,0,120.0,0.0,0,0,0,,17
original_tuned,original,"3,2,4,7",1,120,9279013,28,4,730,3843.0,0,0,120.0,0.0,0,0,0,,17
original_tuned,original,"3,4,2,7",2,120,9279014,28,4,730,3140.0,0,0,120.0,0.0,0,0,0,,19
original_tuned,original,"3,4,7,2",3,120,9279015,28,4,730,3698.0,0,0,120.0,0.0,0,0,0,,15
original_tuned,original,"3,2,4,7",1,120,9279017,28,4,730,2024.0,0,0,120.0,0.0,0,0,0,,21
original_tuned,original,"2,3,4,7",0,120,9279016,28,4,730,1999.0,0,0,120.0,0.0,0,0,0,,19
original_tuned,original,"3,4,2,7",2,120,9279018,28,4,730,2654.0,0,0,120.0,0.0,0,0,0,,15
original_tuned,original,"3,4,7,2",3,120,9279019,28,4,730,69357.0,1,9,120.0,0.0,0,0,0,,13
original_tuned,original,"2,3,4,7",0,120,9279020,28,4,730,2003.0,0,0,120.0,0.0,0,0,0,,18
original_tuned,original,"3,2,4,7",1,120,9279021,28,4,730,3525.0,0,0,120.0,0.0,0,0,0,,20
original_tuned,original,"3,4,7,2",3,120,9279023,28,4,730,2074.0,0,0,120.0,0.0,0,0,0,,19
original_tuned,original,"3,4,2,7",2,120,9279022,28,4,730,1655.0,0,1,120.0,0.0,0,0,0,,13
original_tuned,original,"2,3,4,7",0,120,9279024,28,4,730,2817.0,0,0,120.0,0.0,0,0,0,,17
original_tuned,original,"3,2,4,7",1,120,9279025,28,4,730,1426.0,0,0,120.0,0.0,0,0,0,,17
original_tuned,original,"3,4,2,7",2,120,9279026,28,4,730,4358.0,0,0,120.0,0.0,0,0,0,,21
original_tuned,original,"3,4,7,2",3,120,9279027,28,4,730,3706.0,0,0,120.0,0.0,0,0,0,,20
original_tuned,original,"2,3,4,7",0,120,9279028,28,4,730,1621.0,0,0,120.0,0.0,0,0,0,,20
original_tuned,original,"3,2,4,7",1,120,9279029,28,4,730,2887.0,0,0,120.0,0.0,0,0,0,,14
original_tuned,original,"2,3,4,7",0,400,9279000,28,4,730,993.0,0,0,400.0,0.0,16,0,0,,26
original_tuned,original,"3,2,4,7",1,400,9279001,28,4,730,1115.0,0,0,400.0,0.0,25,0,0,,27
original_tuned,original,"3,4,2,7",2,400,9279002,28,4,730,909.0,0,0,400.0,0.0,17,0,0,,22
original_tuned,original,"3,4,7,2",3,400,9279003,28,4,730,1150.0,0,0,400.0,0.0,15,0,0,,27
original_tuned,original,"2,3,4,7",0,400,9279004,28,4,730,965.0,0,0,400.0,0.0,26,1,0,,24
original_tuned,original,"3,2,4,7",1,400,9279005,28,4,730,1048.0,0,0,400.0,0.0,24,1,0,,23
original_tuned,original,"3,4,2,7",2,400,9279006,28,4,730,918.0,0,0,400.0,0.0,21,0,0,,24
original_tuned,original,"2,3,4,7",0,400,9279008,28,4,730,876.0,0,0,400.0,0.0,21,0,0,,27
original_tuned,original,"3,4,7,2",3,400,9279007,28,4,730,850.0,0,0,400.0,0.0,12,0,0,,26
original_tuned,original,"3,2,4,7",1,400,9279009,28,4,730,1019.0,0,0,400.0,0.0,15,0,0,,28
original_tuned,original,"3,4,2,7",2,400,9279010,28,4,730,1019.0,0,0,400.0,0.0,15,0,0,,26
original_tuned,original,"3,4,7,2",3,400,9279011,28,4,730,1119.0,0,0,400.0,0.0,19,0,0,,25
original_tuned,original,"2,3,4,7",0,400,9279012,28,4,730,1067.0,0,0,400.0,0.0,23,0,0,,28
original_tuned,original,"3,2,4,7",1,400,9279013,28,4,730,783.0,0,0,400.0,0.0,15,0,0,,25
original_tuned,original,"3,4,2,7",2,400,9279014,28,4,730,935.0,0,0,400.0,0.0,15,0,0,,24
original_tuned,original,"3,4,7,2",3,400,9279015,28,4,730,621.0,0,0,400.0,0.0,27,0,0,,25
original_tuned,original,"2,3,4,7",0,400,9279016,28,4,730,769.0,0,0,400.0,0.0,16,0,0,,24
original_tuned,original,"3,2,4,7",1,400,9279017,28,4,730,1402.0,0,0,400.0,0.0,16,0,0,,23
original_tuned,original,"3,4,2,7",2,400,9279018,28,4,730,655.0,0,0,400.0,0.0,13,0,0,,25
original_tuned,original,"3,4,7,2",3,400,9279019,28,4,730,810.0,0,0,400.0,0.0,21,0,0,,23
original_tuned,original,"2,3,4,7",0,400,9279020,28,4,730,955.0,0,0,400.0,0.0,22,0,0,,26
original_tuned,original,"3,2,4,7",1,400,9279021,28,4,730,902.0,0,0,400.0,0.0,17,0,0,,25
original_tuned,original,"3,4,2,7",2,400,9279022,28,4,730,800.0,0,0,400.0,0.0,18,1,0,,23
original_tuned,original,"3,4,7,2",3,400,9279023,28,4,730,645.0,0,0,400.0,0.0,20,1,0,,24
original_tuned,original,"2,3,4,7",0,400,9279024,28,4,730,897.0,0,0,400.0,0.0,24,0,0,,23
original_tuned,original,"3,2,4,7",1,400,9279025,28,4,730,804.0,0,0,400.0,0.0,23,0,0,,26
original_tuned,original,"3,4,2,7",2,400,9279026,28,4,730,878.0,0,0,400.0,0.0,16,0,0,,23
original_tuned,original,"2,4,6,8",0,120,9279000,28,4,730,3803.0,0,0,120.0,0.0,0,0,0,,19
original_tuned,original,"3,4,7,2",3,400,9279027,28,4,730,883.0,0,0,400.0,0.0,27,0,0,,26
original_tuned,original,"4,2,6,8",1,120,9279001,28,4,730,3595.0,0,0,120.0,0.0,0,0,0,,17
original_tuned,original,"4,6,2,8",2,120,9279002,28,4,730,3688.0,0,0,120.0,0.0,0,0,0,,17
original_tuned,original,"4,6,8,2",3,120,9279003,28,4,730,5078.0,0,0,120.0,0.0,0,0,0,,15
original_tuned,original,"2,4,6,8",0,120,9279004,28,4,730,3848.0,0,0,120.0,0.0,0,0,0,,20
original_tuned,original,"4,2,6,8",1,120,9279005,28,4,730,4059.0,0,0,120.0,0.0,0,0,0,,19
original_tuned,original,"2,3,4,7",0,400,9279028,28,4,730,846.0,0,0,400.0,0.0,28,1,0,,26
original_tuned,original,"4,6,2,8",2,120,9279006,28,4,730,3909.0,0,0,120.0,0.0,0,0,0,,21
original_tuned,original,"4,6,8,2",3,120,9279007,28,4,730,1607.0,0,0,120.0,0.0,0,0,0,,21
original_tuned,original,"2,4,6,8",0,120,9279008,28,4,730,4675.0,0,0,120.0,0.0,0,0,0,,25
original_tuned,original,"4,2,6,8",1,120,9279009,28,4,730,5093.0,0,0,120.0,0.0,0,0,0,,18
original_tuned,original,"4,6,2,8",2,120,9279010,28,4,730,4697.0,0,0,120.0,0.0,0,0,0,,21
original_tuned,original,"3,2,4,7",1,400,9279029,28,4,730,924.0,0,0,400.0,0.0,22,0,0,,24
original_tuned,original,"4,6,8,2",3,120,9279011,28,4,730,3520.0,0,0,120.0,0.0,0,0,0,,13
original_tuned,original,"2,4,6,8",0,120,9279012,28,4,730,4210.0,0,0,120.0,0.0,0,0,0,,17
original_tuned,original,"4,2,6,8",1,120,9279013,28,4,730,4252.0,0,0,120.0,0.0,0,0,0,,17
original_tuned,original,"4,6,2,8",2,120,9279014,28,4,730,4094.0,0,0,120.0,0.0,0,0,0,,21
original_tuned,original,"4,6,8,2",3,120,9279015,28,4,730,4348.0,0,0,120.0,0.0,0,0,0,,17
original_tuned,original,"2,4,6,8",0,120,9279016,28,4,730,4829.0,0,0,120.0,0.0,0,0,0,,20
original_tuned,original,"4,2,6,8",1,120,9279017,28,4,730,4717.0,0,0,120.0,0.0,0,0,0,,16
original_tuned,original,"4,6,2,8",2,120,9279018,28,4,730,4370.0,0,0,120.0,0.0,0,0,0,,19
original_tuned,original,"4,6,8,2",3,120,9279019,28,4,730,3713.0,0,0,120.0,0.0,0,0,0,,14
original_tuned,original,"2,4,6,8",0,120,9279020,28,4,730,3854.0,0,0,120.0,0.0,0,0,0,,19
original_tuned,original,"4,2,6,8",1,120,9279021,28,4,730,4665.0,0,0,120.0,0.0,0,0,0,,17
original_tuned,original,"4,6,2,8",2,120,9279022,28,4,730,4439.0,0,0,120.0,0.0,0,0,0,,17
original_tuned,original,"4,6,8,2",3,120,9279023,28,4,730,4757.0,0,0,120.0,0.0,0,0,0,,17
original_tuned,original,"2,4,6,8",0,120,9279024,28,4,730,3922.0,0,0,120.0,0.0,0,0,0,,16
original_tuned,original,"4,2,6,8",1,120,9279025,28,4,730,5113.0,0,0,120.0,0.0,0,0,0,,20
original_tuned,original,"4,6,2,8",2,120,9279026,28,4,730,4603.0,0,0,120.0,0.0,0,0,0,,20
original_tuned,original,"4,6,8,2",3,120,9279027,28,4,730,4423.0,0,0,120.0,0.0,0,0,0,,20
original_tuned,original,"2,4,6,8",0,120,9279028,28,4,730,3919.0,0,0,120.0,0.0,0,0,0,,18
original_tuned,original,"4,2,6,8",1,120,9279029,28,4,730,4255.0,0,0,120.0,0.0,0,0,0,,18
original_tuned,original,"2,4,6,8",0,400,9279000,28,4,730,2445.0,0,0,370.0,30.0,33,1,0,,27
original_tuned,original,"4,2,6,8",1,400,9279001,28,4,730,2339.0,0,0,370.0,30.0,34,1,0,,28
original_tuned,original,"4,6,2,8",2,400,9279002,28,4,730,2282.0,0,0,370.0,30.0,32,0,0,,27
original_tuned,original,"4,6,8,2",3,400,9279003,28,4,730,2165.0,0,0,370.0,30.0,30,1,0,,23
original_tuned,original,"2,4,6,8",0,400,9279004,28,4,730,2744.0,0,0,370.0,30.0,24,0,0,,24
original_tuned,original,"4,2,6,8",1,400,9279005,28,4,730,2255.0,0,0,370.0,30.0,34,0,0,,26
original_tuned,original,"4,6,2,8",2,400,9279006,28,4,730,2744.0,0,0,370.0,30.0,14,0,0,,24
original_tuned,original,"4,6,8,2",3,400,9279007,28,4,730,2750.0,0,0,370.0,30.0,32,0,0,,24
original_tuned,original,"2,4,6,8",0,400,9279008,28,4,730,1749.0,0,0,370.0,30.0,24,0,0,,24
original_tuned,original,"4,2,6,8",1,400,9279009,28,4,730,2114.0,0,0,370.0,30.0,27,0,0,,28
original_tuned,original,"4,6,2,8",2,400,9279010,28,4,730,2270.0,0,0,370.0,30.0,33,0,0,,26
original_tuned,original,"4,6,8,2",3,400,9279011,28,4,730,1960.0,0,0,370.0,30.0,44,3,0,,25
original_tuned,original,"2,4,6,8",0,400,9279012,28,4,730,2155.0,0,0,370.0,30.0,25,0,0,,23
original_tuned,original,"4,2,6,8",1,400,9279013,28,4,730,2515.0,0,0,370.0,30.0,31,0,0,,26
original_tuned,original,"4,6,2,8",2,400,9279014,28,4,730,2441.0,0,0,370.0,30.0,15,0,0,,28
original_tuned,original,"4,6,8,2",3,400,9279015,28,4,730,2708.0,0,0,370.0,30.0,23,0,0,,26
original_tuned,original,"2,4,6,8",0,400,9279016,28,4,730,1979.0,0,0,370.0,30.0,45,2,0,,27
original_tuned,original,"4,2,6,8",1,400,9279017,28,4,730,1754.0,0,0,370.0,30.0,33,0,0,,28
original_tuned,original,"4,6,2,8",2,400,9279018,28,4,730,2223.0,0,0,370.0,30.0,34,1,0,,28
original_tuned,original,"4,6,8,2",3,400,9279019,28,4,730,2018.0,0,0,370.0,30.0,29,0,0,,24
original_tuned,original,"2,4,6,8",0,400,9279020,28,4,730,2271.0,0,0,370.0,30.0,35,2,0,,25
original_tuned,original,"4,2,6,8",1,400,9279021,28,4,730,2404.0,0,0,370.0,30.0,25,0,0,,24
original_tuned,original,"4,6,2,8",2,400,9279022,28,4,730,2783.0,0,0,370.0,30.0,19,0,0,,28
original_tuned,original,"4,6,8,2",3,400,9279023,28,4,730,1956.0,0,0,370.0,30.0,33,1,0,,25
original_tuned,original,"2,4,6,8",0,400,9279024,28,4,730,2617.0,0,0,370.0,30.0,28,0,0,,23
original_tuned,original,"4,2,6,8",1,400,9279025,28,4,730,2241.0,0,0,370.0,30.0,37,0,0,,24
original_tuned,original,"4,6,2,8",2,400,9279026,28,4,730,2518.0,0,0,370.0,30.0,26,1,0,,27
original_tuned,original,"4,6,8,2",3,400,9279027,28,4,730,2374.0,0,0,370.0,30.0,34,0,0,,25
original_tuned,original,"2,4,6,8",0,400,9279028,28,4,730,2186.0,0,0,370.0,30.0,33,0,0,,25
original_tuned,original,"4,2,6,8",1,400,9279029,28,4,730,2078.0,0,0,370.0,30.0,37,0,0,,28
original_tuned,original,"2,6,7,9",0,120,9279000,28,4,730,2101095.0,32,111,120.0,0.0,0,0,0,,1
original_tuned,original,"6,2,7,9",1,120,9279001,28,4,730,2036741.0,31,125,120.0,0.0,0,0,0,,1
original_tuned,original,"6,7,2,9",2,120,9279002,28,4,730,2950762.0,45,171,120.0,0.0,0,0,0,,1
original_tuned,original,"6,7,9,2",3,120,9279003,28,4,730,1771556.0,27,121,120.0,0.0,0,0,0,,3
original_tuned,original,"2,6,7,9",0,120,9279004,28,4,730,2493636.0,38,144,120.0,0.0,0,0,0,,1
original_tuned,original,"6,2,7,9",1,120,9279005,28,4,730,2102161.0,32,123,120.0,0.0,0,0,0,,1
original_tuned,original,"6,7,2,9",2,120,9279006,28,4,730,1839227.0,28,103,120.0,0.0,0,0,0,,1
original_tuned,original,"6,7,9,2",3,120,9279007,28,4,730,2034695.0,31,121,120.0,0.0,0,0,0,,4
original_tuned,original,"2,6,7,9",0,120,9279008,28,4,730,2623453.0,40,168,120.0,0.0,0,0,0,,2
original_tuned,original,"6,2,7,9",1,120,9279009,28,4,730,2689514.0,41,165,120.0,0.0,0,0,0,,2
original_tuned,original,"6,7,2,9",2,120,9279010,28,4,730,1380779.0,21,88,120.0,0.0,0,0,0,,1
original_tuned,original,"6,7,9,2",3,120,9279011,28,4,730,1052694.0,16,74,120.0,0.0,0,0,0,,2
original_tuned,original,"2,6,7,9",0,120,9279012,28,4,730,2885002.0,44,171,120.0,0.0,0,0,0,,1
original_tuned,original,"6,2,7,9",1,120,9279013,28,4,730,1968930.0,30,146,120.0,0.0,0,0,0,,3
original_tuned,original,"6,7,2,9",2,120,9279014,28,4,730,3016842.0,46,181,120.0,0.0,0,0,0,,1
original_tuned,original,"6,7,9,2",3,120,9279015,28,4,730,2101298.0,32,148,120.0,0.0,0,0,0,,2
original_tuned,original,"2,6,7,9",0,120,9279016,28,4,730,1643390.0,25,112,120.0,0.0,0,0,0,,1
original_tuned,original,"6,2,7,9",1,120,9279017,28,4,730,3015260.0,46,192,120.0,0.0,0,0,0,,1
original_tuned,original,"6,7,2,9",2,120,9279018,28,4,730,2363262.0,36,141,120.0,0.0,0,0,0,,2
original_tuned,original,"6,7,9,2",3,120,9279019,28,4,730,2822945.0,43,166,120.0,0.0,0,0,0,,1
original_tuned,original,"2,6,7,9",0,120,9279020,28,4,730,2167087.0,33,122,120.0,0.0,0,0,0,,1
original_tuned,original,"6,2,7,9",1,120,9279021,28,4,730,2363242.0,36,130,120.0,0.0,0,0,0,,1
original_tuned,original,"6,7,2,9",2,120,9279022,28,4,730,3475458.0,53,196,120.0,0.0,0,0,0,,1
original_tuned,original,"6,7,9,2",3,120,9279023,28,4,730,1708209.0,26,131,120.0,0.0,0,0,0,,1
original_tuned,original,"2,6,7,9",0,120,9279024,28,4,730,3016230.0,46,173,120.0,0.0,0,0,0,,1
original_tuned,original,"6,2,7,9",1,120,9279025,28,4,730,3148938.0,48,174,120.0,0.0,0,0,0,,1
original_tuned,original,"6,7,2,9",2,120,9279026,28,4,730,2885061.0,44,178,120.0,0.0,0,0,0,,1
original_tuned,original,"6,7,9,2",3,120,9279027,28,4,730,2822074.0,43,166,120.0,0.0,0,0,0,,1
original_tuned,original,"2,6,7,9",0,120,9279028,28,4,730,1184448.0,18,85,120.0,0.0,0,0,0,,2
original_tuned,original,"6,2,7,9",1,120,9279029,28,4,730,3933459.0,60,233,120.0,0.0,0,0,0,,1
original_tuned,original,"2,6,7,9",0,400,9279000,28,4,730,1100.0,0,0,400.0,0.0,8,0,0,,21
original_tuned,original,"6,2,7,9",1,400,9279001,28,4,730,1580.0,0,0,400.0,0.0,10,0,0,,26
original_tuned,original,"6,7,2,9",2,400,9279002,28,4,730,1156.0,0,0,400.0,0.0,14,0,0,,24
original_tuned,original,"6,7,9,2",3,400,9279003,28,4,730,958.0,0,0,400.0,0.0,8,0,0,,28
original_tuned,original,"2,6,7,9",0,400,9279004,28,4,730,1303.0,0,0,400.0,0.0,8,0,0,,26
original_tuned,original,"6,2,7,9",1,400,9279005,28,4,730,1184.0,0,0,400.0,0.0,6,0,0,,27
original_tuned,original,"6,7,2,9",2,400,9279006,28,4,730,1359.0,0,0,400.0,0.0,15,0,0,,26
original_tuned,original,"6,7,9,2",3,400,9279007,28,4,730,1172.0,0,0,400.0,0.0,11,0,0,,28
original_tuned,original,"2,6,7,9",0,400,9279008,28,4,730,865.0,0,0,400.0,0.0,15,0,0,,22
original_tuned,original,"6,2,7,9",1,400,9279009,28,4,730,1352.0,0,0,400.0,0.0,8,0,0,,23
original_tuned,original,"6,7,2,9",2,400,9279010,28,4,730,1102.0,0,0,400.0,0.0,13,1,0,,24
original_tuned,original,"6,7,9,2",3,400,9279011,28,4,730,586.0,0,0,400.0,0.0,7,0,0,,26
original_tuned,original,"2,6,7,9",0,400,9279012,28,4,730,1193.0,0,0,400.0,0.0,7,0,0,,27
original_tuned,original,"6,2,7,9",1,400,9279013,28,4,730,1766.0,0,0,400.0,0.0,8,0,0,,23
original_tuned,original,"6,7,2,9",2,400,9279014,28,4,730,1104.0,0,0,400.0,0.0,13,0,0,,28
original_tuned,original,"6,7,9,2",3,400,9279015,28,4,730,1360.0,0,0,400.0,0.0,9,0,0,,28
original_tuned,original,"2,6,7,9",0,400,9279016,28,4,730,1085.0,0,0,400.0,0.0,15,0,0,,25
original_tuned,original,"6,2,7,9",1,400,9279017,28,4,730,611.0,0,0,400.0,0.0,12,0,0,,27
original_tuned,original,"6,7,2,9",2,400,9279018,28,4,730,1248.0,0,0,400.0,0.0,14,0,0,,26
original_tuned,original,"6,7,9,2",3,400,9279019,28,4,730,829.0,0,0,400.0,0.0,12,0,0,,27
original_tuned,original,"2,6,7,9",0,400,9279020,28,4,730,1304.0,0,0,400.0,0.0,13,0,0,,27
original_tuned,original,"6,2,7,9",1,400,9279021,28,4,730,923.0,0,0,400.0,0.0,20,0,0,,24
original_tuned,original,"6,7,2,9",2,400,9279022,28,4,730,1804.0,0,0,400.0,0.0,10,0,0,,23
original_tuned,original,"6,7,9,2",3,400,9279023,28,4,730,1092.0,0,0,400.0,0.0,4,0,0,,28
original_tuned,original,"2,6,7,9",0,400,9279024,28,4,730,1663.0,0,0,400.0,0.0,10,1,0,,24
original_tuned,original,"6,2,7,9",1,400,9279025,28,4,730,911.0,0,0,400.0,0.0,11,0,0,,26
original_tuned,original,"6,7,2,9",2,400,9279026,28,4,730,706.0,0,0,400.0,0.0,8,0,0,,24
original_tuned,original,"6,7,9,2",3,400,9279027,28,4,730,930.0,0,0,400.0,0.0,8,0,0,,27
original_tuned,original,"2,6,7,9",0,400,9279028,28,4,730,937.0,0,0,400.0,0.0,12,1,0,,28
original_tuned,original,"6,2,7,9",1,400,9279029,28,4,730,1329.0,0,0,400.0,0.0,10,0,0,,25
original_tuned,original,"2,7,8,10",0,120,9279000,28,4,730,1706.0,0,0,120.0,0.0,0,0,0,,25
original_tuned,original,"7,2,8,10",1,120,9279001,28,4,730,1371.0,0,0,120.0,0.0,0,0,0,,22
original_tuned,original,"7,8,2,10",2,120,9279002,28,4,730,1750.0,0,0,120.0,0.0,0,0,0,,18
original_tuned,original,"7,8,10,2",3,120,9279003,28,4,730,2193.0,0,0,120.0,0.0,0,0,0,,22
original_tuned,original,"2,7,8,10",0,120,9279004,28,4,730,1858.0,0,0,120.0,0.0,0,0,0,,21
original_tuned,original,"7,2,8,10",1,120,9279005,28,4,730,1840.0,0,0,120.0,0.0,0,0,0,,20
original_tuned,original,"7,8,2,10",2,120,9279006,28,4,730,1067.0,0,0,120.0,0.0,0,0,0,,26
original_tuned,original,"7,8,10,2",3,120,9279007,28,4,730,1778.0,0,0,120.0,0.0,0,0,0,,23
original_tuned,original,"2,7,8,10",0,120,9279008,28,4,730,1660.0,0,0,120.0,0.0,0,0,0,,26
original_tuned,original,"7,2,8,10",1,120,9279009,28,4,730,1079.0,0,0,120.0,0.0,0,0,0,,26
original_tuned,original,"7,8,2,10",2,120,9279010,28,4,730,1668.0,0,0,120.0,0.0,0,0,0,,19
original_tuned,original,"7,8,10,2",3,120,9279011,28,4,730,1628.0,0,0,120.0,0.0,0,0,0,,21
original_tuned,original,"2,7,8,10",0,120,9279012,28,4,730,1466.0,0,0,120.0,0.0,0,0,0,,22
original_tuned,original,"7,2,8,10",1,120,9279013,28,4,730,1150.0,0,0,120.0,0.0,0,0,0,,22
original_tuned,original,"7,8,2,10",2,120,9279014,28,4,730,530.0,0,0,120.0,0.0,0,0,0,,25
original_tuned,original,"7,8,10,2",3,120,9279015,28,4,730,1031.0,0,0,120.0,0.0,0,0,0,,21
original_tuned,original,"2,7,8,10",0,120,9279016,28,4,730,1039.0,0,0,120.0,0.0,0,0,0,,24
original_tuned,original,"7,2,8,10",1,120,9279017,28,4,730,1352.0,0,0,120.0,0.0,0,0,0,,26
original_tuned,original,"7,8,2,10",2,120,9279018,28,4,730,1862.0,0,0,120.0,0.0,0,0,0,,23
original_tuned,original,"7,8,10,2",3,120,9279019,28,4,730,1039.0,0,0,120.0,0.0,0,0,0,,23
original_tuned,original,"2,7,8,10",0,120,9279020,28,4,730,1307.0,0,0,120.0,0.0,0,0,0,,22
original_tuned,original,"7,2,8,10",1,120,9279021,28,4,730,1519.0,0,0,120.0,0.0,0,0,0,,21
original_tuned,original,"7,8,2,10",2,120,9279022,28,4,730,1376.0,0,0,120.0,0.0,0,0,0,,23
original_tuned,original,"7,8,10,2",3,120,9279023,28,4,730,1896.0,0,0,120.0,0.0,0,0,0,,23
original_tuned,original,"2,7,8,10",0,120,9279024,28,4,730,524.0,0,0,120.0,0.0,0,0,0,,26
original_tuned,original,"7,2,8,10",1,120,9279025,28,4,730,1162.0,0,0,120.0,0.0,0,0,0,,22
original_tuned,original,"7,8,2,10",2,120,9279026,28,4,730,1400.0,0,0,120.0,0.0,0,0,0,,18
original_tuned,original,"7,8,10,2",3,120,9279027,28,4,730,770.0,0,0,120.0,0.0,0,0,0,,16
original_tuned,original,"2,7,8,10",0,120,9279028,28,4,730,2047.0,0,0,120.0,0.0,0,0,0,,24
original_tuned,original,"7,2,8,10",1,120,9279029,28,4,730,1980.0,0,0,120.0,0.0,0,0,0,,25
original_tuned,original,"2,7,8,10",0,400,9279000,28,4,730,592.0,0,0,400.0,0.0,9,0,0,,28
original_tuned,original,"7,2,8,10",1,400,9279001,28,4,730,245.0,0,0,400.0,0.0,13,0,0,,27
original_tuned,original,"7,8,2,10",2,400,9279002,28,4,730,490.0,0,0,400.0,0.0,7,0,0,,26
original_tuned,original,"7,8,10,2",3,400,9279003,28,4,730,510.0,0,0,400.0,0.0,13,0,0,,26
original_tuned,original,"2,7,8,10",0,400,9279004,28,4,730,696.0,0,0,400.0,0.0,12,0,0,,26
original_tuned,original,"7,2,8,10",1,400,9279005,28,4,730,450.0,0,0,400.0,0.0,15,0,0,,27
original_tuned,original,"7,8,2,10",2,400,9279006,28,4,730,318.0,0,0,400.0,0.0,18,0,0,,23
original_tuned,original,"7,8,10,2",3,400,9279007,28,4,730,401.0,0,0,400.0,0.0,17,0,0,,26
original_tuned,original,"2,7,8,10",0,400,9279008,28,4,730,441.0,0,0,400.0,0.0,14,0,0,,24
original_tuned,original,"7,2,8,10",1,400,9279009,28,4,730,432.0,0,0,400.0,0.0,10,1,0,,25
original_tuned,original,"7,8,2,10",2,400,9279010,28,4,730,453.0,0,0,400.0,0.0,18,1,0,,25
original_tuned,original,"7,8,10,2",3,400,9279011,28,4,730,532.0,0,0,400.0,0.0,12,0,0,,26
original_tuned,original,"2,7,8,10",0,400,9279012,28,4,730,216.0,0,0,400.0,0.0,11,0,0,,25
original_tuned,original,"7,2,8,10",1,400,9279013,28,4,730,469.0,0,0,400.0,0.0,15,1,0,,23
original_tuned,original,"7,8,2,10",2,400,9279014,28,4,730,492.0,0,0,400.0,0.0,6,0,0,,26
original_tuned,original,"7,8,10,2",3,400,9279015,28,4,730,595.0,0,0,400.0,0.0,15,0,0,,22
original_tuned,original,"2,7,8,10",0,400,9279016,28,4,730,425.0,0,0,400.0,0.0,13,0,0,,22
original_tuned,original,"7,2,8,10",1,400,9279017,28,4,730,428.0,0,0,400.0,0.0,7,1,0,,23
original_tuned,original,"7,8,2,10",2,400,9279018,28,4,730,448.0,0,0,400.0,0.0,10,0,0,,27
original_tuned,original,"7,8,10,2",3,400,9279019,28,4,730,579.0,0,0,400.0,0.0,10,0,0,,22
original_tuned,original,"2,7,8,10",0,400,9279020,28,4,730,457.0,0,0,400.0,0.0,15,0,0,,28
original_tuned,original,"7,2,8,10",1,400,9279021,28,4,730,522.0,0,0,400.0,0.0,9,0,0,,25
original_tuned,original,"7,8,2,10",2,400,9279022,28,4,730,280.0,0,0,400.0,0.0,19,0,0,,25
original_tuned,original,"7,8,10,2",3,400,9279023,28,4,730,411.0,0,0,400.0,0.0,12,0,0,,25
original_tuned,original,"2,7,8,10",0,400,9279024,28,4,730,411.0,0,0,400.0,0.0,13,0,0,,25
original_tuned,original,"7,2,8,10",1,400,9279025,28,4,730,661.0,0,0,400.0,0.0,11,0,0,,23
original_tuned,original,"7,8,2,10",2,400,9279026,28,4,730,479.0,0,0,400.0,0.0,17,0,0,,25
original_tuned,original,"7,8,10,2",3,400,9279027,28,4,730,391.0,0,0,400.0,0.0,18,0,0,,27
original_tuned,original,"2,7,8,10",0,400,9279028,28,4,730,578.0,0,0,400.0,0.0,13,0,0,,24
original_tuned,original,"7,2,8,10",1,400,9279029,28,4,730,469.0,0,0,400.0,0.0,11,0,0,,26
original_tuned,original,"2,8,9,1",0,120,9279000,28,4,730,1576921.0,24,86,120.0,0.0,0,0,0,,3
original_tuned,original,"8,2,9,1",1,120,9279001,28,4,730,1577181.0,24,98,120.0,0.0,0,0,0,,1
original_tuned,original,"8,9,2,1",2,120,9279002,28,4,730,2231955.0,34,129,120.0,0.0,0,0,0,,1
original_tuned,original,"8,9,1,2",3,120,9279003,28,4,730,3411366.0,52,194,120.0,0.0,0,0,0,,1
original_tuned,original,"2,8,9,1",0,120,9279004,28,4,730,2035490.0,31,142,120.0,0.0,0,0,0,,1
original_tuned,original,"8,2,9,1",1,120,9279005,28,4,730,1643453.0,25,101,120.0,0.0,0,0,0,,1
original_tuned,original,"8,9,2,1",2,120,9279006,28,4,730,1643087.0,25,109,120.0,0.0,0,0,0,,2
original_tuned,original,"8,9,1,2",3,120,9279007,28,4,730,2494244.0,38,146,120.0,0.0,0,0,0,,1
original_tuned,original,"2,8,9,1",0,120,9279008,28,4,730,1314679.0,20,78,120.0,0.0,0,0,0,,1
original_tuned,original,"8,2,9,1",1,120,9279009,28,4,730,2166932.0,33,146,120.0,0.0,0,0,0,,1
original_tuned,original,"8,9,2,1",2,120,9279010,28,4,730,2102208.0,32,126,120.0,0.0,0,0,0,,1
original_tuned,original,"8,9,1,2",3,120,9279011,28,4,730,2036506.0,31,137,120.0,0.0,0,0,0,,1
original_tuned,original,"2,8,9,1",0,120,9279012,28,4,730,2364186.0,36,148,120.0,0.0,0,0,0,,1
original_tuned,original,"8,2,9,1",1,120,9279013,28,4,730,2429045.0,37,138,120.0,0.0,0,0,0,,1
original_tuned,original,"8,9,2,1",2,120,9279014,28,4,730,1054330.0,16,66,120.0,0.0,0,0,0,,1
original_tuned,original,"8,9,1,2",3,120,9279015,28,4,730,2232435.0,34,145,120.0,0.0,0,0,0,,1
original_tuned,original,"2,8,9,1",0,120,9279016,28,4,730,2429592.0,37,143,120.0,0.0,0,0,0,,1
original_tuned,original,"8,2,9,1",1,120,9279017,28,4,730,2625031.0,40,156,120.0,0.0,0,0,0,,1
original_tuned,original,"8,9,2,1",2,120,9279018,28,4,730,2689375.0,41,192,120.0,0.0,0,0,0,,1
original_tuned,original,"8,9,1,2",3,120,9279019,28,4,730,2036447.0,31,129,120.0,0.0,0,0,0,,1
original_tuned,original,"2,8,9,1",0,120,9279020,28,4,730,2364139.0,36,124,120.0,0.0,0,0,0,,1
original_tuned,original,"8,2,9,1",1,120,9279021,28,4,730,1249209.0,19,78,120.0,0.0,0,0,0,,4
original_tuned,original,"8,9,2,1",2,120,9279022,28,4,730,1708057.0,26,124,120.0,0.0,0,0,0,,3
original_tuned,original,"8,9,1,2",3,120,9279023,28,4,730,3606496.0,55,230,120.0,0.0,0,0,0,,1
original_tuned,original,"2,8,9,1",0,120,9279024,28,4,730,2755048.0,42,164,120.0,0.0,0,0,0,,1
original_tuned,original,"8,2,9,1",1,120,9279025,28,4,730,2691760.0,41,163,120.0,0.0,0,0,0,,1
original_tuned,original,"8,9,2,1",2,120,9279026,28,4,730,2689325.0,41,159,120.0,0.0,0,0,0,,1
original_tuned,original,"8,9,1,2",3,120,9279027,28,4,730,1707874.0,26,94,120.0,0.0,0,0,0,,4
original_tuned,original,"2,8,9,1",0,120,9279028,28,4,730,1445055.0,22,102,120.0,0.0,0,0,0,,4
original_tuned,original,"8,2,9,1",1,120,9279029,28,4,730,1905320.0,29,117,120.0,0.0,0,0,0,,1
original_tuned,original,"2,8,9,1",0,400,9279000,28,4,730,1383.0,0,0,400.0,0.0,12,0,0,,27
original_tuned,original,"8,9,2,1",2,400,9279002,28,4,730,1481.0,0,0,400.0,0.0,16,0,0,,24
original_tuned,original,"8,2,9,1",1,400,9279001,28,4,730,1114.0,0,0,400.0,0.0,8,0,0,,21
original_tuned,original,"8,9,1,2",3,400,9279003,28,4,730,1036.0,0,0,400.0,0.0,13,1,0,,23
original_tuned,original,"2,8,9,1",0,400,9279004,28,4,730,1034.0,0,0,400.0,0.0,9,1,0,,24
original_tuned,original,"8,2,9,1",1,400,9279005,28,4,730,1220.0,0,0,400.0,0.0,12,0,0,,23
original_tuned,original,"8,9,2,1",2,400,9279006,28,4,730,1415.0,0,0,400.0,0.0,14,0,0,,24
original_tuned,original,"8,9,1,2",3,400,9279007,28,4,730,1100.0,0,0,400.0,0.0,10,0,0,,27
original_tuned,original,"2,8,9,1",0,400,9279008,28,4,730,1395.0,0,0,400.0,0.0,13,0,0,,23
original_tuned,original,"8,2,9,1",1,400,9279009,28,4,730,1425.0,0,0,400.0,0.0,7,0,0,,24
original_tuned,original,"8,9,2,1",2,400,9279010,28,4,730,1243.0,0,0,400.0,0.0,10,0,0,,25
original_tuned,original,"8,9,1,2",3,400,9279011,28,4,730,1032.0,0,0,400.0,0.0,13,0,0,,27
original_tuned,original,"2,8,9,1",0,400,9279012,28,4,730,904.0,0,0,400.0,0.0,8,0,0,,25
original_tuned,original,"8,2,9,1",1,400,9279013,28,4,730,1004.0,0,0,400.0,0.0,8,0,0,,24
original_tuned,original,"8,9,2,1",2,400,9279014,28,4,730,1041.0,0,0,400.0,0.0,11,0,0,,23
original_tuned,original,"8,9,1,2",3,400,9279015,28,4,730,1172.0,0,0,400.0,0.0,17,0,0,,23
original_tuned,original,"2,8,9,1",0,400,9279016,28,4,730,980.0,0,0,400.0,0.0,11,0,0,,23
original_tuned,original,"8,2,9,1",1,400,9279017,28,4,730,1148.0,0,0,400.0,0.0,10,0,0,,24
original_tuned,original,"8,9,2,1",2,400,9279018,28,4,730,1058.0,0,0,400.0,0.0,14,0,0,,24
original_tuned,original,"8,9,1,2",3,400,9279019,28,4,730,981.0,0,0,400.0,0.0,10,0,0,,25
original_tuned,original,"2,8,9,1",0,400,9279020,28,4,730,953.0,0,0,400.0,0.0,11,0,0,,25
original_tuned,original,"8,2,9,1",1,400,9279021,28,4,730,1162.0,0,0,400.0,0.0,9,0,0,,28
original_tuned,original,"8,9,2,1",2,400,9279022,28,4,730,1372.0,0,0,400.0,0.0,15,0,0,,28
original_tuned,original,"8,9,1,2",3,400,9279023,28,4,730,1667.0,0,0,400.0,0.0,4,0,0,,26
original_tuned,original,"2,8,9,1",0,400,9279024,28,4,730,1458.0,0,0,400.0,0.0,11,1,0,,24
original_tuned,original,"8,2,9,1",1,400,9279025,28,4,730,1454.0,0,0,400.0,0.0,10,0,0,,24
original_tuned,original,"8,9,2,1",2,400,9279026,28,4,730,954.0,0,0,400.0,0.0,16,0,0,,28
original_tuned,original,"8,9,1,2",3,400,9279027,28,4,730,832.0,0,0,400.0,0.0,13,2,0,,26
original_tuned,original,"2,8,9,1",0,400,9279028,28,4,730,1157.0,0,0,400.0,0.0,15,0,0,,27
original_tuned,original,"8,2,9,1",1,400,9279029,28,4,730,1299.0,0,0,400.0,0.0,7,0,0,,28
original_tuned,original,"2,9,10,3",0,120,9279000,28,4,730,1708469.0,26,114,120.0,0.0,0,0,0,,1
original_tuned,original,"2,9,10,3",0,120,9279004,28,4,730,3737273.0,57,232,120.0,0.0,0,0,0,,1
original_tuned,original,"9,10,3,2",3,120,9279003,28,4,730,1839949.0,28,114,120.0,0.0,0,0,0,,2
original_tuned,original,"9,2,10,3",1,120,9279001,28,4,730,1969356.0,30,136,120.0,0.0,0,0,0,,2
original_tuned,original,"9,10,2,3",2,120,9279002,28,4,730,3083716.0,47,179,120.0,0.0,0,0,0,,1
original_tuned,original,"9,2,10,3",1,120,9279005,28,4,730,1053111.0,16,96,120.0,0.0,0,0,0,,1
original_tuned,original,"9,10,2,3",2,120,9279006,28,4,730,2034389.0,31,141,120.0,0.0,0,0,0,,1
original_tuned,original,"2,9,10,3",0,120,9279008,28,4,730,2100669.0,32,126,120.0,0.0,0,0,0,,1
original_tuned,original,"9,10,3,2",3,120,9279007,28,4,730,1118805.0,17,79,120.0,0.0,0,0,0,,4
original_tuned,original,"9,2,10,3",1,120,9279009,28,4,730,2756633.0,42,173,120.0,0.0,0,0,0,,1
original_tuned,original,"9,10,2,3",2,120,9279010,28,4,730,1773751.0,27,107,120.0,0.0,0,0,0,,1
original_tuned,original,"9,10,3,2",3,120,9279011,28,4,730,1315796.0,20,101,120.0,0.0,0,0,0,,2
original_tuned,original,"2,9,10,3",0,120,9279012,28,4,730,2100828.0,32,133,120.0,0.0,0,0,0,,0
original_tuned,original,"9,2,10,3",1,120,9279013,28,4,730,1511626.0,23,96,120.0,0.0,0,0,0,,3
original_tuned,original,"9,10,2,3",2,120,9279014,28,4,730,1971091.0,30,117,120.0,0.0,0,0,0,,1
original_tuned,original,"9,2,10,3",1,120,9279017,28,4,730,3344894.0,51,214,120.0,0.0,0,0,0,,1
original_tuned,original,"9,10,3,2",3,120,9279015,28,4,730,1904754.0,29,133,120.0,0.0,0,0,0,,4
original_tuned,original,"2,9,10,3",0,120,9279016,28,4,730,2166877.0,33,115,120.0,0.0,0,0,0,,1
original_tuned,original,"9,10,2,3",2,120,9279018,28,4,730,2493160.0,38,185,120.0,0.0,0,0,0,,1
original_tuned,original,"2,9,10,3",0,120,9279020,28,4,730,2558047.0,39,194,120.0,0.0,0,0,0,,1
original_tuned,original,"9,10,3,2",3,120,9279019,28,4,730,2166481.0,33,125,120.0,0.0,0,0,0,,1
original_tuned,original,"9,10,3,2",3,120,9279023,28,4,730,1315087.0,20,77,120.0,0.0,0,0,0,,1
original_tuned,original,"9,2,10,3",1,120,9279021,28,4,730,2166873.0,33,128,120.0,0.0,0,0,0,,1
original_tuned,original,"9,10,2,3",2,120,9279022,28,4,730,1839272.0,28,103,120.0,0.0,0,0,0,,1
original_tuned,original,"2,9,10,3",0,120,9279024,28,4,730,2100337.0,32,125,120.0,0.0,0,0,0,,1
original_tuned,original,"9,2,10,3",1,120,9279025,28,4,730,1118195.0,17,75,120.0,0.0,0,0,0,,3
original_tuned,original,"9,10,2,3",2,120,9279026,28,4,730,1839372.0,28,117,120.0,0.0,0,0,0,,1
original_tuned,original,"9,10,3,2",3,120,9279027,28,4,730,1511415.0,23,82,120.0,0.0,0,0,0,,3
original_tuned,original,"2,9,10,3",0,120,9279028,28,4,730,1905396.0,29,114,120.0,0.0,0,0,0,,1
original_tuned,original,"9,2,10,3",1,120,9279029,28,4,730,1838476.0,28,109,120.0,0.0,0,0,0,,1
original_tuned,original,"2,9,10,3",0,400,9279000,28,4,730,949.0,0,0,400.0,0.0,5,0,0,,28
original_tuned,original,"9,2,10,3",1,400,9279001,28,4,730,916.0,0,0,400.0,0.0,10,0,0,,28
original_tuned,original,"9,10,2,3",2,400,9279002,28,4,730,668.0,0,0,400.0,0.0,13,0,0,,25
original_tuned,original,"9,10,3,2",3,400,9279003,28,4,730,863.0,0,0,400.0,0.0,6,0,0,,24
original_tuned,original,"2,9,10,3",0,400,9279004,28,4,730,789.0,0,0,400.0,0.0,6,0,0,,26
original_tuned,original,"9,2,10,3",1,400,9279005,28,4,730,1190.0,0,0,400.0,0.0,11,0,0,,24
original_tuned,original,"9,10,2,3",2,400,9279006,28,4,730,959.0,0,0,400.0,0.0,5,0,0,,28
original_tuned,original,"9,10,3,2",3,400,9279007,28,4,730,597.0,0,0,400.0,0.0,6,0,0,,23
original_tuned,original,"2,9,10,3",0,400,9279008,28,4,730,588.0,0,0,400.0,0.0,9,0,0,,25
original_tuned,original,"9,2,10,3",1,400,9279009,28,4,730,766.0,0,0,400.0,0.0,10,0,0,,27
original_tuned,original,"9,10,2,3",2,400,9279010,28,4,730,1020.0,0,0,400.0,0.0,8,0,0,,23
original_tuned,original,"9,10,3,2",3,400,9279011,28,4,730,1235.0,0,0,400.0,0.0,6,0,0,,25
original_tuned,original,"2,9,10,3",0,400,9279012,28,4,730,1206.0,0,0,400.0,0.0,7,0,0,,27
original_tuned,original,"9,2,10,3",1,400,9279013,28,4,730,557.0,0,0,400.0,0.0,2,0,0,,28
original_tuned,original,"9,10,2,3",2,400,9279014,28,4,730,843.0,0,0,400.0,0.0,3,0,0,,22
original_tuned,original,"2,9,10,3",0,400,9279016,28,4,730,552.0,0,0,400.0,0.0,14,1,0,,24
original_tuned,original,"9,10,3,2",3,400,9279015,28,4,730,966.0,0,0,400.0,0.0,9,0,0,,25
original_tuned,original,"9,2,10,3",1,400,9279017,28,4,730,1048.0,0,0,400.0,0.0,6,0,0,,26
original_tuned,original,"9,10,2,3",2,400,9279018,28,4,730,945.0,0,0,400.0,0.0,2,0,0,,26
original_tuned,original,"9,10,3,2",3,400,9279019,28,4,730,1050.0,0,0,400.0,0.0,7,0,0,,26
original_tuned,original,"2,9,10,3",0,400,9279020,28,4,730,730.0,0,0,400.0,0.0,8,0,0,,25
original_tuned,original,"9,2,10,3",1,400,9279021,28,4,730,792.0,0,0,400.0,0.0,11,0,0,,27
original_tuned,original,"9,10,2,3",2,400,9279022,28,4,730,552.0,0,0,400.0,0.0,10,0,0,,26
original_tuned,original,"9,10,3,2",3,400,9279023,28,4,730,1055.0,0,0,400.0,0.0,19,1,0,,26
original_tuned,original,"2,9,10,3",0,400,9279024,28,4,730,738.0,0,0,400.0,0.0,7,0,0,,24
original_tuned,original,"9,2,10,3",1,400,9279025,28,4,730,938.0,0,0,400.0,0.0,7,0,0,,28
original_tuned,original,"9,10,2,3",2,400,9279026,28,4,730,905.0,0,0,400.0,0.0,7,0,0,,28
original_tuned,original,"2,10,1,4",0,120,9279000,28,4,730,4181.0,0,0,120.0,0.0,0,0,0,,21
original_tuned,original,"9,10,3,2",3,400,9279027,28,4,730,894.0,0,0,400.0,0.0,6,0,0,,28
original_tuned,original,"10,2,1,4",1,120,9279001,28,4,730,4454.0,0,0,120.0,0.0,0,0,0,,20
original_tuned,original,"10,1,2,4",2,120,9279002,28,4,730,4133.0,0,0,120.0,0.0,0,0,0,,18
original_tuned,original,"2,9,10,3",0,400,9279028,28,4,730,860.0,0,0,400.0,0.0,6,1,0,,26
original_tuned,original,"10,1,4,2",3,120,9279003,28,4,730,3980.0,0,0,120.0,0.0,0,0,0,,20
original_tuned,original,"2,10,1,4",0,120,9279004,28,4,730,3690.0,0,0,120.0,0.0,0,0,0,,19
original_tuned,original,"9,2,10,3",1,400,9279029,28,4,730,1390.0,0,0,400.0,0.0,7,0,0,,27
original_tuned,original,"10,2,1,4",1,120,9279005,28,4,730,4198.0,0,0,120.0,0.0,0,0,0,,20
original_tuned,original,"10,1,2,4",2,120,9279006,28,4,730,4260.0,0,0,120.0,0.0,0,0,0,,21
original_tuned,original,"10,1,4,2",3,120,9279007,28,4,730,2634.0,0,0,120.0,0.0,0,0,0,,22
original_tuned,original,"10,2,1,4",1,120,9279009,28,4,730,3327.0,0,0,120.0,0.0,0,0,0,,21
original_tuned,original,"2,10,1,4",0,120,9279008,28,4,730,3270.0,0,0,120.0,0.0,0,0,0,,19
original_tuned,original,"10,1,2,4",2,120,9279010,28,4,730,4230.0,0,0,120.0,0.0,0,0,0,,22
original_tuned,original,"10,1,4,2",3,120,9279011,28,4,730,3982.0,0,0,120.0,0.0,0,0,0,,18
original_tuned,original,"2,10,1,4",0,120,9279012,28,4,730,3074.0,0,0,120.0,0.0,0,0,0,,19
original_tuned,original,"10,2,1,4",1,120,9279013,28,4,730,4079.0,0,0,120.0,0.0,0,0,0,,17
original_tuned,original,"10,1,2,4",2,120,9279014,28,4,730,3763.0,0,0,120.0,0.0,0,0,0,,18
original_tuned,original,"10,1,4,2",3,120,9279015,28,4,730,4681.0,0,0,120.0,0.0,0,0,0,,22
original_tuned,original,"2,10,1,4",0,120,9279016,28,4,730,4436.0,0,0,120.0,0.0,0,0,0,,21
original_tuned,original,"10,2,1,4",1,120,9279017,28,4,730,3928.0,0,0,120.0,0.0,0,0,0,,19
original_tuned,original,"10,1,2,4",2,120,9279018,28,4,730,3548.0,0,0,120.0,0.0,0,0,0,,21
original_tuned,original,"10,1,4,2",3,120,9279019,28,4,730,3446.0,0,0,120.0,0.0,0,0,0,,24
original_tuned,original,"2,10,1,4",0,120,9279020,28,4,730,4121.0,0,0,120.0,0.0,0,0,0,,16
original_tuned,original,"10,2,1,4",1,120,9279021,28,4,730,4711.0,0,0,120.0,0.0,0,0,0,,20
original_tuned,original,"10,1,2,4",2,120,9279022,28,4,730,4336.0,0,0,120.0,0.0,0,0,0,,22
original_tuned,original,"10,1,4,2",3,120,9279023,28,4,730,4684.0,0,0,120.0,0.0,0,0,0,,22
original_tuned,original,"2,10,1,4",0,120,9279024,28,4,730,4545.0,0,0,120.0,0.0,0,0,0,,15
original_tuned,original,"10,2,1,4",1,120,9279025,28,4,730,4433.0,0,0,120.0,0.0,0,0,0,,20
original_tuned,original,"10,1,2,4",2,120,9279026,28,4,730,4130.0,0,0,120.0,0.0,0,0,0,,21
original_tuned,original,"10,1,4,2",3,120,9279027,28,4,730,3564.0,0,0,120.0,0.0,0,0,0,,16
original_tuned,original,"2,10,1,4",0,120,9279028,28,4,730,4522.0,0,0,120.0,0.0,0,0,0,,19
original_tuned,original,"10,2,1,4",1,120,9279029,28,4,730,2734.0,0,0,120.0,0.0,0,0,0,,16
original_tuned,original,"2,10,1,4",0,400,9279000,28,4,730,1445.0,0,0,400.0,0.0,23,0,0,,24
original_tuned,original,"10,2,1,4",1,400,9279001,28,4,730,876.0,0,0,400.0,0.0,15,0,0,,24
original_tuned,original,"10,1,2,4",2,400,9279002,28,4,730,1390.0,0,0,400.0,0.0,15,0,0,,26
original_tuned,original,"10,1,4,2",3,400,9279003,28,4,730,906.0,0,0,400.0,0.0,26,0,0,,23
original_tuned,original,"2,10,1,4",0,400,9279004,28,4,730,1077.0,0,0,400.0,0.0,20,0,0,,25
original_tuned,original,"10,2,1,4",1,400,9279005,28,4,730,1160.0,0,0,400.0,0.0,22,0,0,,26
original_tuned,original,"10,1,2,4",2,400,9279006,28,4,730,1631.0,0,0,400.0,0.0,17,0,0,,21
original_tuned,original,"10,1,4,2",3,400,9279007,28,4,730,1049.0,0,0,400.0,0.0,22,1,0,,24
original_tuned,original,"2,10,1,4",0,400,9279008,28,4,730,896.0,0,0,400.0,0.0,21,0,0,,28
original_tuned,original,"10,2,1,4",1,400,9279009,28,4,730,1095.0,0,0,400.0,0.0,22,0,0,,27
original_tuned,original,"10,1,2,4",2,400,9279010,28,4,730,974.0,0,0,400.0,0.0,29,1,0,,24
original_tuned,original,"10,1,4,2",3,400,9279011,28,4,730,1050.0,0,0,400.0,0.0,20,0,0,,24
original_tuned,original,"2,10,1,4",0,400,9279012,28,4,730,880.0,0,0,400.0,0.0,16,0,0,,25
original_tuned,original,"10,2,1,4",1,400,9279013,28,4,730,1342.0,0,0,400.0,0.0,23,0,0,,23
original_tuned,original,"10,1,2,4",2,400,9279014,28,4,730,834.0,0,0,400.0,0.0,23,0,0,,25
original_tuned,original,"10,1,4,2",3,400,9279015,28,4,730,887.0,0,0,400.0,0.0,22,0,0,,24
original_tuned,original,"2,10,1,4",0,400,9279016,28,4,730,916.0,0,0,400.0,0.0,19,0,0,,23
original_tuned,original,"10,2,1,4",1,400,9279017,28,4,730,1063.0,0,0,400.0,0.0,24,0,0,,26
original_tuned,original,"10,1,2,4",2,400,9279018,28,4,730,917.0,0,0,400.0,0.0,31,1,0,,26
original_tuned,original,"10,1,4,2",3,400,9279019,28,4,730,787.0,0,0,400.0,0.0,15,0,0,,28
original_tuned,original,"2,10,1,4",0,400,9279020,28,4,730,1607.0,0,0,400.0,0.0,23,0,0,,26
original_tuned,original,"10,2,1,4",1,400,9279021,28,4,730,1267.0,0,0,400.0,0.0,23,2,0,,24
original_tuned,original,"10,1,2,4",2,400,9279022,28,4,730,693.0,0,0,400.0,0.0,18,0,0,,28
original_tuned,original,"10,1,4,2",3,400,9279023,28,4,730,956.0,0,0,400.0,0.0,13,0,0,,26
original_tuned,original,"2,10,1,4",0,400,9279024,28,4,730,1319.0,0,0,400.0,0.0,17,0,0,,23
original_tuned,original,"10,2,1,4",1,400,9279025,28,4,730,741.0,0,0,400.0,0.0,19,0,0,,26
original_tuned,original,"10,1,2,4",2,400,9279026,28,4,730,1223.0,0,0,400.0,0.0,17,0,0,,22
original_tuned,original,"10,1,4,2",3,400,9279027,28,4,730,1217.0,0,0,400.0,0.0,20,1,0,,26
original_tuned,original,"2,1,1,1",0,120,9279000,28,4,730,2084.0,0,0,120.0,0.0,0,0,0,,25
original_tuned,original,"2,10,1,4",0,400,9279028,28,4,730,1095.0,0,0,400.0,0.0,22,0,0,,25
original_tuned,original,"10,2,1,4",1,400,9279029,28,4,730,936.0,0,0,400.0,0.0,27,2,0,,24
original_tuned,original,"1,2,1,1",1,120,9279001,28,4,730,2205.0,0,0,120.0,0.0,0,0,0,,26
original_tuned,original,"1,1,2,1",2,120,9279002,28,4,730,1495.0,0,0,120.0,0.0,0,0,0,,23
original_tuned,original,"1,1,1,2",3,120,9279003,28,4,730,2381.0,0,0,120.0,0.0,0,0,0,,25
original_tuned,original,"1,2,1,1",1,120,9279005,28,4,730,2448.0,0,0,120.0,0.0,0,0,0,,22
original_tuned,original,"2,1,1,1",0,120,9279004,28,4,730,2201.0,0,0,120.0,0.0,0,0,0,,25
original_tuned,original,"1,1,2,1",2,120,9279006,28,4,730,2519.0,0,0,120.0,0.0,0,0,0,,24
original_tuned,original,"1,1,1,2",3,120,9279007,28,4,730,1660.0,0,0,120.0,0.0,0,0,0,,25
original_tuned,original,"2,1,1,1",0,120,9279008,28,4,730,2604.0,0,0,120.0,0.0,0,0,0,,24
original_tuned,original,"1,2,1,1",1,120,9279009,28,4,730,1424.0,0,0,120.0,0.0,0,0,0,,22
original_tuned,original,"1,1,2,1",2,120,9279010,28,4,730,2886.0,0,0,120.0,0.0,0,0,0,,27
original_tuned,original,"1,1,1,2",3,120,9279011,28,4,730,2403.0,0,0,120.0,0.0,0,0,0,,23
original_tuned,original,"2,1,1,1",0,120,9279012,28,4,730,3309.0,0,0,120.0,0.0,0,0,0,,26
original_tuned,original,"1,2,1,1",1,120,9279013,28,4,730,2808.0,0,0,120.0,0.0,0,0,0,,21
original_tuned,original,"1,1,2,1",2,120,9279014,28,4,730,2771.0,0,0,120.0,0.0,0,0,0,,26
original_tuned,original,"1,1,1,2",3,120,9279015,28,4,730,1257.0,0,0,120.0,0.0,0,0,0,,23
original_tuned,original,"2,1,1,1",0,120,9279016,28,4,730,1512.0,0,0,120.0,0.0,0,0,0,,23
original_tuned,original,"1,2,1,1",1,120,9279017,28,4,730,2573.0,0,0,120.0,0.0,0,0,0,,26
original_tuned,original,"1,1,2,1",2,120,9279018,28,4,730,1812.0,0,0,120.0,0.0,0,0,0,,24
original_tuned,original,"1,1,1,2",3,120,9279019,28,4,730,2624.0,0,0,120.0,0.0,0,0,0,,24
original_tuned,original,"2,1,1,1",0,120,9279020,28,4,730,1998.0,0,0,120.0,0.0,0,0,0,,23
original_tuned,original,"1,2,1,1",1,120,9279021,28,4,730,1812.0,0,0,120.0,0.0,0,0,0,,25
original_tuned,original,"1,1,2,1",2,120,9279022,28,4,730,2339.0,0,0,120.0,0.0,0,0,0,,27
original_tuned,original,"1,1,1,2",3,120,9279023,28,4,730,1771.0,0,0,120.0,0.0,0,0,0,,24
original_tuned,original,"2,1,1,1",0,120,9279024,28,4,730,2605.0,0,0,120.0,0.0,0,0,0,,24
original_tuned,original,"1,2,1,1",1,120,9279025,28,4,730,1842.0,0,0,120.0,0.0,0,0,0,,26
original_tuned,original,"1,1,2,1",2,120,9279026,28,4,730,3079.0,0,0,120.0,0.0,0,0,0,,26
original_tuned,original,"1,1,1,2",3,120,9279027,28,4,730,1602.0,0,0,120.0,0.0,0,0,0,,21
original_tuned,original,"2,1,1,1",0,120,9279028,28,4,730,2341.0,0,0,120.0,0.0,0,0,0,,23
original_tuned,original,"1,2,1,1",1,120,9279029,28,4,730,1231.0,0,0,120.0,0.0,0,0,0,,26
original_tuned,original,"2,1,1,1",0,400,9279000,28,4,730,236.0,0,0,400.0,0.0,14,0,0,,24
original_tuned,original,"1,2,1,1",1,400,9279001,28,4,730,254.0,0,0,400.0,0.0,11,0,0,,25
original_tuned,original,"1,1,2,1",2,400,9279002,28,4,730,225.0,0,0,400.0,0.0,17,0,0,,28
original_tuned,original,"1,1,1,2",3,400,9279003,28,4,730,180.0,0,0,400.0,0.0,15,0,0,,28
original_tuned,original,"2,1,1,1",0,400,9279004,28,4,730,171.0,0,0,400.0,0.0,12,0,0,,22
original_tuned,original,"1,2,1,1",1,400,9279005,28,4,730,229.0,0,0,400.0,0.0,11,0,0,,28
original_tuned,original,"1,1,2,1",2,400,9279006,28,4,730,116.0,0,0,400.0,0.0,12,1,0,,25
original_tuned,original,"1,1,1,2",3,400,9279007,28,4,730,186.0,0,0,400.0,0.0,21,0,0,,24
original_tuned,original,"2,1,1,1",0,400,9279008,28,4,730,364.0,0,0,400.0,0.0,10,0,0,,25
original_tuned,original,"1,2,1,1",1,400,9279009,28,4,730,149.0,0,0,400.0,0.0,11,0,0,,24
original_tuned,original,"1,1,2,1",2,400,9279010,28,4,730,147.0,0,0,400.0,0.0,13,0,0,,23
original_tuned,original,"1,1,1,2",3,400,9279011,28,4,730,154.0,0,0,400.0,0.0,13,1,0,,27
original_tuned,original,"2,1,1,1",0,400,9279012,28,4,730,260.0,0,0,400.0,0.0,14,0,0,,28
original_tuned,original,"1,2,1,1",1,400,9279013,28,4,730,132.0,0,0,400.0,0.0,9,0,0,,25
original_tuned,original,"1,1,2,1",2,400,9279014,28,4,730,210.0,0,0,400.0,0.0,10,0,0,,23
original_tuned,original,"1,1,1,2",3,400,9279015,28,4,730,306.0,0,0,400.0,0.0,14,0,0,,26
original_tuned,original,"2,1,1,1",0,400,9279016,28,4,730,152.0,0,0,400.0,0.0,12,0,0,,24
original_tuned,original,"1,2,1,1",1,400,9279017,28,4,730,388.0,0,0,400.0,0.0,11,0,0,,28
original_tuned,original,"1,1,2,1",2,400,9279018,28,4,730,450.0,0,0,400.0,0.0,8,0,0,,25
original_tuned,original,"1,1,1,2",3,400,9279019,28,4,730,266.0,0,0,400.0,0.0,11,0,0,,24
original_tuned,original,"2,1,1,1",0,400,9279020,28,4,730,121.0,0,0,400.0,0.0,16,0,0,,25
original_tuned,original,"1,2,1,1",1,400,9279021,28,4,730,171.0,0,0,400.0,0.0,13,0,0,,21
original_tuned,original,"1,1,2,1",2,400,9279022,28,4,730,171.0,0,0,390.0,10.0,13,0,0,,19
original_tuned,original,"1,1,1,2",3,400,9279023,28,4,730,179.0,0,0,400.0,0.0,11,0,0,,28
original_tuned,original,"2,1,1,1",0,400,9279024,28,4,730,249.0,0,0,400.0,0.0,13,0,0,,22
original_tuned,original,"1,2,1,1",1,400,9279025,28,4,730,110.0,0,0,400.0,0.0,15,1,0,,24
original_tuned,original,"1,1,2,1",2,400,9279026,28,4,730,250.0,0,0,400.0,0.0,8,0,0,,26
original_tuned,original,"1,1,1,2",3,400,9279027,28,4,730,189.0,0,0,400.0,0.0,6,0,0,,23
original_tuned,original,"2,1,1,1",0,400,9279028,28,4,730,402.0,0,0,400.0,0.0,12,0,0,,24
original_tuned,original,"1,2,1,1",1,400,9279029,28,4,730,222.0,0,0,400.0,0.0,13,0,0,,26
original_tuned,original,"3,3,3,2",3,120,9279003,28,4,730,2320.0,0,0,120.0,0.0,0,0,0,,21
original_tuned,original,"3,2,3,3",1,120,9279005,28,4,730,2267.0,0,0,110.0,10.0,0,0,0,,24
original_tuned,original,"3,3,2,3",2,120,9279002,28,4,730,2307.0,0,0,110.0,10.0,0,0,0,,26
original_tuned,original,"3,2,3,3",1,120,9279001,28,4,730,2456.0,0,0,120.0,0.0,0,0,0,,25
original_tuned,original,"2,3,3,3",0,120,9279004,28,4,730,1808.0,0,0,120.0,0.0,0,0,0,,21
original_tuned,original,"2,3,3,3",0,120,9279000,28,4,730,2355.0,0,0,110.0,10.0,0,0,0,,23
original_tuned,original,"3,3,2,3",2,120,9279006,28,4,730,2570.0,0,0,110.0,10.0,0,0,0,,22
original_tuned,original,"3,3,3,2",3,120,9279007,28,4,730,2383.0,0,0,120.0,0.0,0,0,0,,23
original_tuned,original,"3,2,3,3",1,120,9279009,28,4,730,2748.0,0,0,120.0,0.0,0,0,0,,26
original_tuned,original,"2,3,3,3",0,120,9279008,28,4,730,2577.0,0,0,120.0,0.0,0,0,0,,26
original_tuned,original,"3,3,2,3",2,120,9279010,28,4,730,2392.0,0,0,120.0,0.0,0,0,0,,25
original_tuned,original,"3,3,3,2",3,120,9279011,28,4,730,1041.0,0,0,110.0,10.0,0,0,0,,21
original_tuned,original,"3,2,3,3",1,120,9279013,28,4,730,3156.0,0,0,110.0,10.0,0,0,0,,24
original_tuned,original,"2,3,3,3",0,120,9279012,28,4,730,3670.0,0,0,110.0,10.0,0,0,0,,23
original_tuned,original,"3,3,3,2",3,120,9279015,28,4,730,1529.0,0,0,110.0,10.0,0,0,0,,18
original_tuned,original,"3,3,2,3",2,120,9279014,28,4,730,2477.0,0,0,120.0,0.0,0,0,0,,23
original_tuned,original,"2,3,3,3",0,120,9279016,28,4,730,1361.0,0,0,120.0,0.0,0,0,0,,21
original_tuned,original,"3,2,3,3",1,120,9279017,28,4,730,2161.0,0,0,120.0,0.0,0,0,0,,23
original_tuned,original,"3,3,2,3",2,120,9279018,28,4,730,2711.0,0,0,120.0,0.0,0,0,0,,25
original_tuned,original,"3,3,3,2",3,120,9279019,28,4,730,1680.0,0,0,110.0,10.0,0,0,0,,19
original_tuned,original,"3,2,3,3",1,120,9279021,28,4,730,3463.0,0,0,120.0,0.0,0,0,0,,24
original_tuned,original,"2,3,3,3",0,120,9279020,28,4,730,1849.0,0,0,120.0,0.0,0,0,0,,24
original_tuned,original,"3,3,2,3",2,120,9279022,28,4,730,2091.0,0,0,120.0,0.0,0,0,0,,23
original_tuned,original,"3,3,3,2",3,120,9279023,28,4,730,2179.0,0,0,120.0,0.0,0,0,0,,26
original_tuned,original,"2,3,3,3",0,120,9279024,28,4,730,1826.0,0,0,110.0,10.0,0,0,0,,20
original_tuned,original,"3,2,3,3",1,120,9279025,28,4,730,1529.0,0,0,110.0,10.0,0,0,0,,18
original_tuned,original,"3,3,2,3",2,120,9279026,28,4,730,2030.0,0,0,110.0,10.0,0,0,0,,19
original_tuned,original,"3,3,3,2",3,120,9279027,28,4,730,1740.0,0,0,120.0,0.0,0,0,0,,25
original_tuned,original,"3,2,3,3",1,120,9279029,28,4,730,2352.0,0,0,110.0,10.0,0,0,0,,19
original_tuned,original,"2,3,3,3",0,120,9279028,28,4,730,2890.0,0,0,120.0,0.0,0,0,0,,26
original_tuned,original,"2,3,3,3",0,400,9279000,28,4,730,128.0,0,0,350.0,50.0,1,0,0,,25
original_tuned,original,"3,2,3,3",1,400,9279001,28,4,730,90.0,0,0,350.0,50.0,5,0,0,,27
original_tuned,original,"3,3,2,3",2,400,9279002,28,4,730,216.0,0,0,350.0,50.0,3,0,0,,28
original_tuned,original,"3,3,3,2",3,400,9279003,28,4,730,96.0,0,0,350.0,50.0,4,0,0,,23
original_tuned,original,"2,3,3,3",0,400,9279004,28,4,730,36.0,0,0,350.0,50.0,4,0,0,,26
original_tuned,original,"3,2,3,3",1,400,9279005,28,4,730,98.0,0,0,350.0,50.0,2,0,0,,25
original_tuned,original,"3,3,2,3",2,400,9279006,28,4,730,8.0,0,0,340.0,60.0,1,0,0,,24
original_tuned,original,"2,3,3,3",0,400,9279008,28,4,730,58.0,0,0,350.0,50.0,1,0,0,,26
original_tuned,original,"3,3,3,2",3,400,9279007,28,4,730,60.0,0,0,340.0,60.0,1,0,0,,24
original_tuned,original,"3,2,3,3",1,400,9279009,28,4,730,55.0,0,0,340.0,60.0,3,0,0,,21
original_tuned,original,"3,3,2,3",2,400,9279010,28,4,730,36.0,0,0,340.0,60.0,7,0,0,,22
original_tuned,original,"3,3,3,2",3,400,9279011,28,4,730,31.0,0,0,340.0,60.0,0,0,0,,21
original_tuned,original,"2,3,3,3",0,400,9279012,28,4,730,98.0,0,0,340.0,60.0,0,0,0,,22
original_tuned,original,"3,3,2,3",2,400,9279014,28,4,730,0.0,0,0,340.0,60.0,3,0,0,,22
original_tuned,original,"3,2,3,3",1,400,9279013,28,4,730,50.0,0,0,350.0,50.0,2,0,0,,24
original_tuned,original,"3,3,3,2",3,400,9279015,28,4,730,123.0,0,0,340.0,60.0,5,0,0,,21
original_tuned,original,"3,2,3,3",1,400,9279017,28,4,730,14.0,0,0,350.0,50.0,0,0,0,,24
original_tuned,original,"2,3,3,3",0,400,9279016,28,4,730,91.0,0,0,350.0,50.0,0,0,0,,25
original_tuned,original,"3,3,2,3",2,400,9279018,28,4,730,145.0,0,0,350.0,50.0,1,0,0,,26
original_tuned,original,"2,3,3,3",0,400,9279020,28,4,730,103.0,0,0,340.0,60.0,3,0,0,,23
original_tuned,original,"3,3,3,2",3,400,9279019,28,4,730,157.0,0,0,350.0,50.0,1,0,0,,23
original_tuned,original,"3,2,3,3",1,400,9279021,28,4,730,165.0,0,0,350.0,50.0,2,0,0,,25
original_tuned,original,"3,3,2,3",2,400,9279022,28,4,730,30.0,0,0,350.0,50.0,4,0,0,,25
original_tuned,original,"3,3,3,2",3,400,9279023,28,4,730,96.0,0,0,350.0,50.0,3,0,0,,24
original_tuned,original,"2,3,3,3",0,400,9279024,28,4,730,43.0,0,0,350.0,50.0,1,0,0,,25
original_tuned,original,"2,4,4,4",0,120,9279000,28,4,730,4622.0,0,0,120.0,0.0,0,0,0,,15
original_tuned,original,"4,2,4,4",1,120,9279001,28,4,730,4467.0,0,0,120.0,0.0,0,0,0,,24
original_tuned,original,"3,2,3,3",1,400,9279025,28,4,730,37.0,0,0,340.0,60.0,2,0,0,,24
original_tuned,original,"4,4,2,4",2,120,9279002,28,4,730,4617.0,0,0,120.0,0.0,0,0,0,,20
original_tuned,original,"4,4,4,2",3,120,9279003,28,4,730,3273.0,0,0,120.0,0.0,0,0,0,,15
original_tuned,original,"3,3,2,3",2,400,9279026,28,4,730,35.0,0,0,350.0,50.0,3,0,0,,25
original_tuned,original,"2,4,4,4",0,120,9279004,28,4,730,4284.0,0,0,120.0,0.0,0,0,0,,18
original_tuned,original,"4,2,4,4",1,120,9279005,28,4,730,3680.0,0,0,120.0,0.0,0,0,0,,20
original_tuned,original,"4,4,2,4",2,120,9279006,28,4,730,4298.0,0,0,120.0,0.0,0,0,0,,19
original_tuned,original,"4,4,4,2",3,120,9279007,28,4,730,4914.0,0,0,120.0,0.0,0,0,0,,15
original_tuned,original,"2,4,4,4",0,120,9279008,28,4,730,4210.0,0,0,120.0,0.0,0,0,0,,20
original_tuned,original,"2,3,3,3",0,400,9279028,28,4,730,148.0,0,0,340.0,60.0,5,0,0,,23
original_tuned,original,"4,2,4,4",1,120,9279009,28,4,730,3350.0,0,0,120.0,0.0,0,0,0,,14
original_tuned,original,"3,3,3,2",3,400,9279027,28,4,730,102.0,0,0,350.0,50.0,3,0,0,,24
original_tuned,original,"4,4,2,4",2,120,9279010,28,4,730,5296.0,0,0,120.0,0.0,0,0,0,,17
original_tuned,original,"4,4,4,2",3,120,9279011,28,4,730,4133.0,0,0,120.0,0.0,0,0,0,,20
original_tuned,original,"2,4,4,4",0,120,9279012,28,4,730,4166.0,0,0,120.0,0.0,0,0,0,,19
original_tuned,original,"4,2,4,4",1,120,9279013,28,4,730,3840.0,0,0,120.0,0.0,0,0,0,,21
original_tuned,original,"4,4,2,4",2,120,9279014,28,4,730,4410.0,0,0,120.0,0.0,0,0,0,,16
original_tuned,original,"4,4,4,2",3,120,9279015,28,4,730,4318.0,0,0,120.0,0.0,0,0,0,,14
original_tuned,original,"3,2,3,3",1,400,9279029,28,4,730,36.0,0,0,340.0,60.0,1,0,0,,23
original_tuned,original,"2,4,4,4",0,120,9279016,28,4,730,5146.0,0,0,120.0,0.0,0,0,0,,14
original_tuned,original,"4,2,4,4",1,120,9279017,28,4,730,4883.0,0,0,120.0,0.0,0,0,0,,15
original_tuned,original,"4,4,2,4",2,120,9279018,28,4,730,4597.0,0,0,120.0,0.0,0,0,0,,20
original_tuned,original,"4,4,4,2",3,120,9279019,28,4,730,3297.0,0,0,120.0,0.0,0,0,0,,20
original_tuned,original,"2,4,4,4",0,120,9279020,28,4,730,5685.0,0,0,120.0,0.0,0,0,0,,17
original_tuned,original,"4,2,4,4",1,120,9279021,28,4,730,4123.0,0,0,120.0,0.0,0,0,0,,22
original_tuned,original,"4,4,2,4",2,120,9279022,28,4,730,4576.0,0,0,120.0,0.0,0,0,0,,20
original_tuned,original,"4,4,4,2",3,120,9279023,28,4,730,4872.0,0,0,120.0,0.0,0,0,0,,21
original_tuned,original,"2,4,4,4",0,120,9279024,28,4,730,4290.0,0,0,120.0,0.0,0,0,0,,18
original_tuned,original,"4,2,4,4",1,120,9279025,28,4,730,5154.0,0,0,120.0,0.0,0,0,0,,14
original_tuned,original,"4,4,2,4",2,120,9279026,28,4,730,3734.0,0,0,120.0,0.0,0,0,0,,17
original_tuned,original,"4,4,4,2",3,120,9279027,28,4,730,4231.0,0,0,120.0,0.0,0,0,0,,18
original_tuned,original,"2,4,4,4",0,120,9279028,28,4,730,4676.0,0,0,120.0,0.0,0,0,0,,19
original_tuned,original,"4,2,4,4",1,120,9279029,28,4,730,5128.0,0,0,120.0,0.0,0,0,0,,18
original_tuned,original,"2,4,4,4",0,400,9279000,28,4,730,3414.0,0,0,210.0,190.0,22,0,0,,27
original_tuned,original,"4,2,4,4",1,400,9279001,28,4,730,2356.0,0,0,210.0,190.0,40,2,0,,22
original_tuned,original,"4,4,2,4",2,400,9279002,28,4,730,3097.0,0,0,220.0,180.0,36,2,0,,26
original_tuned,original,"4,4,4,2",3,400,9279003,28,4,730,3241.0,0,0,210.0,190.0,27,1,0,,26
original_tuned,original,"2,4,4,4",0,400,9279004,28,4,730,3296.0,0,0,210.0,190.0,37,1,0,,24
original_tuned,original,"4,2,4,4",1,400,9279005,28,4,730,3097.0,0,0,190.0,210.0,33,1,0,,21
original_tuned,original,"4,4,2,4",2,400,9279006,28,4,730,2951.0,0,0,230.0,170.0,48,2,0,,22
original_tuned,original,"4,4,4,2",3,400,9279007,28,4,730,1879.0,0,0,200.0,200.0,23,1,0,,24
original_tuned,original,"2,4,4,4",0,400,9279008,28,4,730,4023.0,0,0,200.0,200.0,26,0,0,,22
original_tuned,original,"4,2,4,4",1,400,9279009,28,4,730,3351.0,0,0,210.0,190.0,23,0,0,,24
original_tuned,original,"4,4,2,4",2,400,9279010,28,4,730,2730.0,0,0,210.0,190.0,37,1,0,,23
original_tuned,original,"4,4,4,2",3,400,9279011,28,4,730,2831.0,0,0,200.0,200.0,33,1,0,,23
original_tuned,original,"2,4,4,4",0,400,9279012,28,4,730,2742.0,0,0,200.0,200.0,41,2,0,,21
original_tuned,original,"4,2,4,4",1,400,9279013,28,4,730,2924.0,0,0,210.0,190.0,32,2,0,,23
original_tuned,original,"4,4,2,4",2,400,9279014,28,4,730,2886.0,0,0,210.0,190.0,31,1,0,,25
original_tuned,original,"4,4,4,2",3,400,9279015,28,4,730,3351.0,0,0,190.0,210.0,22,0,0,,25
original_tuned,original,"2,4,4,4",0,400,9279016,28,4,730,2336.0,0,0,220.0,180.0,48,4,0,,25
original_tuned,original,"4,2,4,4",1,400,9279017,28,4,730,3404.0,0,0,190.0,210.0,30,0,0,,23
original_tuned,original,"4,4,2,4",2,400,9279018,28,4,730,3008.0,0,0,210.0,190.0,32,1,0,,25
original_tuned,original,"4,4,4,2",3,400,9279019,28,4,730,3416.0,0,0,200.0,200.0,37,0,0,,21
original_tuned,original,"4,2,4,4",1,400,9279021,28,4,730,2512.0,0,0,220.0,180.0,38,1,0,,26
original_tuned,original,"2,4,4,4",0,400,9279020,28,4,730,2808.0,0,0,190.0,210.0,21,1,0,,24
original_tuned,original,"4,4,2,4",2,400,9279022,28,4,730,3576.0,0,0,210.0,190.0,35,2,0,,24
original_tuned,original,"4,4,4,2",3,400,9279023,28,4,730,3663.0,0,0,210.0,190.0,38,1,0,,26
original_tuned,original,"2,4,4,4",0,400,9279024,28,4,730,3579.0,0,0,210.0,190.0,35,1,0,,28
original_tuned,original,"4,2,4,4",1,400,9279025,28,4,730,3302.0,0,0,210.0,190.0,26,1,0,,26
original_tuned,original,"4,4,2,4",2,400,9279026,28,4,730,3499.0,0,0,200.0,200.0,27,1,0,,24
original_tuned,original,"4,4,4,2",3,400,9279027,28,4,730,2836.0,0,0,190.0,210.0,27,0,0,,25
original_tuned,original,"2,4,4,4",0,400,9279028,28,4,730,2842.0,0,0,190.0,210.0,25,0,0,,23
original_tuned,original,"4,2,4,4",1,400,9279029,28,4,730,2545.0,0,0,220.0,180.0,48,4,0,,20
original_tuned,original,"2,6,6,6",0,120,9279000,28,4,730,2555.0,0,0,120.0,0.0,0,0,0,,23
original_tuned,original,"6,2,6,6",1,120,9279001,28,4,730,3443.0,0,0,120.0,0.0,0,0,0,,21
original_tuned,original,"6,6,2,6",2,120,9279002,28,4,730,4339.0,0,0,120.0,0.0,0,0,0,,26
original_tuned,original,"6,6,6,2",3,120,9279003,28,4,730,2377.0,0,0,120.0,0.0,0,0,0,,24
original_tuned,original,"2,6,6,6",0,120,9279004,28,4,730,1853.0,0,0,120.0,0.0,0,0,0,,25
original_tuned,original,"6,2,6,6",1,120,9279005,28,4,730,972.0,0,0,110.0,10.0,0,0,0,,21
original_tuned,original,"6,6,2,6",2,120,9279006,28,4,730,3476.0,0,0,120.0,0.0,0,0,0,,20
original_tuned,original,"6,6,6,2",3,120,9279007,28,4,730,1788.0,0,0,120.0,0.0,0,0,0,,25
original_tuned,original,"2,6,6,6",0,120,9279008,28,4,730,3844.0,0,0,120.0,0.0,0,0,0,,26
original_tuned,original,"6,2,6,6",1,120,9279009,28,4,730,2342.0,0,0,120.0,0.0,0,0,0,,19
original_tuned,original,"6,6,2,6",2,120,9279010,28,4,730,3275.0,0,0,120.0,0.0,0,0,0,,24
original_tuned,original,"6,6,6,2",3,120,9279011,28,4,730,1702.0,0,0,120.0,0.0,0,0,0,,21
original_tuned,original,"2,6,6,6",0,120,9279012,28,4,730,944.0,0,0,120.0,0.0,0,0,0,,22
original_tuned,original,"6,2,6,6",1,120,9279013,28,4,730,2397.0,0,0,120.0,0.0,0,0,0,,22
original_tuned,original,"6,6,6,2",3,120,9279015,28,4,730,827.0,0,0,120.0,0.0,0,0,0,,21
original_tuned,original,"6,6,2,6",2,120,9279014,28,4,730,927.0,0,0,120.0,0.0,0,0,0,,25
original_tuned,original,"2,6,6,6",0,120,9279016,28,4,730,2255.0,0,0,120.0,0.0,0,0,0,,22
original_tuned,original,"6,2,6,6",1,120,9279017,28,4,730,3594.0,0,0,120.0,0.0,0,0,0,,21
original_tuned,original,"6,6,2,6",2,120,9279018,28,4,730,1988.0,0,0,120.0,0.0,0,0,0,,21
original_tuned,original,"6,6,6,2",3,120,9279019,28,4,730,1329.0,0,0,120.0,0.0,0,0,0,,22
original_tuned,original,"2,6,6,6",0,120,9279020,28,4,730,2965.0,0,0,120.0,0.0,0,0,0,,20
original_tuned,original,"6,6,2,6",2,120,9279022,28,4,730,2703.0,0,0,120.0,0.0,0,0,0,,21
original_tuned,original,"6,2,6,6",1,120,9279021,28,4,730,1286.0,0,0,120.0,0.0,0,0,0,,24
original_tuned,original,"6,6,6,2",3,120,9279023,28,4,730,1962.0,0,0,120.0,0.0,0,0,0,,20
original_tuned,original,"2,6,6,6",0,120,9279024,28,4,730,2744.0,0,0,120.0,0.0,0,0,0,,23
original_tuned,original,"6,2,6,6",1,120,9279025,28,4,730,1013.0,0,0,120.0,0.0,0,0,0,,25
original_tuned,original,"6,6,6,2",3,120,9279027,28,4,730,3474.0,0,0,120.0,0.0,0,0,0,,19
original_tuned,original,"6,6,2,6",2,120,9279026,28,4,730,3383.0,0,0,120.0,0.0,0,0,0,,18
original_tuned,original,"2,6,6,6",0,120,9279028,28,4,730,2391.0,0,0,120.0,0.0,0,0,0,,26
original_tuned,original,"6,2,6,6",1,120,9279029,28,4,730,3458.0,0,0,120.0,0.0,0,0,0,,23
original_tuned,original,"2,6,6,6",0,400,9279000,28,4,730,807.0,0,0,170.0,230.0,16,0,0,,25
original_tuned,original,"6,2,6,6",1,400,9279001,28,4,730,484.0,0,0,170.0,230.0,22,1,0,,25
original_tuned,original,"6,6,2,6",2,400,9279002,28,4,730,228.0,0,0,190.0,210.0,21,1,0,,27
original_tuned,original,"6,6,6,2",3,400,9279003,28,4,730,77.0,0,0,160.0,240.0,14,2,0,,21
original_tuned,original,"2,6,6,6",0,400,9279004,28,4,730,321.0,0,0,180.0,220.0,15,0,0,,22
original_tuned,original,"6,2,6,6",1,400,9279005,28,4,730,0.0,0,0,160.0,240.0,10,0,0,,21
original_tuned,original,"6,6,2,6",2,400,9279006,28,4,730,210.0,0,0,170.0,230.0,17,0,0,,23
original_tuned,original,"6,6,6,2",3,400,9279007,28,4,730,366.0,0,0,180.0,220.0,16,1,0,,22
original_tuned,original,"6,2,6,6",1,400,9279009,28,4,730,0.0,0,0,140.0,260.0,6,0,0,,24
original_tuned,original,"2,6,6,6",0,400,9279008,28,4,730,130.0,0,0,190.0,210.0,19,1,0,,24
original_tuned,original,"6,6,2,6",2,400,9279010,28,4,730,0.0,0,0,170.0,230.0,11,0,0,,22
original_tuned,original,"6,6,6,2",3,400,9279011,28,4,730,15.0,0,0,140.0,260.0,8,0,0,,24
original_tuned,original,"2,6,6,6",0,400,9279012,28,4,730,221.0,0,0,170.0,230.0,18,1,0,,25
original_tuned,original,"6,2,6,6",1,400,9279013,28,4,730,34.0,0,0,140.0,260.0,8,0,0,,21
original_tuned,original,"6,6,2,6",2,400,9279014,28,4,730,265.0,0,0,170.0,230.0,13,0,0,,24
original_tuned,original,"6,6,6,2",3,400,9279015,28,4,730,97.0,0,0,160.0,240.0,13,0,0,,25
original_tuned,original,"2,6,6,6",0,400,9279016,28,4,730,0.0,0,0,140.0,260.0,5,0,0,,24
original_tuned,original,"6,2,6,6",1,400,9279017,28,4,730,192.0,0,0,170.0,230.0,14,0,0,,21
original_tuned,original,"6,6,2,6",2,400,9279018,28,4,730,21.0,0,0,190.0,210.0,17,0,0,,24
original_tuned,original,"6,6,6,2",3,400,9279019,28,4,730,0.0,0,0,160.0,240.0,7,1,0,,22
original_tuned,original,"2,6,6,6",0,400,9279020,28,4,730,0.0,0,0,140.0,260.0,5,0,0,,24
original_tuned,original,"6,2,6,6",1,400,9279021,28,4,730,513.0,0,0,180.0,220.0,24,0,0,,24
original_tuned,original,"6,6,2,6",2,400,9279022,28,4,730,34.0,0,0,140.0,260.0,5,0,0,,23
original_tuned,original,"6,6,6,2",3,400,9279023,28,4,730,686.0,0,0,180.0,220.0,19,0,0,,23
original_tuned,original,"2,6,6,6",0,400,9279024,28,4,730,37.0,0,0,170.0,230.0,12,0,0,,26
original_tuned,original,"6,6,2,6",2,400,9279026,28,4,730,283.0,0,0,180.0,220.0,17,1,0,,23
original_tuned,original,"6,2,6,6",1,400,9279025,28,4,730,48.0,0,0,140.0,260.0,5,1,0,,24
original_tuned,original,"6,6,6,2",3,400,9279027,28,4,730,50.0,0,0,180.0,220.0,9,0,0,,25
original_tuned,original,"2,6,6,6",0,400,9279028,28,4,730,33.0,0,0,160.0,240.0,12,0,0,,22
original_tuned,original,"6,2,6,6",1,400,9279029,28,4,730,426.0,0,0,170.0,230.0,18,1,0,,24
original_tuned,original,"2,7,7,7",0,120,9279000,28,4,730,1397.0,0,0,120.0,0.0,0,0,0,,22
original_tuned,original,"7,7,2,7",2,120,9279002,28,4,730,466.0,0,0,120.0,0.0,0,0,0,,26
original_tuned,original,"7,2,7,7",1,120,9279001,28,4,730,1279.0,0,0,120.0,0.0,0,0,0,,19
original_tuned,original,"7,7,7,2",3,120,9279003,28,4,730,857.0,0,0,120.0,0.0,0,0,0,,22
original_tuned,original,"2,7,7,7",0,120,9279004,28,4,730,1758.0,0,0,120.0,0.0,0,0,0,,26
original_tuned,original,"7,2,7,7",1,120,9279005,28,4,730,1351.0,0,0,120.0,0.0,0,0,0,,22
original_tuned,original,"7,7,2,7",2,120,9279006,28,4,730,1630.0,0,0,120.0,0.0,0,0,0,,22
original_tuned,original,"7,7,7,2",3,120,9279007,28,4,730,1843.0,0,0,120.0,0.0,0,0,0,,23
original_tuned,original,"2,7,7,7",0,120,9279008,28,4,730,520.0,0,0,120.0,0.0,0,0,0,,26
original_tuned,original,"7,2,7,7",1,120,9279009,28,4,730,1170.0,0,0,120.0,0.0,0,0,0,,19
original_tuned,original,"7,7,2,7",2,120,9279010,28,4,730,1165.0,0,0,120.0,0.0,0,0,0,,23
original_tuned,original,"2,7,7,7",0,120,9279012,28,4,730,1440.0,0,0,120.0,0.0,0,0,0,,21
original_tuned,original,"7,7,7,2",3,120,9279011,28,4,730,300.0,0,0,120.0,0.0,0,0,0,,25
original_tuned,original,"7,2,7,7",1,120,9279013,28,4,730,895.0,0,0,120.0,0.0,0,0,0,,21
original_tuned,original,"7,7,2,7",2,120,9279014,28,4,730,120.0,0,0,120.0,0.0,0,0,0,,25
original_tuned,original,"7,7,7,2",3,120,9279015,28,4,730,1032.0,0,0,120.0,0.0,0,0,0,,21
original_tuned,original,"2,7,7,7",0,120,9279016,28,4,730,574.0,0,0,120.0,0.0,0,0,0,,22
original_tuned,original,"7,2,7,7",1,120,9279017,28,4,730,647.0,0,0,120.0,0.0,0,0,0,,21
original_tuned,original,"7,7,2,7",2,120,9279018,28,4,730,1477.0,0,0,120.0,0.0,0,0,0,,22
original_tuned,original,"7,7,7,2",3,120,9279019,28,4,730,894.0,0,0,120.0,0.0,0,0,0,,22
original_tuned,original,"2,7,7,7",0,120,9279020,28,4,730,321.0,0,0,120.0,0.0,0,0,0,,25
original_tuned,original,"7,2,7,7",1,120,9279021,28,4,730,1084.0,0,0,120.0,0.0,0,0,0,,23
original_tuned,original,"7,7,2,7",2,120,9279022,28,4,730,123.0,0,0,120.0,0.0,0,0,0,,26
original_tuned,original,"7,7,7,2",3,120,9279023,28,4,730,204.0,0,0,120.0,0.0,0,0,0,,26
original_tuned,original,"2,7,7,7",0,120,9279024,28,4,730,54.0,0,0,120.0,0.0,0,0,0,,26
original_tuned,original,"7,2,7,7",1,120,9279025,28,4,730,415.0,0,0,120.0,0.0,0,0,0,,22
original_tuned,original,"7,7,2,7",2,120,9279026,28,4,730,149.0,0,0,120.0,0.0,0,0,0,,25
original_tuned,original,"7,7,7,2",3,120,9279027,28,4,730,464.0,0,0,120.0,0.0,0,0,0,,26
original_tuned,original,"2,7,7,7",0,120,9279028,28,4,730,1784.0,0,0,120.0,0.0,0,0,0,,27
original_tuned,original,"7,2,7,7",1,120,9279029,28,4,730,470.0,0,0,120.0,0.0,0,0,0,,22
original_tuned,original,"2,7,7,7",0,400,9279000,28,4,730,673.0,0,0,400.0,0.0,19,0,0,,21
original_tuned,original,"7,2,7,7",1,400,9279001,28,4,730,104.0,0,0,400.0,0.0,18,1,0,,25
original_tuned,original,"7,7,2,7",2,400,9279002,28,4,730,425.0,0,0,400.0,0.0,23,0,0,,26
original_tuned,original,"7,7,7,2",3,400,9279003,28,4,730,191.0,0,0,400.0,0.0,18,0,0,,21
original_tuned,original,"2,7,7,7",0,400,9279004,28,4,730,576.0,0,0,400.0,0.0,19,0,0,,23
original_tuned,original,"7,2,7,7",1,400,9279005,28,4,730,264.0,0,0,400.0,0.0,18,0,0,,28
original_tuned,original,"7,7,2,7",2,400,9279006,28,4,730,34.0,0,0,400.0,0.0,8,0,0,,23
original_tuned,original,"7,7,7,2",3,400,9279007,28,4,730,272.0,0,0,400.0,0.0,17,0,0,,19
original_tuned,original,"2,7,7,7",0,400,9279008,28,4,730,501.0,0,0,400.0,0.0,11,0,0,,27
original_tuned,original,"7,2,7,7",1,400,9279009,28,4,730,194.0,0,0,400.0,0.0,14,0,0,,25
original_tuned,original,"7,7,2,7",2,400,9279010,28,4,730,625.0,0,0,400.0,0.0,14,0,0,,24
original_tuned,original,"7,7,7,2",3,400,9279011,28,4,730,90.0,0,0,400.0,0.0,11,0,0,,20
original_tuned,original,"2,7,7,7",0,400,9279012,28,4,730,591.0,0,0,400.0,0.0,15,0,0,,23
original_tuned,original,"7,2,7,7",1,400,9279013,28,4,730,185.0,0,0,400.0,0.0,12,0,0,,19
original_tuned,original,"7,7,2,7",2,400,9279014,28,4,730,382.0,0,0,400.0,0.0,15,1,0,,21
original_tuned,original,"7,7,7,2",3,400,9279015,28,4,730,601.0,0,0,400.0,0.0,16,1,0,,26
original_tuned,original,"2,7,7,7",0,400,9279016,28,4,730,254.0,0,0,400.0,0.0,14,0,0,,25
original_tuned,original,"7,2,7,7",1,400,9279017,28,4,730,221.0,0,0,400.0,0.0,9,0,0,,24
original_tuned,original,"7,7,2,7",2,400,9279018,28,4,730,233.0,0,0,400.0,0.0,12,0,0,,23
original_tuned,original,"7,7,7,2",3,400,9279019,28,4,730,236.0,0,0,400.0,0.0,9,0,0,,26
original_tuned,original,"2,7,7,7",0,400,9279020,28,4,730,77.0,0,0,400.0,0.0,8,0,0,,27
original_tuned,original,"7,2,7,7",1,400,9279021,28,4,730,749.0,0,0,400.0,0.0,17,1,0,,27
original_tuned,original,"7,7,2,7",2,400,9279022,28,4,730,252.0,0,0,400.0,0.0,9,0,0,,21
original_tuned,original,"7,7,7,2",3,400,9279023,28,4,730,152.0,0,0,400.0,0.0,12,0,0,,18
original_tuned,original,"2,7,7,7",0,400,9279024,28,4,730,303.0,0,0,400.0,0.0,14,0,0,,20
original_tuned,original,"7,2,7,7",1,400,9279025,28,4,730,138.0,0,0,400.0,0.0,15,1,0,,22
original_tuned,original,"7,7,2,7",2,400,9279026,28,4,730,142.0,0,0,400.0,0.0,14,0,0,,24
original_tuned,original,"7,7,7,2",3,400,9279027,28,4,730,219.0,0,0,400.0,0.0,12,0,0,,26
original_tuned,original,"2,7,7,7",0,400,9279028,28,4,730,356.0,0,0,400.0,0.0,17,0,0,,23
original_tuned,original,"7,2,7,7",1,400,9279029,28,4,730,307.0,0,0,400.0,0.0,10,0,0,,25
original_tuned,original,"2,8,8,8",0,120,9279000,28,4,730,3249.0,0,0,120.0,0.0,0,0,0,,23
original_tuned,original,"8,2,8,8",1,120,9279001,28,4,730,2355.0,0,0,120.0,0.0,0,0,0,,23
original_tuned,original,"8,8,2,8",2,120,9279002,28,4,730,2191.0,0,0,120.0,0.0,0,0,0,,26
original_tuned,original,"8,8,8,2",3,120,9279003,28,4,730,3368.0,0,0,120.0,0.0,0,0,0,,25
original_tuned,original,"2,8,8,8",0,120,9279004,28,4,730,2358.0,0,0,120.0,0.0,0,0,0,,26
original_tuned,original,"8,2,8,8",1,120,9279005,28,4,730,2491.0,0,0,120.0,0.0,0,0,0,,26
original_tuned,original,"8,8,2,8",2,120,9279006,28,4,730,3564.0,0,0,120.0,0.0,0,0,0,,23
original_tuned,original,"8,8,8,2",3,120,9279007,28,4,730,1875.0,0,0,120.0,0.0,0,0,0,,20
original_tuned,original,"2,8,8,8",0,120,9279008,28,4,730,2386.0,0,0,120.0,0.0,0,0,0,,25
original_tuned,original,"8,2,8,8",1,120,9279009,28,4,730,2246.0,0,0,120.0,0.0,0,0,0,,19
original_tuned,original,"8,8,2,8",2,120,9279010,28,4,730,1805.0,0,0,120.0,0.0,0,0,0,,22
original_tuned,original,"8,8,8,2",3,120,9279011,28,4,730,1224.0,0,0,120.0,0.0,0,0,0,,26
original_tuned,original,"2,8,8,8",0,120,9279012,28,4,730,2906.0,0,0,120.0,0.0,0,0,0,,25
original_tuned,original,"8,2,8,8",1,120,9279013,28,4,730,3330.0,0,0,120.0,0.0,0,0,0,,26
original_tuned,original,"8,8,2,8",2,120,9279014,28,4,730,1641.0,0,0,120.0,0.0,0,0,0,,20
original_tuned,original,"8,8,8,2",3,120,9279015,28,4,730,2119.0,0,0,120.0,0.0,0,0,0,,20
original_tuned,original,"8,2,8,8",1,120,9279017,28,4,730,2135.0,0,0,120.0,0.0,0,0,0,,25
original_tuned,original,"2,8,8,8",0,120,9279016,28,4,730,1689.0,0,0,120.0,0.0,0,0,0,,21
original_tuned,original,"8,8,2,8",2,120,9279018,28,4,730,2517.0,0,0,120.0,0.0,0,0,0,,24
original_tuned,original,"8,8,8,2",3,120,9279019,28,4,730,3489.0,0,0,120.0,0.0,0,0,0,,26
original_tuned,original,"2,8,8,8",0,120,9279020,28,4,730,3048.0,0,0,120.0,0.0,0,0,0,,24
original_tuned,original,"8,2,8,8",1,120,9279021,28,4,730,2296.0,0,0,120.0,0.0,0,0,0,,23
original_tuned,original,"8,8,2,8",2,120,9279022,28,4,730,2393.0,0,0,120.0,0.0,0,0,0,,22
original_tuned,original,"8,8,8,2",3,120,9279023,28,4,730,2118.0,0,0,120.0,0.0,0,0,0,,26
original_tuned,original,"2,8,8,8",0,120,9279024,28,4,730,1383.0,0,0,120.0,0.0,0,0,0,,20
original_tuned,original,"8,2,8,8",1,120,9279025,28,4,730,1644.0,0,0,120.0,0.0,0,0,0,,21
original_tuned,original,"8,8,2,8",2,120,9279026,28,4,730,1958.0,0,0,120.0,0.0,0,0,0,,24
original_tuned,original,"8,8,8,2",3,120,9279027,28,4,730,1572.0,0,0,120.0,0.0,0,0,0,,25
original_tuned,original,"2,8,8,8",0,120,9279028,28,4,730,2878.0,0,0,120.0,0.0,0,0,0,,25
original_tuned,original,"8,2,8,8",1,120,9279029,28,4,730,1682.0,0,0,120.0,0.0,0,0,0,,27
original_tuned,original,"2,8,8,8",0,400,9279000,28,4,730,758.0,0,0,370.0,30.0,16,1,0,,25
original_tuned,original,"8,2,8,8",1,400,9279001,28,4,730,691.0,0,0,370.0,30.0,19,3,0,,25
original_tuned,original,"8,8,2,8",2,400,9279002,28,4,730,679.0,0,0,370.0,30.0,13,0,0,,25
original_tuned,original,"8,8,8,2",3,400,9279003,28,4,730,1219.0,0,0,370.0,30.0,12,1,0,,23
original_tuned,original,"2,8,8,8",0,400,9279004,28,4,730,898.0,0,0,380.0,20.0,17,1,0,,28
original_tuned,original,"8,2,8,8",1,400,9279005,28,4,730,445.0,0,0,370.0,30.0,23,2,0,,24
original_tuned,original,"8,8,2,8",2,400,9279006,28,4,730,830.0,0,0,370.0,30.0,13,0,0,,26
original_tuned,original,"8,8,8,2",3,400,9279007,28,4,730,1073.0,0,0,370.0,30.0,18,1,0,,24
original_tuned,original,"2,8,8,8",0,400,9279008,28,4,730,528.0,0,0,370.0,30.0,18,0,0,,23
original_tuned,original,"8,8,2,8",2,400,9279010,28,4,730,550.0,0,0,370.0,30.0,18,1,0,,21
original_tuned,original,"8,2,8,8",1,400,9279009,28,4,730,490.0,0,0,370.0,30.0,17,0,0,,25
original_tuned,original,"8,8,8,2",3,400,9279011,28,4,730,86.0,0,0,370.0,30.0,10,0,0,,23
original_tuned,original,"2,8,8,8",0,400,9279012,28,4,730,415.0,0,0,370.0,30.0,18,0,0,,27
original_tuned,original,"8,2,8,8",1,400,9279013,28,4,730,546.0,0,0,370.0,30.0,12,0,0,,23
original_tuned,original,"8,8,2,8",2,400,9279014,28,4,730,323.0,0,0,370.0,30.0,16,1,0,,25
original_tuned,original,"8,8,8,2",3,400,9279015,28,4,730,299.0,0,0,370.0,30.0,13,0,0,,25
original_tuned,original,"2,8,8,8",0,400,9279016,28,4,730,143.0,0,0,370.0,30.0,10,0,0,,25
original_tuned,original,"8,2,8,8",1,400,9279017,28,4,730,732.0,0,0,370.0,30.0,17,0,0,,23
original_tuned,original,"8,8,2,8",2,400,9279018,28,4,730,298.0,0,0,370.0,30.0,11,0,0,,24
original_tuned,original,"8,8,8,2",3,400,9279019,28,4,730,991.0,0,0,370.0,30.0,18,1,0,,26
original_tuned,original,"2,8,8,8",0,400,9279020,28,4,730,721.0,0,0,370.0,30.0,17,1,0,,23
original_tuned,original,"8,2,8,8",1,400,9279021,28,4,730,915.0,0,0,370.0,30.0,17,1,0,,26
original_tuned,original,"8,8,2,8",2,400,9279022,28,4,730,161.0,0,0,370.0,30.0,15,0,0,,24
original_tuned,original,"8,8,8,2",3,400,9279023,28,4,730,628.0,0,0,370.0,30.0,16,0,0,,27
original_tuned,original,"2,8,8,8",0,400,9279024,28,4,730,436.0,0,0,370.0,30.0,17,0,0,,21
original_tuned,original,"8,2,8,8",1,400,9279025,28,4,730,577.0,0,0,380.0,20.0,18,1,0,,28
original_tuned,original,"8,8,2,8",2,400,9279026,28,4,730,920.0,0,0,370.0,30.0,13,0,0,,27
original_tuned,original,"8,8,8,2",3,400,9279027,28,4,730,584.0,0,0,370.0,30.0,17,0,0,,27
original_tuned,original,"2,8,8,8",0,400,9279028,28,4,730,256.0,0,0,370.0,30.0,14,2,0,,26
original_tuned,original,"8,2,8,8",1,400,9279029,28,4,730,801.0,0,0,370.0,30.0,16,2,0,,23
original_tuned,original,"2,9,9,9",0,120,9279000,28,4,730,1314526.0,20,88,120.0,0.0,0,0,0,,1
original_tuned,original,"9,2,9,9",1,120,9279001,28,4,730,2688841.0,41,169,120.0,0.0,0,0,0,,1
original_tuned,original,"9,9,2,9",2,120,9279002,28,4,730,1577634.0,24,93,120.0,0.0,0,0,0,,1
original_tuned,original,"9,9,9,2",3,120,9279003,28,4,730,1511278.0,23,82,120.0,0.0,0,0,0,,4
original_tuned,original,"2,9,9,9",0,120,9279004,28,4,730,2034891.0,31,127,120.0,0.0,0,0,0,,1
original_tuned,original,"9,2,9,9",1,120,9279005,28,4,730,1576445.0,24,111,120.0,0.0,0,0,0,,0
original_tuned,original,"9,9,2,9",2,120,9279006,28,4,730,1969060.0,30,123,120.0,0.0,0,0,0,,1
original_tuned,original,"9,9,9,2",3,120,9279007,28,4,730,1969317.0,30,135,120.0,0.0,0,0,0,,1
original_tuned,original,"2,9,9,9",0,120,9279008,28,4,730,3540012.0,54,213,120.0,0.0,0,0,0,,1
original_tuned,original,"9,2,9,9",1,120,9279009,28,4,730,1118663.0,17,54,120.0,0.0,0,0,0,,3
original_tuned,original,"9,9,2,9",2,120,9279010,28,4,730,1838743.0,28,98,120.0,0.0,0,0,0,,1
original_tuned,original,"9,9,9,2",3,120,9279011,28,4,730,1380943.0,21,102,120.0,0.0,0,0,0,,1
original_tuned,original,"2,9,9,9",0,120,9279012,28,4,730,2101655.0,32,119,120.0,0.0,0,0,0,,0
original_tuned,original,"9,2,9,9",1,120,9279013,28,4,730,3146851.0,48,187,120.0,0.0,0,0,0,,1
original_tuned,original,"9,9,2,9",2,120,9279014,28,4,730,2690388.0,41,165,120.0,0.0,0,0,0,,1
original_tuned,original,"9,9,9,2",3,120,9279015,28,4,730,1379968.0,21,84,120.0,0.0,0,0,0,,1
original_tuned,original,"2,9,9,9",0,120,9279016,28,4,730,2100673.0,32,110,120.0,0.0,0,0,0,,1
original_tuned,original,"9,2,9,9",1,120,9279017,28,4,730,1511497.0,23,112,120.0,0.0,0,0,0,,2
original_tuned,original,"9,9,2,9",2,120,9279018,28,4,730,1707729.0,26,85,120.0,0.0,0,0,0,,1
original_tuned,original,"9,9,9,2",3,120,9279019,28,4,730,1838682.0,28,110,120.0,0.0,0,0,0,,1
original_tuned,original,"2,9,9,9",0,120,9279020,28,4,730,2625204.0,40,166,120.0,0.0,0,0,0,,1
original_tuned,original,"9,2,9,9",1,120,9279021,28,4,730,1511310.0,23,97,120.0,0.0,0,0,0,,1
original_tuned,original,"9,9,2,9",2,120,9279022,28,4,730,1576727.0,24,107,120.0,0.0,0,0,0,,1
original_tuned,original,"9,9,9,2",3,120,9279023,28,4,730,1903558.0,29,122,120.0,0.0,0,0,0,,1
original_tuned,original,"2,9,9,9",0,120,9279024,28,4,730,3214528.0,49,172,120.0,0.0,0,0,0,,1
original_tuned,original,"9,2,9,9",1,120,9279025,28,4,730,1707857.0,26,109,120.0,0.0,0,0,0,,1
original_tuned,original,"9,9,2,9",2,120,9279026,28,4,730,2494763.0,38,145,120.0,0.0,0,0,0,,1
original_tuned,original,"9,9,9,2",3,120,9279027,28,4,730,1315004.0,20,88,120.0,0.0,0,0,0,,1
original_tuned,original,"2,9,9,9",0,120,9279028,28,4,730,2622804.0,40,153,120.0,0.0,0,0,0,,1
original_tuned,original,"9,2,9,9",1,120,9279029,28,4,730,2035320.0,31,126,120.0,0.0,0,0,0,,1
original_tuned,original,"2,9,9,9",0,400,9279000,28,4,730,1271.0,0,0,400.0,0.0,8,0,0,,25
original_tuned,original,"9,2,9,9",1,400,9279001,28,4,730,1471.0,0,0,400.0,0.0,14,0,0,,28
original_tuned,original,"9,9,2,9",2,400,9279002,28,4,730,1645.0,0,0,400.0,0.0,8,0,0,,27
original_tuned,original,"9,9,9,2",3,400,9279003,28,4,730,1780.0,0,0,400.0,0.0,6,0,0,,23
original_tuned,original,"2,9,9,9",0,400,9279004,28,4,730,1142.0,0,0,400.0,0.0,11,1,0,,26
original_tuned,original,"9,2,9,9",1,400,9279005,28,4,730,837.0,0,0,400.0,0.0,20,1,0,,26
original_tuned,original,"9,9,2,9",2,400,9279006,28,4,730,1161.0,0,0,400.0,0.0,8,1,0,,28
original_tuned,original,"9,9,9,2",3,400,9279007,28,4,730,1556.0,0,0,400.0,0.0,11,0,0,,22
original_tuned,original,"2,9,9,9",0,400,9279008,28,4,730,991.0,0,0,400.0,0.0,20,0,0,,25
original_tuned,original,"9,2,9,9",1,400,9279009,28,4,730,1711.0,0,0,400.0,0.0,12,1,0,,28
original_tuned,original,"9,9,2,9",2,400,9279010,28,4,730,1452.0,0,0,400.0,0.0,11,0,0,,24
original_tuned,original,"9,9,9,2",3,400,9279011,28,4,730,1418.0,0,0,400.0,0.0,9,0,0,,28
original_tuned,original,"2,9,9,9",0,400,9279012,28,4,730,1300.0,0,0,400.0,0.0,7,0,0,,28
original_tuned,original,"9,2,9,9",1,400,9279013,28,4,730,1185.0,0,0,400.0,0.0,12,0,0,,23
original_tuned,original,"9,9,2,9",2,400,9279014,28,4,730,1506.0,0,0,400.0,0.0,8,0,0,,24
original_tuned,original,"9,9,9,2",3,400,9279015,28,4,730,1132.0,0,0,400.0,0.0,7,0,0,,24
original_tuned,original,"9,2,9,9",1,400,9279017,28,4,730,1140.0,0,0,400.0,0.0,5,0,0,,28
original_tuned,original,"2,9,9,9",0,400,9279016,28,4,730,1222.0,0,0,400.0,0.0,12,0,0,,25
original_tuned,original,"9,9,2,9",2,400,9279018,28,4,730,1311.0,0,0,400.0,0.0,5,1,0,,26
original_tuned,original,"9,9,9,2",3,400,9279019,28,4,730,1581.0,0,0,390.0,10.0,10,0,0,,22
original_tuned,original,"2,9,9,9",0,400,9279020,28,4,730,1670.0,0,0,400.0,0.0,5,0,0,,26
original_tuned,original,"9,2,9,9",1,400,9279021,28,4,730,1752.0,0,0,400.0,0.0,5,0,0,,26
original_tuned,original,"9,9,2,9",2,400,9279022,28,4,730,1582.0,0,0,390.0,10.0,7,0,0,,25
original_tuned,original,"9,9,9,2",3,400,9279023,28,4,730,1293.0,0,0,400.0,0.0,5,1,0,,27
original_tuned,original,"2,9,9,9",0,400,9279024,28,4,730,1383.0,0,0,400.0,0.0,18,0,0,,24
original_tuned,original,"9,2,9,9",1,400,9279025,28,4,730,1656.0,0,0,400.0,0.0,6,0,0,,25
original_tuned,original,"9,9,2,9",2,400,9279026,28,4,730,1731.0,0,0,400.0,0.0,7,0,0,,25
original_tuned,original,"9,9,9,2",3,400,9279027,28,4,730,1176.0,0,0,390.0,10.0,14,0,0,,25
original_tuned,original,"2,9,9,9",0,400,9279028,28,4,730,1619.0,0,0,400.0,0.0,6,0,0,,27
original_tuned,original,"9,2,9,9",1,400,9279029,28,4,730,1373.0,0,0,400.0,0.0,6,0,0,,20
original_tuned,original,"2,10,10,10",0,120,9279000,28,4,730,1540.0,0,0,120.0,0.0,0,0,0,,26
original_tuned,original,"10,2,10,10",1,120,9279001,28,4,730,3040.0,0,0,120.0,0.0,0,0,0,,19
original_tuned,original,"10,10,2,10",2,120,9279002,28,4,730,1382.0,0,0,120.0,0.0,0,0,0,,19
original_tuned,original,"10,10,10,2",3,120,9279003,28,4,730,2378.0,0,0,120.0,0.0,0,0,0,,22
original_tuned,original,"2,10,10,10",0,120,9279004,28,4,730,1653.0,0,0,120.0,0.0,0,0,0,,24
original_tuned,original,"10,2,10,10",1,120,9279005,28,4,730,2827.0,0,0,120.0,0.0,0,0,0,,22
original_tuned,original,"10,10,2,10",2,120,9279006,28,4,730,2760.0,0,0,120.0,0.0,0,0,0,,24
original_tuned,original,"10,10,10,2",3,120,9279007,28,4,730,2573.0,0,0,120.0,0.0,0,0,0,,22
original_tuned,original,"2,10,10,10",0,120,9279008,28,4,730,1953.0,0,0,120.0,0.0,0,0,0,,22
original_tuned,original,"10,2,10,10",1,120,9279009,28,4,730,2473.0,0,0,120.0,0.0,0,0,0,,22
original_tuned,original,"10,10,2,10",2,120,9279010,28,4,730,2072.0,0,0,120.0,0.0,0,0,0,,20
original_tuned,original,"10,10,10,2",3,120,9279011,28,4,730,2272.0,0,0,120.0,0.0,0,0,0,,26
original_tuned,original,"2,10,10,10",0,120,9279012,28,4,730,2402.0,0,0,120.0,0.0,0,0,0,,22
original_tuned,original,"10,2,10,10",1,120,9279013,28,4,730,1410.0,0,0,120.0,0.0,0,0,0,,21
original_tuned,original,"10,10,2,10",2,120,9279014,28,4,730,1649.0,0,0,120.0,0.0,0,0,0,,21
original_tuned,original,"10,10,10,2",3,120,9279015,28,4,730,3276.0,0,0,120.0,0.0,0,0,0,,25
original_tuned,original,"10,2,10,10",1,120,9279017,28,4,730,2043.0,0,0,120.0,0.0,0,0,0,,24
original_tuned,original,"2,10,10,10",0,120,9279016,28,4,730,2013.0,0,0,120.0,0.0,0,0,0,,19
original_tuned,original,"10,10,2,10",2,120,9279018,28,4,730,3217.0,0,0,120.0,0.0,0,0,0,,24
original_tuned,original,"10,10,10,2",3,120,9279019,28,4,730,2185.0,0,0,120.0,0.0,0,0,0,,28
original_tuned,original,"2,10,10,10",0,120,9279020,28,4,730,2851.0,0,0,120.0,0.0,0,0,0,,22
original_tuned,original,"10,2,10,10",1,120,9279021,28,4,730,2146.0,0,0,120.0,0.0,0,0,0,,24
original_tuned,original,"10,10,2,10",2,120,9279022,28,4,730,2468.0,0,0,120.0,0.0,0,0,0,,24
original_tuned,original,"10,10,10,2",3,120,9279023,28,4,730,2025.0,0,0,120.0,0.0,0,0,0,,22
original_tuned,original,"2,10,10,10",0,120,9279024,28,4,730,1090.0,0,0,120.0,0.0,0,0,0,,23
original_tuned,original,"10,2,10,10",1,120,9279025,28,4,730,3833.0,0,0,120.0,0.0,0,0,0,,24
original_tuned,original,"10,10,2,10",2,120,9279026,28,4,730,1691.0,0,0,120.0,0.0,0,0,0,,22
original_tuned,original,"10,10,10,2",3,120,9279027,28,4,730,2420.0,0,0,120.0,0.0,0,0,0,,25
original_tuned,original,"2,10,10,10",0,120,9279028,28,4,730,2681.0,0,0,120.0,0.0,0,0,0,,22
original_tuned,original,"10,2,10,10",1,120,9279029,28,4,730,2301.0,0,0,120.0,0.0,0,0,0,,21
original_tuned,original,"2,10,10,10",0,400,9279000,28,4,730,335.0,0,0,400.0,0.0,13,0,0,,20
original_tuned,original,"10,2,10,10",1,400,9279001,28,4,730,227.0,0,0,400.0,0.0,16,1,0,,20
original_tuned,original,"10,10,2,10",2,400,9279002,28,4,730,327.0,0,0,400.0,0.0,16,1,0,,26
original_tuned,original,"10,10,10,2",3,400,9279003,28,4,730,319.0,0,0,400.0,0.0,12,0,0,,27
original_tuned,original,"2,10,10,10",0,400,9279004,28,4,730,240.0,0,0,400.0,0.0,10,0,0,,22
original_tuned,original,"10,2,10,10",1,400,9279005,28,4,730,349.0,0,0,400.0,0.0,7,0,0,,28
original_tuned,original,"10,10,2,10",2,400,9279006,28,4,730,333.0,0,0,400.0,0.0,13,0,0,,23
original_tuned,original,"10,10,10,2",3,400,9279007,28,4,730,564.0,0,0,400.0,0.0,9,0,0,,27
original_tuned,original,"2,10,10,10",0,400,9279008,28,4,730,431.0,0,0,400.0,0.0,9,0,0,,28
original_tuned,original,"10,2,10,10",1,400,9279009,28,4,730,253.0,0,0,400.0,0.0,14,1,0,,25
original_tuned,original,"10,10,10,2",3,400,9279011,28,4,730,342.0,0,0,400.0,0.0,12,0,0,,27
original_tuned,original,"10,10,2,10",2,400,9279010,28,4,730,419.0,0,0,400.0,0.0,6,0,0,,23
original_tuned,original,"2,10,10,10",0,400,9279012,28,4,730,269.0,0,0,400.0,0.0,9,0,0,,28
original_tuned,original,"10,2,10,10",1,400,9279013,28,4,730,371.0,0,0,400.0,0.0,7,0,0,,23
original_tuned,original,"10,10,2,10",2,400,9279014,28,4,730,141.0,0,0,400.0,0.0,12,0,0,,23
original_tuned,original,"10,10,10,2",3,400,9279015,28,4,730,261.0,0,0,400.0,0.0,10,0,0,,26
original_tuned,original,"2,10,10,10",0,400,9279016,28,4,730,347.0,0,0,400.0,0.0,13,0,0,,21
original_tuned,original,"10,2,10,10",1,400,9279017,28,4,730,208.0,0,0,400.0,0.0,9,0,0,,23
original_tuned,original,"10,10,2,10",2,400,9279018,28,4,730,267.0,0,0,400.0,0.0,14,0,0,,26
original_tuned,original,"10,10,10,2",3,400,9279019,28,4,730,130.0,0,0,400.0,0.0,7,0,0,,27
original_tuned,original,"2,10,10,10",0,400,9279020,28,4,730,105.0,0,0,400.0,0.0,15,0,0,,27
original_tuned,original,"10,10,2,10",2,400,9279022,28,4,730,247.0,0,0,400.0,0.0,21,1,0,,24
original_tuned,original,"10,2,10,10",1,400,9279021,28,4,730,309.0,0,0,400.0,0.0,10,0,0,,19
original_tuned,original,"10,10,10,2",3,400,9279023,28,4,730,222.0,0,0,400.0,0.0,10,0,0,,22
original_tuned,original,"2,10,10,10",0,400,9279024,28,4,730,424.0,0,0,400.0,0.0,12,1,0,,22
original_tuned,original,"10,2,10,10",1,400,9279025,28,4,730,227.0,0,0,400.0,0.0,12,0,0,,25
original_tuned,original,"10,10,2,10",2,400,9279026,28,4,730,244.0,0,0,400.0,0.0,9,0,0,,25
original_tuned,original,"10,10,10,2",3,400,9279027,28,4,730,297.0,0,0,400.0,0.0,8,0,0,,27
original_tuned,original,"2,10,10,10",0,400,9279028,28,4,730,220.0,0,0,400.0,0.0,11,0,0,,25
original_tuned,original,"10,2,10,10",1,400,9279029,28,4,730,379.0,0,0,400.0,0.0,7,0,0,,26
fixed_tuned,fixed,"1,2,3,6",1,120,9279001,28,4,730,3323.0,0,0,120.0,0.0,0,0,0,,26
fixed_tuned,fixed,"1,3,2,6",2,120,9279002,28,4,730,2990.0,0,0,120.0,0.0,0,0,0,,27
fixed_tuned,fixed,"2,1,3,6",0,120,9279000,28,4,730,2017.0,0,0,120.0,0.0,0,0,0,,25
fixed_tuned,fixed,"1,3,6,2",3,120,9279003,28,4,730,3032.0,0,0,120.0,0.0,0,0,0,,23
fixed_tuned,fixed,"2,1,3,6",0,120,9279004,28,4,730,1880.0,0,0,120.0,0.0,0,0,0,,25
fixed_tuned,fixed,"1,2,3,6",1,120,9279005,28,4,730,2004.0,0,0,120.0,0.0,0,0,0,,21
fixed_tuned,fixed,"1,3,2,6",2,120,9279006,28,4,730,2550.0,0,0,120.0,0.0,0,0,0,,26
fixed_tuned,fixed,"1,3,6,2",3,120,9279007,28,4,730,2653.0,0,0,120.0,0.0,0,0,0,,21
fixed_tuned,fixed,"2,1,3,6",0,120,9279008,28,4,730,2363.0,0,0,120.0,0.0,0,0,0,,26
fixed_tuned,fixed,"1,2,3,6",1,120,9279009,28,4,730,3644.0,0,0,120.0,0.0,0,0,0,,21
fixed_tuned,fixed,"1,3,2,6",2,120,9279010,28,4,730,3916.0,0,0,120.0,0.0,0,0,0,,25
fixed_tuned,fixed,"1,3,6,2",3,120,9279011,28,4,730,1921.0,0,0,120.0,0.0,0,0,0,,25
fixed_tuned,fixed,"2,1,3,6",0,120,9279012,28,4,730,2443.0,0,0,120.0,0.0,0,0,0,,20
fixed_tuned,fixed,"1,2,3,6",1,120,9279013,28,4,730,2165.0,0,0,120.0,0.0,0,0,0,,21
fixed_tuned,fixed,"1,3,2,6",2,120,9279014,28,4,730,1950.0,0,0,120.0,0.0,0,0,0,,22
fixed_tuned,fixed,"1,3,6,2",3,120,9279015,28,4,730,2913.0,0,0,120.0,0.0,0,0,0,,23
fixed_tuned,fixed,"1,2,3,6",1,120,9279017,28,4,730,1365.0,0,0,120.0,0.0,0,0,0,,23
fixed_tuned,fixed,"2,1,3,6",0,120,9279016,28,4,730,2864.0,0,0,120.0,0.0,0,0,0,,22
fixed_tuned,fixed,"1,3,6,2",3,120,9279019,28,4,730,3535.0,0,0,120.0,0.0,0,0,0,,23
fixed_tuned,fixed,"1,3,2,6",2,120,9279018,28,4,730,2132.0,0,0,120.0,0.0,0,0,0,,19
fixed_tuned,fixed,"2,1,3,6",0,120,9279020,28,4,730,2315.0,0,0,120.0,0.0,0,0,0,,25
fixed_tuned,fixed,"1,2,3,6",1,120,9279021,28,4,730,1963.0,0,0,120.0,0.0,0,0,0,,22
fixed_tuned,fixed,"1,3,6,2",3,120,9279023,28,4,730,2891.0,0,0,120.0,0.0,0,0,0,,24
fixed_tuned,fixed,"1,3,2,6",2,120,9279022,28,4,730,1326.0,0,0,120.0,0.0,0,0,0,,26
fixed_tuned,fixed,"1,2,3,6",1,120,9279025,28,4,730,1632.0,0,0,120.0,0.0,0,0,0,,24
fixed_tuned,fixed,"2,1,3,6",0,120,9279024,28,4,730,2019.0,0,0,120.0,0.0,0,0,0,,24
fixed_tuned,fixed,"1,3,6,2",3,120,9279027,28,4,730,2107.0,0,0,120.0,0.0,0,0,0,,23
fixed_tuned,fixed,"2,1,3,6",0,120,9279028,28,4,730,2493.0,0,0,120.0,0.0,0,0,0,,24
fixed_tuned,fixed,"1,2,3,6",1,120,9279029,28,4,730,1572.0,0,0,120.0,0.0,0,0,0,,20
fixed_tuned,fixed,"1,3,2,6",2,120,9279026,28,4,730,3999.0,0,0,120.0,0.0,0,0,0,,22
fixed_tuned,fixed,"2,1,3,6",0,400,9279000,28,4,730,327.0,0,0,400.0,0.0,14,0,0,,26
fixed_tuned,fixed,"1,2,3,6",1,400,9279001,28,4,730,161.0,0,0,400.0,0.0,12,0,0,,26
fixed_tuned,fixed,"1,3,2,6",2,400,9279002,28,4,730,130.0,0,0,390.0,10.0,9,0,0,,19
fixed_tuned,fixed,"1,3,6,2",3,400,9279003,28,4,730,353.0,0,0,390.0,10.0,4,0,0,,21
fixed_tuned,fixed,"2,1,3,6",0,400,9279004,28,4,730,164.0,0,0,390.0,10.0,14,1,0,,21
fixed_tuned,fixed,"1,2,3,6",1,400,9279005,28,4,730,103.0,0,0,400.0,0.0,8,0,0,,27
fixed_tuned,fixed,"1,3,2,6",2,400,9279006,28,4,730,209.0,0,0,390.0,10.0,5,0,0,,22
fixed_tuned,fixed,"1,3,6,2",3,400,9279007,28,4,730,254.0,0,0,390.0,10.0,9,0,0,,21
fixed_tuned,fixed,"2,1,3,6",0,400,9279008,28,4,730,154.0,0,0,400.0,0.0,12,0,0,,27
fixed_tuned,fixed,"1,2,3,6",1,400,9279009,28,4,730,245.0,0,0,400.0,0.0,8,0,0,,28
fixed_tuned,fixed,"1,3,2,6",2,400,9279010,28,4,730,383.0,0,0,390.0,10.0,8,0,0,,22
fixed_tuned,fixed,"1,3,6,2",3,400,9279011,28,4,730,166.0,0,0,400.0,0.0,9,0,0,,27
fixed_tuned,fixed,"2,1,3,6",0,400,9279012,28,4,730,200.0,0,0,400.0,0.0,8,0,0,,27
fixed_tuned,fixed,"1,2,3,6",1,400,9279013,28,4,730,364.0,0,0,400.0,0.0,11,0,0,,27
fixed_tuned,fixed,"1,3,2,6",2,400,9279014,28,4,730,220.0,0,0,390.0,10.0,9,0,0,,20
fixed_tuned,fixed,"1,3,6,2",3,400,9279015,28,4,730,151.0,0,0,390.0,10.0,7,0,0,,23
fixed_tuned,fixed,"2,1,3,6",0,400,9279016,28,4,730,172.0,0,0,400.0,0.0,7,0,0,,27
fixed_tuned,fixed,"1,2,3,6",1,400,9279017,28,4,730,225.0,0,0,400.0,0.0,9,0,0,,28
fixed_tuned,fixed,"1,3,2,6",2,400,9279018,28,4,730,162.0,0,0,390.0,10.0,12,0,0,,21
fixed_tuned,fixed,"1,3,6,2",3,400,9279019,28,4,730,301.0,0,0,390.0,10.0,12,0,0,,22
fixed_tuned,fixed,"1,2,3,6",1,400,9279021,28,4,730,241.0,0,0,390.0,10.0,9,0,0,,22
fixed_tuned,fixed,"2,1,3,6",0,400,9279020,28,4,730,267.0,0,0,390.0,10.0,11,1,0,,20
fixed_tuned,fixed,"1,3,2,6",2,400,9279022,28,4,730,148.0,0,0,390.0,10.0,16,0,0,,21
fixed_tuned,fixed,"1,3,6,2",3,400,9279023,28,4,730,140.0,0,0,400.0,0.0,13,0,0,,24
fixed_tuned,fixed,"2,1,3,6",0,400,9279024,28,4,730,151.0,0,0,390.0,10.0,15,2,0,,23
fixed_tuned,fixed,"1,2,3,6",1,400,9279025,28,4,730,89.0,0,0,400.0,0.0,11,0,0,,27
fixed_tuned,fixed,"1,3,2,6",2,400,9279026,28,4,730,126.0,0,0,400.0,0.0,11,0,0,,27
fixed_tuned,fixed,"1,3,6,2",3,400,9279027,28,4,730,48.0,0,0,390.0,10.0,17,1,0,,22
fixed_tuned,fixed,"2,1,3,6",0,400,9279028,28,4,730,212.0,0,0,390.0,10.0,11,1,0,,18
fixed_tuned,fixed,"1,2,3,6",1,400,9279029,28,4,730,134.0,0,0,390.0,10.0,9,0,0,,23
fixed_tuned,fixed,"2,3,4,7",0,120,9279000,28,4,730,3004.0,0,0,120.0,0.0,0,0,0,,18
fixed_tuned,fixed,"3,2,4,7",1,120,9279001,28,4,730,3486.0,0,0,120.0,0.0,0,0,0,,14
fixed_tuned,fixed,"3,4,2,7",2,120,9279002,28,4,730,1646.0,0,0,120.0,0.0,0,0,0,,15
fixed_tuned,fixed,"3,4,7,2",3,120,9279003,28,4,730,4120.0,0,0,120.0,0.0,0,0,0,,19
fixed_tuned,fixed,"2,3,4,7",0,120,9279004,28,4,730,4028.0,0,0,120.0,0.0,0,0,0,,21
fixed_tuned,fixed,"3,2,4,7",1,120,9279005,28,4,730,3439.0,0,0,120.0,0.0,0,0,0,,15
fixed_tuned,fixed,"3,4,2,7",2,120,9279006,28,4,730,1910.0,0,0,120.0,0.0,0,0,0,,16
fixed_tuned,fixed,"3,4,7,2",3,120,9279007,28,4,730,896.0,0,0,120.0,0.0,0,0,0,,18
fixed_tuned,fixed,"2,3,4,7",0,120,9279008,28,4,730,2582.0,0,0,120.0,0.0,0,0,0,,19
fixed_tuned,fixed,"3,4,2,7",2,120,9279010,28,4,730,4011.0,0,0,120.0,0.0,0,0,0,,16
fixed_tuned,fixed,"3,2,4,7",1,120,9279009,28,4,730,3305.0,0,0,120.0,0.0,0,0,0,,17
fixed_tuned,fixed,"3,4,7,2",3,120,9279011,28,4,730,4122.0,0,0,120.0,0.0,0,0,0,,15
fixed_tuned,fixed,"2,3,4,7",0,120,9279012,28,4,730,4136.0,0,0,120.0,0.0,0,0,0,,17
fixed_tuned,fixed,"3,2,4,7",1,120,9279013,28,4,730,3843.0,0,0,120.0,0.0,0,0,0,,17
fixed_tuned,fixed,"3,4,2,7",2,120,9279014,28,4,730,3140.0,0,0,120.0,0.0,0,0,0,,19
fixed_tuned,fixed,"3,4,7,2",3,120,9279015,28,4,730,3698.0,0,0,120.0,0.0,0,0,0,,15
fixed_tuned,fixed,"3,2,4,7",1,120,9279017,28,4,730,2024.0,0,0,120.0,0.0,0,0,0,,21
fixed_tuned,fixed,"2,3,4,7",0,120,9279016,28,4,730,1999.0,0,0,120.0,0.0,0,0,0,,19
fixed_tuned,fixed,"3,4,2,7",2,120,9279018,28,4,730,2654.0,0,0,120.0,0.0,0,0,0,,15
fixed_tuned,fixed,"3,4,7,2",3,120,9279019,28,4,730,69357.0,1,9,120.0,0.0,0,0,0,,13
fixed_tuned,fixed,"2,3,4,7",0,120,9279020,28,4,730,2003.0,0,0,120.0,0.0,0,0,0,,18
fixed_tuned,fixed,"3,2,4,7",1,120,9279021,28,4,730,3525.0,0,0,120.0,0.0,0,0,0,,20
fixed_tuned,fixed,"3,4,7,2",3,120,9279023,28,4,730,2074.0,0,0,120.0,0.0,0,0,0,,19
fixed_tuned,fixed,"3,4,2,7",2,120,9279022,28,4,730,1655.0,0,1,120.0,0.0,0,0,0,,13
fixed_tuned,fixed,"2,3,4,7",0,120,9279024,28,4,730,2817.0,0,0,120.0,0.0,0,0,0,,17
fixed_tuned,fixed,"3,2,4,7",1,120,9279025,28,4,730,1426.0,0,0,120.0,0.0,0,0,0,,17
fixed_tuned,fixed,"3,4,2,7",2,120,9279026,28,4,730,4358.0,0,0,120.0,0.0,0,0,0,,21
fixed_tuned,fixed,"3,4,7,2",3,120,9279027,28,4,730,3706.0,0,0,120.0,0.0,0,0,0,,20
fixed_tuned,fixed,"2,3,4,7",0,120,9279028,28,4,730,1621.0,0,0,120.0,0.0,0,0,0,,20
fixed_tuned,fixed,"3,2,4,7",1,120,9279029,28,4,730,2887.0,0,0,120.0,0.0,0,0,0,,14
fixed_tuned,fixed,"2,3,4,7",0,400,9279000,28,4,730,993.0,0,0,400.0,0.0,16,0,0,,26
fixed_tuned,fixed,"3,2,4,7",1,400,9279001,28,4,730,1115.0,0,0,400.0,0.0,25,0,0,,27
fixed_tuned,fixed,"3,4,2,7",2,400,9279002,28,4,730,909.0,0,0,400.0,0.0,17,0,0,,22
fixed_tuned,fixed,"3,4,7,2",3,400,9279003,28,4,730,1150.0,0,0,400.0,0.0,15,0,0,,27
fixed_tuned,fixed,"2,3,4,7",0,400,9279004,28,4,730,965.0,0,0,400.0,0.0,26,1,0,,24
fixed_tuned,fixed,"3,2,4,7",1,400,9279005,28,4,730,1048.0,0,0,400.0,0.0,24,1,0,,23
fixed_tuned,fixed,"3,4,2,7",2,400,9279006,28,4,730,918.0,0,0,400.0,0.0,21,0,0,,24
fixed_tuned,fixed,"3,4,7,2",3,400,9279007,28,4,730,850.0,0,0,400.0,0.0,12,0,0,,26
fixed_tuned,fixed,"2,3,4,7",0,400,9279008,28,4,730,876.0,0,0,400.0,0.0,21,0,0,,27
fixed_tuned,fixed,"3,2,4,7",1,400,9279009,28,4,730,1019.0,0,0,400.0,0.0,15,0,0,,28
fixed_tuned,fixed,"3,4,2,7",2,400,9279010,28,4,730,1019.0,0,0,400.0,0.0,15,0,0,,26
fixed_tuned,fixed,"3,4,7,2",3,400,9279011,28,4,730,1119.0,0,0,400.0,0.0,19,0,0,,25
fixed_tuned,fixed,"2,3,4,7",0,400,9279012,28,4,730,1067.0,0,0,400.0,0.0,23,0,0,,28
fixed_tuned,fixed,"3,2,4,7",1,400,9279013,28,4,730,783.0,0,0,400.0,0.0,15,0,0,,25
fixed_tuned,fixed,"3,4,2,7",2,400,9279014,28,4,730,935.0,0,0,400.0,0.0,15,0,0,,24
fixed_tuned,fixed,"2,3,4,7",0,400,9279016,28,4,730,769.0,0,0,400.0,0.0,16,0,0,,24
fixed_tuned,fixed,"3,4,7,2",3,400,9279015,28,4,730,621.0,0,0,400.0,0.0,27,0,0,,25
fixed_tuned,fixed,"3,2,4,7",1,400,9279017,28,4,730,1402.0,0,0,400.0,0.0,16,0,0,,23
fixed_tuned,fixed,"3,4,2,7",2,400,9279018,28,4,730,655.0,0,0,400.0,0.0,13,0,0,,25
fixed_tuned,fixed,"3,4,7,2",3,400,9279019,28,4,730,810.0,0,0,400.0,0.0,21,0,0,,23
fixed_tuned,fixed,"2,3,4,7",0,400,9279020,28,4,730,955.0,0,0,400.0,0.0,22,0,0,,26
fixed_tuned,fixed,"3,4,2,7",2,400,9279022,28,4,730,800.0,0,0,400.0,0.0,18,1,0,,23
fixed_tuned,fixed,"3,2,4,7",1,400,9279021,28,4,730,902.0,0,0,400.0,0.0,17,0,0,,25
fixed_tuned,fixed,"3,4,7,2",3,400,9279023,28,4,730,645.0,0,0,400.0,0.0,20,1,0,,24
fixed_tuned,fixed,"2,3,4,7",0,400,9279024,28,4,730,897.0,0,0,400.0,0.0,24,0,0,,23
fixed_tuned,fixed,"3,2,4,7",1,400,9279025,28,4,730,804.0,0,0,400.0,0.0,23,0,0,,26
fixed_tuned,fixed,"2,4,6,8",0,120,9279000,28,4,730,3803.0,0,0,120.0,0.0,0,0,0,,19
fixed_tuned,fixed,"3,4,2,7",2,400,9279026,28,4,730,878.0,0,0,400.0,0.0,16,0,0,,23
fixed_tuned,fixed,"3,4,7,2",3,400,9279027,28,4,730,883.0,0,0,400.0,0.0,27,0,0,,26
fixed_tuned,fixed,"2,3,4,7",0,400,9279028,28,4,730,846.0,0,0,400.0,0.0,28,1,0,,26
fixed_tuned,fixed,"4,2,6,8",1,120,9279001,28,4,730,3595.0,0,0,120.0,0.0,0,0,0,,17
fixed_tuned,fixed,"3,2,4,7",1,400,9279029,28,4,730,924.0,0,0,400.0,0.0,22,0,0,,24
fixed_tuned,fixed,"4,6,2,8",2,120,9279002,28,4,730,3688.0,0,0,120.0,0.0,0,0,0,,17
fixed_tuned,fixed,"4,6,8,2",3,120,9279003,28,4,730,5078.0,0,0,120.0,0.0,0,0,0,,15
fixed_tuned,fixed,"2,4,6,8",0,120,9279004,28,4,730,3848.0,0,0,120.0,0.0,0,0,0,,20
fixed_tuned,fixed,"4,2,6,8",1,120,9279005,28,4,730,4059.0,0,0,120.0,0.0,0,0,0,,19
fixed_tuned,fixed,"4,6,2,8",2,120,9279006,28,4,730,3909.0,0,0,120.0,0.0,0,0,0,,21
fixed_tuned,fixed,"4,6,8,2",3,120,9279007,28,4,730,1607.0,0,0,120.0,0.0,0,0,0,,21
fixed_tuned,fixed,"2,4,6,8",0,120,9279008,28,4,730,4675.0,0,0,120.0,0.0,0,0,0,,25
fixed_tuned,fixed,"4,2,6,8",1,120,9279009,28,4,730,5093.0,0,0,120.0,0.0,0,0,0,,18
fixed_tuned,fixed,"4,6,2,8",2,120,9279010,28,4,730,4697.0,0,0,120.0,0.0,0,0,0,,21
fixed_tuned,fixed,"4,6,8,2",3,120,9279011,28,4,730,3520.0,0,0,120.0,0.0,0,0,0,,13
fixed_tuned,fixed,"2,4,6,8",0,120,9279012,28,4,730,4210.0,0,0,120.0,0.0,0,0,0,,17
fixed_tuned,fixed,"4,2,6,8",1,120,9279013,28,4,730,4252.0,0,0,120.0,0.0,0,0,0,,17
fixed_tuned,fixed,"4,6,8,2",3,120,9279015,28,4,730,4348.0,0,0,120.0,0.0,0,0,0,,17
fixed_tuned,fixed,"4,6,2,8",2,120,9279014,28,4,730,4094.0,0,0,120.0,0.0,0,0,0,,21
fixed_tuned,fixed,"2,4,6,8",0,120,9279016,28,4,730,4829.0,0,0,120.0,0.0,0,0,0,,20
fixed_tuned,fixed,"4,2,6,8",1,120,9279017,28,4,730,4717.0,0,0,120.0,0.0,0,0,0,,16
fixed_tuned,fixed,"4,6,2,8",2,120,9279018,28,4,730,4370.0,0,0,120.0,0.0,0,0,0,,19
fixed_tuned,fixed,"4,6,8,2",3,120,9279019,28,4,730,3713.0,0,0,120.0,0.0,0,0,0,,14
fixed_tuned,fixed,"2,4,6,8",0,120,9279020,28,4,730,3854.0,0,0,120.0,0.0,0,0,0,,19
fixed_tuned,fixed,"4,2,6,8",1,120,9279021,28,4,730,4665.0,0,0,120.0,0.0,0,0,0,,17
fixed_tuned,fixed,"4,6,2,8",2,120,9279022,28,4,730,4439.0,0,0,120.0,0.0,0,0,0,,17
fixed_tuned,fixed,"4,6,8,2",3,120,9279023,28,4,730,4757.0,0,0,120.0,0.0,0,0,0,,17
fixed_tuned,fixed,"2,4,6,8",0,120,9279024,28,4,730,3922.0,0,0,120.0,0.0,0,0,0,,16
fixed_tuned,fixed,"4,2,6,8",1,120,9279025,28,4,730,5113.0,0,0,120.0,0.0,0,0,0,,20
fixed_tuned,fixed,"4,6,8,2",3,120,9279027,28,4,730,4423.0,0,0,120.0,0.0,0,0,0,,20
fixed_tuned,fixed,"4,6,2,8",2,120,9279026,28,4,730,4603.0,0,0,120.0,0.0,0,0,0,,20
fixed_tuned,fixed,"2,4,6,8",0,120,9279028,28,4,730,3919.0,0,0,120.0,0.0,0,0,0,,18
fixed_tuned,fixed,"4,2,6,8",1,120,9279029,28,4,730,4255.0,0,0,120.0,0.0,0,0,0,,18
fixed_tuned,fixed,"2,4,6,8",0,400,9279000,28,4,730,2445.0,0,0,370.0,30.0,33,1,0,,27
fixed_tuned,fixed,"4,2,6,8",1,400,9279001,28,4,730,2339.0,0,0,370.0,30.0,34,1,0,,28
fixed_tuned,fixed,"4,6,8,2",3,400,9279003,28,4,730,2165.0,0,0,370.0,30.0,30,1,0,,23
fixed_tuned,fixed,"4,6,2,8",2,400,9279002,28,4,730,2282.0,0,0,370.0,30.0,32,0,0,,27
fixed_tuned,fixed,"2,4,6,8",0,400,9279004,28,4,730,2744.0,0,0,370.0,30.0,24,0,0,,24
fixed_tuned,fixed,"4,2,6,8",1,400,9279005,28,4,730,2255.0,0,0,370.0,30.0,34,0,0,,26
fixed_tuned,fixed,"4,6,2,8",2,400,9279006,28,4,730,2744.0,0,0,370.0,30.0,14,0,0,,24
fixed_tuned,fixed,"4,6,8,2",3,400,9279007,28,4,730,2750.0,0,0,370.0,30.0,32,0,0,,24
fixed_tuned,fixed,"2,4,6,8",0,400,9279008,28,4,730,1749.0,0,0,370.0,30.0,24,0,0,,24
fixed_tuned,fixed,"4,2,6,8",1,400,9279009,28,4,730,2114.0,0,0,370.0,30.0,27,0,0,,28
fixed_tuned,fixed,"4,6,2,8",2,400,9279010,28,4,730,2270.0,0,0,370.0,30.0,33,0,0,,26
fixed_tuned,fixed,"4,6,8,2",3,400,9279011,28,4,730,1960.0,0,0,370.0,30.0,44,3,0,,25
fixed_tuned,fixed,"2,4,6,8",0,400,9279012,28,4,730,2155.0,0,0,370.0,30.0,25,0,0,,23
fixed_tuned,fixed,"4,2,6,8",1,400,9279013,28,4,730,2515.0,0,0,370.0,30.0,31,0,0,,26
fixed_tuned,fixed,"4,6,2,8",2,400,9279014,28,4,730,2441.0,0,0,370.0,30.0,15,0,0,,28
fixed_tuned,fixed,"4,6,8,2",3,400,9279015,28,4,730,2708.0,0,0,370.0,30.0,23,0,0,,26
fixed_tuned,fixed,"2,4,6,8",0,400,9279016,28,4,730,1979.0,0,0,370.0,30.0,45,2,0,,27
fixed_tuned,fixed,"4,2,6,8",1,400,9279017,28,4,730,1754.0,0,0,370.0,30.0,33,0,0,,28
fixed_tuned,fixed,"4,6,2,8",2,400,9279018,28,4,730,2223.0,0,0,370.0,30.0,34,1,0,,28
fixed_tuned,fixed,"4,6,8,2",3,400,9279019,28,4,730,2018.0,0,0,370.0,30.0,29,0,0,,24
fixed_tuned,fixed,"2,4,6,8",0,400,9279020,28,4,730,2271.0,0,0,370.0,30.0,35,2,0,,25
fixed_tuned,fixed,"4,2,6,8",1,400,9279021,28,4,730,2404.0,0,0,370.0,30.0,25,0,0,,24
fixed_tuned,fixed,"4,6,2,8",2,400,9279022,28,4,730,2783.0,0,0,370.0,30.0,19,0,0,,28
fixed_tuned,fixed,"4,6,8,2",3,400,9279023,28,4,730,1956.0,0,0,370.0,30.0,33,1,0,,25
fixed_tuned,fixed,"2,4,6,8",0,400,9279024,28,4,730,2617.0,0,0,370.0,30.0,28,0,0,,23
fixed_tuned,fixed,"4,2,6,8",1,400,9279025,28,4,730,2241.0,0,0,370.0,30.0,37,0,0,,24
fixed_tuned,fixed,"4,6,2,8",2,400,9279026,28,4,730,2518.0,0,0,370.0,30.0,26,1,0,,27
fixed_tuned,fixed,"4,6,8,2",3,400,9279027,28,4,730,2374.0,0,0,370.0,30.0,34,0,0,,25
fixed_tuned,fixed,"2,4,6,8",0,400,9279028,28,4,730,2186.0,0,0,370.0,30.0,33,0,0,,25
fixed_tuned,fixed,"2,6,7,9",0,120,9279000,28,4,730,2101095.0,32,111,120.0,0.0,0,0,0,,1
fixed_tuned,fixed,"4,2,6,8",1,400,9279029,28,4,730,2078.0,0,0,370.0,30.0,37,0,0,,28
fixed_tuned,fixed,"6,2,7,9",1,120,9279001,28,4,730,2036741.0,31,125,120.0,0.0,0,0,0,,1
fixed_tuned,fixed,"6,7,2,9",2,120,9279002,28,4,730,2950762.0,45,171,120.0,0.0,0,0,0,,1
fixed_tuned,fixed,"6,7,9,2",3,120,9279003,28,4,730,1771556.0,27,121,120.0,0.0,0,0,0,,3
fixed_tuned,fixed,"2,6,7,9",0,120,9279004,28,4,730,2493636.0,38,144,120.0,0.0,0,0,0,,1
fixed_tuned,fixed,"6,2,7,9",1,120,9279005,28,4,730,2102161.0,32,123,120.0,0.0,0,0,0,,1
fixed_tuned,fixed,"6,7,2,9",2,120,9279006,28,4,730,1839227.0,28,103,120.0,0.0,0,0,0,,1
fixed_tuned,fixed,"6,7,9,2",3,120,9279007,28,4,730,2034695.0,31,121,120.0,0.0,0,0,0,,4
fixed_tuned,fixed,"2,6,7,9",0,120,9279008,28,4,730,2623453.0,40,168,120.0,0.0,0,0,0,,2
fixed_tuned,fixed,"6,2,7,9",1,120,9279009,28,4,730,2689514.0,41,165,120.0,0.0,0,0,0,,2
fixed_tuned,fixed,"6,7,2,9",2,120,9279010,28,4,730,1380779.0,21,88,120.0,0.0,0,0,0,,1
fixed_tuned,fixed,"6,7,9,2",3,120,9279011,28,4,730,1052694.0,16,74,120.0,0.0,0,0,0,,2
fixed_tuned,fixed,"2,6,7,9",0,120,9279012,28,4,730,2885002.0,44,171,120.0,0.0,0,0,0,,1
fixed_tuned,fixed,"6,2,7,9",1,120,9279013,28,4,730,1968930.0,30,146,120.0,0.0,0,0,0,,3
fixed_tuned,fixed,"6,7,2,9",2,120,9279014,28,4,730,3016842.0,46,181,120.0,0.0,0,0,0,,1
fixed_tuned,fixed,"6,7,9,2",3,120,9279015,28,4,730,2101298.0,32,148,120.0,0.0,0,0,0,,2
fixed_tuned,fixed,"2,6,7,9",0,120,9279016,28,4,730,1643390.0,25,112,120.0,0.0,0,0,0,,1
fixed_tuned,fixed,"6,2,7,9",1,120,9279017,28,4,730,3015260.0,46,192,120.0,0.0,0,0,0,,1
fixed_tuned,fixed,"6,7,2,9",2,120,9279018,28,4,730,2363262.0,36,141,120.0,0.0,0,0,0,,2
fixed_tuned,fixed,"6,7,9,2",3,120,9279019,28,4,730,2822945.0,43,166,120.0,0.0,0,0,0,,1
fixed_tuned,fixed,"2,6,7,9",0,120,9279020,28,4,730,2167087.0,33,122,120.0,0.0,0,0,0,,1
fixed_tuned,fixed,"6,2,7,9",1,120,9279021,28,4,730,2363242.0,36,130,120.0,0.0,0,0,0,,1
fixed_tuned,fixed,"6,7,2,9",2,120,9279022,28,4,730,3475458.0,53,196,120.0,0.0,0,0,0,,1
fixed_tuned,fixed,"6,7,9,2",3,120,9279023,28,4,730,1708209.0,26,131,120.0,0.0,0,0,0,,1
fixed_tuned,fixed,"2,6,7,9",0,120,9279024,28,4,730,3016230.0,46,173,120.0,0.0,0,0,0,,1
fixed_tuned,fixed,"6,2,7,9",1,120,9279025,28,4,730,3148938.0,48,174,120.0,0.0,0,0,0,,1
fixed_tuned,fixed,"6,7,2,9",2,120,9279026,28,4,730,2885061.0,44,178,120.0,0.0,0,0,0,,1
fixed_tuned,fixed,"6,7,9,2",3,120,9279027,28,4,730,2822074.0,43,166,120.0,0.0,0,0,0,,1
fixed_tuned,fixed,"2,6,7,9",0,120,9279028,28,4,730,1184448.0,18,85,120.0,0.0,0,0,0,,2
fixed_tuned,fixed,"6,2,7,9",1,120,9279029,28,4,730,3933459.0,60,233,120.0,0.0,0,0,0,,1
fixed_tuned,fixed,"2,6,7,9",0,400,9279000,28,4,730,1100.0,0,0,400.0,0.0,8,0,0,,21
fixed_tuned,fixed,"6,2,7,9",1,400,9279001,28,4,730,1580.0,0,0,400.0,0.0,10,0,0,,26
fixed_tuned,fixed,"6,7,2,9",2,400,9279002,28,4,730,1156.0,0,0,400.0,0.0,14,0,0,,24
fixed_tuned,fixed,"6,7,9,2",3,400,9279003,28,4,730,958.0,0,0,400.0,0.0,8,0,0,,28
fixed_tuned,fixed,"2,6,7,9",0,400,9279004,28,4,730,1303.0,0,0,400.0,0.0,8,0,0,,26
fixed_tuned,fixed,"6,2,7,9",1,400,9279005,28,4,730,1184.0,0,0,400.0,0.0,6,0,0,,27
fixed_tuned,fixed,"6,7,2,9",2,400,9279006,28,4,730,1359.0,0,0,400.0,0.0,15,0,0,,26
fixed_tuned,fixed,"6,7,9,2",3,400,9279007,28,4,730,1172.0,0,0,400.0,0.0,11,0,0,,28
fixed_tuned,fixed,"2,6,7,9",0,400,9279008,28,4,730,865.0,0,0,400.0,0.0,15,0,0,,22
fixed_tuned,fixed,"6,2,7,9",1,400,9279009,28,4,730,1352.0,0,0,400.0,0.0,8,0,0,,23
fixed_tuned,fixed,"6,7,2,9",2,400,9279010,28,4,730,1102.0,0,0,400.0,0.0,13,1,0,,24
fixed_tuned,fixed,"6,7,9,2",3,400,9279011,28,4,730,586.0,0,0,400.0,0.0,7,0,0,,26
fixed_tuned,fixed,"2,6,7,9",0,400,9279012,28,4,730,1193.0,0,0,400.0,0.0,7,0,0,,27
fixed_tuned,fixed,"6,2,7,9",1,400,9279013,28,4,730,1766.0,0,0,400.0,0.0,8,0,0,,23
fixed_tuned,fixed,"6,7,2,9",2,400,9279014,28,4,730,1104.0,0,0,400.0,0.0,13,0,0,,28
fixed_tuned,fixed,"6,7,9,2",3,400,9279015,28,4,730,1360.0,0,0,400.0,0.0,9,0,0,,28
fixed_tuned,fixed,"2,6,7,9",0,400,9279016,28,4,730,1085.0,0,0,400.0,0.0,15,0,0,,25
fixed_tuned,fixed,"6,2,7,9",1,400,9279017,28,4,730,611.0,0,0,400.0,0.0,12,0,0,,27
fixed_tuned,fixed,"6,7,2,9",2,400,9279018,28,4,730,1248.0,0,0,400.0,0.0,14,0,0,,26
fixed_tuned,fixed,"6,7,9,2",3,400,9279019,28,4,730,829.0,0,0,400.0,0.0,12,0,0,,27
fixed_tuned,fixed,"2,6,7,9",0,400,9279020,28,4,730,1304.0,0,0,400.0,0.0,13,0,0,,27
fixed_tuned,fixed,"6,2,7,9",1,400,9279021,28,4,730,923.0,0,0,400.0,0.0,20,0,0,,24
fixed_tuned,fixed,"6,7,2,9",2,400,9279022,28,4,730,1804.0,0,0,400.0,0.0,10,0,0,,23
fixed_tuned,fixed,"6,7,9,2",3,400,9279023,28,4,730,1092.0,0,0,400.0,0.0,4,0,0,,28
fixed_tuned,fixed,"2,6,7,9",0,400,9279024,28,4,730,1663.0,0,0,400.0,0.0,10,1,0,,24
fixed_tuned,fixed,"6,2,7,9",1,400,9279025,28,4,730,911.0,0,0,400.0,0.0,11,0,0,,26
fixed_tuned,fixed,"6,7,2,9",2,400,9279026,28,4,730,706.0,0,0,400.0,0.0,8,0,0,,24
fixed_tuned,fixed,"6,7,9,2",3,400,9279027,28,4,730,930.0,0,0,400.0,0.0,8,0,0,,27
fixed_tuned,fixed,"2,6,7,9",0,400,9279028,28,4,730,937.0,0,0,400.0,0.0,12,1,0,,28
fixed_tuned,fixed,"2,7,8,10",0,120,9279000,28,4,730,1706.0,0,0,120.0,0.0,0,0,0,,25
fixed_tuned,fixed,"6,2,7,9",1,400,9279029,28,4,730,1329.0,0,0,400.0,0.0,10,0,0,,25
fixed_tuned,fixed,"7,2,8,10",1,120,9279001,28,4,730,1371.0,0,0,120.0,0.0,0,0,0,,22
fixed_tuned,fixed,"7,8,2,10",2,120,9279002,28,4,730,1750.0,0,0,120.0,0.0,0,0,0,,18
fixed_tuned,fixed,"7,8,10,2",3,120,9279003,28,4,730,2193.0,0,0,120.0,0.0,0,0,0,,22
fixed_tuned,fixed,"2,7,8,10",0,120,9279004,28,4,730,1858.0,0,0,120.0,0.0,0,0,0,,21
fixed_tuned,fixed,"7,2,8,10",1,120,9279005,28,4,730,1840.0,0,0,120.0,0.0,0,0,0,,20
fixed_tuned,fixed,"7,8,2,10",2,120,9279006,28,4,730,1067.0,0,0,120.0,0.0,0,0,0,,26
fixed_tuned,fixed,"7,8,10,2",3,120,9279007,28,4,730,1778.0,0,0,120.0,0.0,0,0,0,,23
fixed_tuned,fixed,"2,7,8,10",0,120,9279008,28,4,730,1660.0,0,0,120.0,0.0,0,0,0,,26
fixed_tuned,fixed,"7,2,8,10",1,120,9279009,28,4,730,1079.0,0,0,120.0,0.0,0,0,0,,26
fixed_tuned,fixed,"7,8,2,10",2,120,9279010,28,4,730,1668.0,0,0,120.0,0.0,0,0,0,,19
fixed_tuned,fixed,"2,7,8,10",0,120,9279012,28,4,730,1466.0,0,0,120.0,0.0,0,0,0,,22
fixed_tuned,fixed,"7,8,10,2",3,120,9279011,28,4,730,1628.0,0,0,120.0,0.0,0,0,0,,21
fixed_tuned,fixed,"7,2,8,10",1,120,9279013,28,4,730,1150.0,0,0,120.0,0.0,0,0,0,,22
fixed_tuned,fixed,"7,8,2,10",2,120,9279014,28,4,730,530.0,0,0,120.0,0.0,0,0,0,,25
fixed_tuned,fixed,"7,8,10,2",3,120,9279015,28,4,730,1031.0,0,0,120.0,0.0,0,0,0,,21
fixed_tuned,fixed,"2,7,8,10",0,120,9279016,28,4,730,1039.0,0,0,120.0,0.0,0,0,0,,24
fixed_tuned,fixed,"7,8,2,10",2,120,9279018,28,4,730,1862.0,0,0,120.0,0.0,0,0,0,,23
fixed_tuned,fixed,"7,2,8,10",1,120,9279017,28,4,730,1352.0,0,0,120.0,0.0,0,0,0,,26
fixed_tuned,fixed,"7,8,10,2",3,120,9279019,28,4,730,1039.0,0,0,120.0,0.0,0,0,0,,23
fixed_tuned,fixed,"2,7,8,10",0,120,9279020,28,4,730,1307.0,0,0,120.0,0.0,0,0,0,,22
fixed_tuned,fixed,"7,2,8,10",1,120,9279021,28,4,730,1519.0,0,0,120.0,0.0,0,0,0,,21
fixed_tuned,fixed,"7,8,2,10",2,120,9279022,28,4,730,1376.0,0,0,120.0,0.0,0,0,0,,23
fixed_tuned,fixed,"7,8,10,2",3,120,9279023,28,4,730,1896.0,0,0,120.0,0.0,0,0,0,,23
fixed_tuned,fixed,"2,7,8,10",0,120,9279024,28,4,730,524.0,0,0,120.0,0.0,0,0,0,,26
fixed_tuned,fixed,"7,2,8,10",1,120,9279025,28,4,730,1162.0,0,0,120.0,0.0,0,0,0,,22
fixed_tuned,fixed,"7,8,2,10",2,120,9279026,28,4,730,1400.0,0,0,120.0,0.0,0,0,0,,18
fixed_tuned,fixed,"7,8,10,2",3,120,9279027,28,4,730,770.0,0,0,120.0,0.0,0,0,0,,16
fixed_tuned,fixed,"2,7,8,10",0,120,9279028,28,4,730,2047.0,0,0,120.0,0.0,0,0,0,,24
fixed_tuned,fixed,"7,2,8,10",1,120,9279029,28,4,730,1980.0,0,0,120.0,0.0,0,0,0,,25
fixed_tuned,fixed,"2,7,8,10",0,400,9279000,28,4,730,592.0,0,0,400.0,0.0,9,0,0,,28
fixed_tuned,fixed,"7,2,8,10",1,400,9279001,28,4,730,245.0,0,0,400.0,0.0,13,0,0,,27
fixed_tuned,fixed,"7,8,2,10",2,400,9279002,28,4,730,490.0,0,0,400.0,0.0,7,0,0,,26
fixed_tuned,fixed,"7,8,10,2",3,400,9279003,28,4,730,510.0,0,0,400.0,0.0,13,0,0,,26
fixed_tuned,fixed,"2,7,8,10",0,400,9279004,28,4,730,696.0,0,0,400.0,0.0,12,0,0,,26
fixed_tuned,fixed,"7,2,8,10",1,400,9279005,28,4,730,450.0,0,0,400.0,0.0,15,0,0,,27
fixed_tuned,fixed,"7,8,2,10",2,400,9279006,28,4,730,318.0,0,0,400.0,0.0,18,0,0,,23
fixed_tuned,fixed,"7,8,10,2",3,400,9279007,28,4,730,401.0,0,0,400.0,0.0,17,0,0,,26
fixed_tuned,fixed,"2,7,8,10",0,400,9279008,28,4,730,441.0,0,0,400.0,0.0,14,0,0,,24
fixed_tuned,fixed,"7,2,8,10",1,400,9279009,28,4,730,432.0,0,0,400.0,0.0,10,1,0,,25
fixed_tuned,fixed,"7,8,2,10",2,400,9279010,28,4,730,453.0,0,0,400.0,0.0,18,1,0,,25
fixed_tuned,fixed,"7,8,10,2",3,400,9279011,28,4,730,532.0,0,0,400.0,0.0,12,0,0,,26
fixed_tuned,fixed,"2,7,8,10",0,400,9279012,28,4,730,216.0,0,0,400.0,0.0,11,0,0,,25
fixed_tuned,fixed,"7,2,8,10",1,400,9279013,28,4,730,469.0,0,0,400.0,0.0,15,1,0,,23
fixed_tuned,fixed,"7,8,2,10",2,400,9279014,28,4,730,492.0,0,0,400.0,0.0,6,0,0,,26
fixed_tuned,fixed,"7,8,10,2",3,400,9279015,28,4,730,595.0,0,0,400.0,0.0,15,0,0,,22
fixed_tuned,fixed,"2,7,8,10",0,400,9279016,28,4,730,425.0,0,0,400.0,0.0,13,0,0,,22
fixed_tuned,fixed,"7,2,8,10",1,400,9279017,28,4,730,428.0,0,0,400.0,0.0,7,1,0,,23
fixed_tuned,fixed,"7,8,2,10",2,400,9279018,28,4,730,448.0,0,0,400.0,0.0,10,0,0,,27
fixed_tuned,fixed,"7,8,10,2",3,400,9279019,28,4,730,579.0,0,0,400.0,0.0,10,0,0,,22
fixed_tuned,fixed,"7,2,8,10",1,400,9279021,28,4,730,522.0,0,0,400.0,0.0,9,0,0,,25
fixed_tuned,fixed,"2,7,8,10",0,400,9279020,28,4,730,457.0,0,0,400.0,0.0,15,0,0,,28
fixed_tuned,fixed,"7,8,2,10",2,400,9279022,28,4,730,280.0,0,0,400.0,0.0,19,0,0,,25
fixed_tuned,fixed,"7,8,10,2",3,400,9279023,28,4,730,411.0,0,0,400.0,0.0,12,0,0,,25
fixed_tuned,fixed,"2,7,8,10",0,400,9279024,28,4,730,411.0,0,0,400.0,0.0,13,0,0,,25
fixed_tuned,fixed,"7,2,8,10",1,400,9279025,28,4,730,661.0,0,0,400.0,0.0,11,0,0,,23
fixed_tuned,fixed,"7,8,10,2",3,400,9279027,28,4,730,391.0,0,0,400.0,0.0,18,0,0,,27
fixed_tuned,fixed,"7,8,2,10",2,400,9279026,28,4,730,479.0,0,0,400.0,0.0,17,0,0,,25
fixed_tuned,fixed,"2,7,8,10",0,400,9279028,28,4,730,578.0,0,0,400.0,0.0,13,0,0,,24
fixed_tuned,fixed,"2,8,9,1",0,120,9279000,28,4,730,1576921.0,24,86,120.0,0.0,0,0,0,,3
fixed_tuned,fixed,"7,2,8,10",1,400,9279029,28,4,730,469.0,0,0,400.0,0.0,11,0,0,,26
fixed_tuned,fixed,"8,2,9,1",1,120,9279001,28,4,730,1577181.0,24,98,120.0,0.0,0,0,0,,1
fixed_tuned,fixed,"8,9,2,1",2,120,9279002,28,4,730,2231955.0,34,129,120.0,0.0,0,0,0,,1
fixed_tuned,fixed,"8,9,1,2",3,120,9279003,28,4,730,3411366.0,52,194,120.0,0.0,0,0,0,,1
fixed_tuned,fixed,"2,8,9,1",0,120,9279004,28,4,730,2035490.0,31,142,120.0,0.0,0,0,0,,1
fixed_tuned,fixed,"8,2,9,1",1,120,9279005,28,4,730,1643453.0,25,101,120.0,0.0,0,0,0,,1
fixed_tuned,fixed,"8,9,2,1",2,120,9279006,28,4,730,1643087.0,25,109,120.0,0.0,0,0,0,,2
fixed_tuned,fixed,"8,9,1,2",3,120,9279007,28,4,730,2494244.0,38,146,120.0,0.0,0,0,0,,1
fixed_tuned,fixed,"8,2,9,1",1,120,9279009,28,4,730,2166932.0,33,146,120.0,0.0,0,0,0,,1
fixed_tuned,fixed,"2,8,9,1",0,120,9279008,28,4,730,1314679.0,20,78,120.0,0.0,0,0,0,,1
fixed_tuned,fixed,"8,9,2,1",2,120,9279010,28,4,730,2102208.0,32,126,120.0,0.0,0,0,0,,1
fixed_tuned,fixed,"8,9,1,2",3,120,9279011,28,4,730,2036506.0,31,137,120.0,0.0,0,0,0,,1
fixed_tuned,fixed,"2,8,9,1",0,120,9279012,28,4,730,2364186.0,36,148,120.0,0.0,0,0,0,,1
fixed_tuned,fixed,"8,2,9,1",1,120,9279013,28,4,730,2429045.0,37,138,120.0,0.0,0,0,0,,1
fixed_tuned,fixed,"8,9,1,2",3,120,9279015,28,4,730,2232435.0,34,145,120.0,0.0,0,0,0,,1
fixed_tuned,fixed,"8,9,2,1",2,120,9279014,28,4,730,1054330.0,16,66,120.0,0.0,0,0,0,,1
fixed_tuned,fixed,"2,8,9,1",0,120,9279016,28,4,730,2429592.0,37,143,120.0,0.0,0,0,0,,1
fixed_tuned,fixed,"8,2,9,1",1,120,9279017,28,4,730,2625031.0,40,156,120.0,0.0,0,0,0,,1
fixed_tuned,fixed,"8,9,2,1",2,120,9279018,28,4,730,2689375.0,41,192,120.0,0.0,0,0,0,,1
fixed_tuned,fixed,"8,9,1,2",3,120,9279019,28,4,730,2036447.0,31,129,120.0,0.0,0,0,0,,1
fixed_tuned,fixed,"2,8,9,1",0,120,9279020,28,4,730,2364139.0,36,124,120.0,0.0,0,0,0,,1
fixed_tuned,fixed,"8,9,2,1",2,120,9279022,28,4,730,1708057.0,26,124,120.0,0.0,0,0,0,,3
fixed_tuned,fixed,"8,2,9,1",1,120,9279021,28,4,730,1249209.0,19,78,120.0,0.0,0,0,0,,4
fixed_tuned,fixed,"8,9,1,2",3,120,9279023,28,4,730,3606496.0,55,230,120.0,0.0,0,0,0,,1
fixed_tuned,fixed,"2,8,9,1",0,120,9279024,28,4,730,2755048.0,42,164,120.0,0.0,0,0,0,,1
fixed_tuned,fixed,"8,2,9,1",1,120,9279025,28,4,730,2691760.0,41,163,120.0,0.0,0,0,0,,1
fixed_tuned,fixed,"8,9,2,1",2,120,9279026,28,4,730,2689325.0,41,159,120.0,0.0,0,0,0,,1
fixed_tuned,fixed,"8,9,1,2",3,120,9279027,28,4,730,1707874.0,26,94,120.0,0.0,0,0,0,,4
fixed_tuned,fixed,"2,8,9,1",0,120,9279028,28,4,730,1445055.0,22,102,120.0,0.0,0,0,0,,4
fixed_tuned,fixed,"8,2,9,1",1,120,9279029,28,4,730,1905320.0,29,117,120.0,0.0,0,0,0,,1
fixed_tuned,fixed,"2,8,9,1",0,400,9279000,28,4,730,1383.0,0,0,400.0,0.0,12,0,0,,27
fixed_tuned,fixed,"8,2,9,1",1,400,9279001,28,4,730,1114.0,0,0,400.0,0.0,8,0,0,,21
fixed_tuned,fixed,"8,9,2,1",2,400,9279002,28,4,730,1481.0,0,0,400.0,0.0,16,0,0,,24
fixed_tuned,fixed,"2,8,9,1",0,400,9279004,28,4,730,1034.0,0,0,400.0,0.0,9,1,0,,24
fixed_tuned,fixed,"8,9,1,2",3,400,9279003,28,4,730,1036.0,0,0,400.0,0.0,13,1,0,,23
fixed_tuned,fixed,"8,2,9,1",1,400,9279005,28,4,730,1220.0,0,0,400.0,0.0,12,0,0,,23
fixed_tuned,fixed,"8,9,2,1",2,400,9279006,28,4,730,1415.0,0,0,400.0,0.0,14,0,0,,24
fixed_tuned,fixed,"8,9,1,2",3,400,9279007,28,4,730,1100.0,0,0,400.0,0.0,10,0,0,,27
fixed_tuned,fixed,"2,8,9,1",0,400,9279008,28,4,730,1395.0,0,0,400.0,0.0,13,0,0,,23
fixed_tuned,fixed,"8,9,2,1",2,400,9279010,28,4,730,1243.0,0,0,400.0,0.0,10,0,0,,25
fixed_tuned,fixed,"8,2,9,1",1,400,9279009,28,4,730,1425.0,0,0,400.0,0.0,7,0,0,,24
fixed_tuned,fixed,"8,9,1,2",3,400,9279011,28,4,730,1032.0,0,0,400.0,0.0,13,0,0,,27
fixed_tuned,fixed,"2,8,9,1",0,400,9279012,28,4,730,904.0,0,0,400.0,0.0,8,0,0,,25
fixed_tuned,fixed,"8,2,9,1",1,400,9279013,28,4,730,1004.0,0,0,400.0,0.0,8,0,0,,24
fixed_tuned,fixed,"8,9,2,1",2,400,9279014,28,4,730,1041.0,0,0,400.0,0.0,11,0,0,,23
fixed_tuned,fixed,"8,9,1,2",3,400,9279015,28,4,730,1172.0,0,0,400.0,0.0,17,0,0,,23
fixed_tuned,fixed,"2,8,9,1",0,400,9279016,28,4,730,980.0,0,0,400.0,0.0,11,0,0,,23
fixed_tuned,fixed,"8,2,9,1",1,400,9279017,28,4,730,1148.0,0,0,400.0,0.0,10,0,0,,24
fixed_tuned,fixed,"8,9,2,1",2,400,9279018,28,4,730,1058.0,0,0,400.0,0.0,14,0,0,,24
fixed_tuned,fixed,"8,9,1,2",3,400,9279019,28,4,730,981.0,0,0,400.0,0.0,10,0,0,,25
fixed_tuned,fixed,"2,8,9,1",0,400,9279020,28,4,730,953.0,0,0,400.0,0.0,11,0,0,,25
fixed_tuned,fixed,"8,9,2,1",2,400,9279022,28,4,730,1372.0,0,0,400.0,0.0,15,0,0,,28
fixed_tuned,fixed,"8,2,9,1",1,400,9279021,28,4,730,1162.0,0,0,400.0,0.0,9,0,0,,28
fixed_tuned,fixed,"8,9,1,2",3,400,9279023,28,4,730,1667.0,0,0,400.0,0.0,4,0,0,,26
fixed_tuned,fixed,"2,8,9,1",0,400,9279024,28,4,730,1458.0,0,0,400.0,0.0,11,1,0,,24
fixed_tuned,fixed,"8,2,9,1",1,400,9279025,28,4,730,1454.0,0,0,400.0,0.0,10,0,0,,24
fixed_tuned,fixed,"8,9,2,1",2,400,9279026,28,4,730,954.0,0,0,400.0,0.0,16,0,0,,28
fixed_tuned,fixed,"8,9,1,2",3,400,9279027,28,4,730,832.0,0,0,400.0,0.0,13,2,0,,26
fixed_tuned,fixed,"2,8,9,1",0,400,9279028,28,4,730,1157.0,0,0,400.0,0.0,15,0,0,,27
fixed_tuned,fixed,"8,2,9,1",1,400,9279029,28,4,730,1299.0,0,0,400.0,0.0,7,0,0,,28
fixed_tuned,fixed,"2,9,10,3",0,120,9279000,28,4,730,1708469.0,26,114,120.0,0.0,0,0,0,,1
fixed_tuned,fixed,"2,9,10,3",0,120,9279004,28,4,730,3737273.0,57,232,120.0,0.0,0,0,0,,1
fixed_tuned,fixed,"9,2,10,3",1,120,9279001,28,4,730,1969356.0,30,136,120.0,0.0,0,0,0,,2
fixed_tuned,fixed,"9,10,2,3",2,120,9279002,28,4,730,3083716.0,47,179,120.0,0.0,0,0,0,,1
fixed_tuned,fixed,"9,10,3,2",3,120,9279003,28,4,730,1839949.0,28,114,120.0,0.0,0,0,0,,2
fixed_tuned,fixed,"9,2,10,3",1,120,9279005,28,4,730,1053111.0,16,96,120.0,0.0,0,0,0,,1
fixed_tuned,fixed,"9,10,2,3",2,120,9279006,28,4,730,2034389.0,31,141,120.0,0.0,0,0,0,,1
fixed_tuned,fixed,"9,10,3,2",3,120,9279007,28,4,730,1118805.0,17,79,120.0,0.0,0,0,0,,4
fixed_tuned,fixed,"2,9,10,3",0,120,9279008,28,4,730,2100669.0,32,126,120.0,0.0,0,0,0,,1
fixed_tuned,fixed,"9,2,10,3",1,120,9279009,28,4,730,2756633.0,42,173,120.0,0.0,0,0,0,,1
fixed_tuned,fixed,"9,10,3,2",3,120,9279011,28,4,730,1315796.0,20,101,120.0,0.0,0,0,0,,2
fixed_tuned,fixed,"9,10,2,3",2,120,9279010,28,4,730,1773751.0,27,107,120.0,0.0,0,0,0,,1
fixed_tuned,fixed,"2,9,10,3",0,120,9279012,28,4,730,2100828.0,32,133,120.0,0.0,0,0,0,,0
fixed_tuned,fixed,"9,2,10,3",1,120,9279013,28,4,730,1511626.0,23,96,120.0,0.0,0,0,0,,3
fixed_tuned,fixed,"9,10,2,3",2,120,9279014,28,4,730,1971091.0,30,117,120.0,0.0,0,0,0,,1
fixed_tuned,fixed,"9,10,3,2",3,120,9279015,28,4,730,1904754.0,29,133,120.0,0.0,0,0,0,,4
fixed_tuned,fixed,"9,2,10,3",1,120,9279017,28,4,730,3344894.0,51,214,120.0,0.0,0,0,0,,1
fixed_tuned,fixed,"2,9,10,3",0,120,9279016,28,4,730,2166877.0,33,115,120.0,0.0,0,0,0,,1
fixed_tuned,fixed,"9,10,2,3",2,120,9279018,28,4,730,2493160.0,38,185,120.0,0.0,0,0,0,,1
fixed_tuned,fixed,"2,9,10,3",0,120,9279020,28,4,730,2558047.0,39,194,120.0,0.0,0,0,0,,1
fixed_tuned,fixed,"9,10,3,2",3,120,9279019,28,4,730,2166481.0,33,125,120.0,0.0,0,0,0,,1
fixed_tuned,fixed,"9,10,3,2",3,120,9279023,28,4,730,1315087.0,20,77,120.0,0.0,0,0,0,,1
fixed_tuned,fixed,"9,2,10,3",1,120,9279021,28,4,730,2166873.0,33,128,120.0,0.0,0,0,0,,1
fixed_tuned,fixed,"9,10,2,3",2,120,9279022,28,4,730,1839272.0,28,103,120.0,0.0,0,0,0,,1
fixed_tuned,fixed,"2,9,10,3",0,120,9279024,28,4,730,2100337.0,32,125,120.0,0.0,0,0,0,,1
fixed_tuned,fixed,"9,2,10,3",1,120,9279025,28,4,730,1118195.0,17,75,120.0,0.0,0,0,0,,3
fixed_tuned,fixed,"9,10,2,3",2,120,9279026,28,4,730,1839372.0,28,117,120.0,0.0,0,0,0,,1
fixed_tuned,fixed,"9,10,3,2",3,120,9279027,28,4,730,1511415.0,23,82,120.0,0.0,0,0,0,,3
fixed_tuned,fixed,"2,9,10,3",0,120,9279028,28,4,730,1905396.0,29,114,120.0,0.0,0,0,0,,1
fixed_tuned,fixed,"9,2,10,3",1,120,9279029,28,4,730,1838476.0,28,109,120.0,0.0,0,0,0,,1
fixed_tuned,fixed,"2,9,10,3",0,400,9279000,28,4,730,949.0,0,0,400.0,0.0,5,0,0,,28
fixed_tuned,fixed,"9,2,10,3",1,400,9279001,28,4,730,916.0,0,0,400.0,0.0,10,0,0,,28
fixed_tuned,fixed,"9,10,2,3",2,400,9279002,28,4,730,668.0,0,0,400.0,0.0,13,0,0,,25
fixed_tuned,fixed,"9,10,3,2",3,400,9279003,28,4,730,863.0,0,0,400.0,0.0,6,0,0,,24
fixed_tuned,fixed,"2,9,10,3",0,400,9279004,28,4,730,789.0,0,0,400.0,0.0,6,0,0,,26
fixed_tuned,fixed,"9,2,10,3",1,400,9279005,28,4,730,1190.0,0,0,400.0,0.0,11,0,0,,24
fixed_tuned,fixed,"9,10,2,3",2,400,9279006,28,4,730,959.0,0,0,400.0,0.0,5,0,0,,28
fixed_tuned,fixed,"9,10,3,2",3,400,9279007,28,4,730,597.0,0,0,400.0,0.0,6,0,0,,23
fixed_tuned,fixed,"2,9,10,3",0,400,9279008,28,4,730,588.0,0,0,400.0,0.0,9,0,0,,25
fixed_tuned,fixed,"9,2,10,3",1,400,9279009,28,4,730,766.0,0,0,400.0,0.0,10,0,0,,27
fixed_tuned,fixed,"9,10,2,3",2,400,9279010,28,4,730,1020.0,0,0,400.0,0.0,8,0,0,,23
fixed_tuned,fixed,"9,10,3,2",3,400,9279011,28,4,730,1235.0,0,0,400.0,0.0,6,0,0,,25
fixed_tuned,fixed,"2,9,10,3",0,400,9279012,28,4,730,1206.0,0,0,400.0,0.0,7,0,0,,27
fixed_tuned,fixed,"9,2,10,3",1,400,9279013,28,4,730,557.0,0,0,400.0,0.0,2,0,0,,28
fixed_tuned,fixed,"9,10,2,3",2,400,9279014,28,4,730,843.0,0,0,400.0,0.0,3,0,0,,22
fixed_tuned,fixed,"9,10,3,2",3,400,9279015,28,4,730,966.0,0,0,400.0,0.0,9,0,0,,25
fixed_tuned,fixed,"2,9,10,3",0,400,9279016,28,4,730,552.0,0,0,400.0,0.0,14,1,0,,24
fixed_tuned,fixed,"9,2,10,3",1,400,9279017,28,4,730,1048.0,0,0,400.0,0.0,6,0,0,,26
fixed_tuned,fixed,"9,10,2,3",2,400,9279018,28,4,730,945.0,0,0,400.0,0.0,2,0,0,,26
fixed_tuned,fixed,"9,10,3,2",3,400,9279019,28,4,730,1050.0,0,0,400.0,0.0,7,0,0,,26
fixed_tuned,fixed,"2,9,10,3",0,400,9279020,28,4,730,730.0,0,0,400.0,0.0,8,0,0,,25
fixed_tuned,fixed,"9,2,10,3",1,400,9279021,28,4,730,792.0,0,0,400.0,0.0,11,0,0,,27
fixed_tuned,fixed,"9,10,2,3",2,400,9279022,28,4,730,552.0,0,0,400.0,0.0,10,0,0,,26
fixed_tuned,fixed,"9,10,3,2",3,400,9279023,28,4,730,1055.0,0,0,400.0,0.0,19,1,0,,26
fixed_tuned,fixed,"2,9,10,3",0,400,9279024,28,4,730,738.0,0,0,400.0,0.0,7,0,0,,24
fixed_tuned,fixed,"9,2,10,3",1,400,9279025,28,4,730,938.0,0,0,400.0,0.0,7,0,0,,28
fixed_tuned,fixed,"9,10,2,3",2,400,9279026,28,4,730,905.0,0,0,400.0,0.0,7,0,0,,28
fixed_tuned,fixed,"9,10,3,2",3,400,9279027,28,4,730,894.0,0,0,400.0,0.0,6,0,0,,28
fixed_tuned,fixed,"2,10,1,4",0,120,9279000,28,4,730,4181.0,0,0,120.0,0.0,0,0,0,,21
fixed_tuned,fixed,"10,2,1,4",1,120,9279001,28,4,730,4454.0,0,0,120.0,0.0,0,0,0,,20
fixed_tuned,fixed,"10,1,2,4",2,120,9279002,28,4,730,4133.0,0,0,120.0,0.0,0,0,0,,18
fixed_tuned,fixed,"2,9,10,3",0,400,9279028,28,4,730,860.0,0,0,400.0,0.0,6,1,0,,26
fixed_tuned,fixed,"10,1,4,2",3,120,9279003,28,4,730,3980.0,0,0,120.0,0.0,0,0,0,,20
fixed_tuned,fixed,"2,10,1,4",0,120,9279004,28,4,730,3690.0,0,0,120.0,0.0,0,0,0,,19
fixed_tuned,fixed,"10,2,1,4",1,120,9279005,28,4,730,4198.0,0,0,120.0,0.0,0,0,0,,20
fixed_tuned,fixed,"10,1,2,4",2,120,9279006,28,4,730,4260.0,0,0,120.0,0.0,0,0,0,,21
fixed_tuned,fixed,"9,2,10,3",1,400,9279029,28,4,730,1390.0,0,0,400.0,0.0,7,0,0,,27
fixed_tuned,fixed,"10,1,4,2",3,120,9279007,28,4,730,2634.0,0,0,120.0,0.0,0,0,0,,22
fixed_tuned,fixed,"2,10,1,4",0,120,9279008,28,4,730,3270.0,0,0,120.0,0.0,0,0,0,,19
fixed_tuned,fixed,"10,2,1,4",1,120,9279009,28,4,730,3327.0,0,0,120.0,0.0,0,0,0,,21
fixed_tuned,fixed,"10,1,2,4",2,120,9279010,28,4,730,4230.0,0,0,120.0,0.0,0,0,0,,22
fixed_tuned,fixed,"10,1,4,2",3,120,9279011,28,4,730,3982.0,0,0,120.0,0.0,0,0,0,,18
fixed_tuned,fixed,"2,10,1,4",0,120,9279012,28,4,730,3074.0,0,0,120.0,0.0,0,0,0,,19
fixed_tuned,fixed,"10,2,1,4",1,120,9279013,28,4,730,4079.0,0,0,120.0,0.0,0,0,0,,17
fixed_tuned,fixed,"10,1,2,4",2,120,9279014,28,4,730,3763.0,0,0,120.0,0.0,0,0,0,,18
fixed_tuned,fixed,"10,1,4,2",3,120,9279015,28,4,730,4681.0,0,0,120.0,0.0,0,0,0,,22
fixed_tuned,fixed,"2,10,1,4",0,120,9279016,28,4,730,4436.0,0,0,120.0,0.0,0,0,0,,21
fixed_tuned,fixed,"10,2,1,4",1,120,9279017,28,4,730,3928.0,0,0,120.0,0.0,0,0,0,,19
fixed_tuned,fixed,"10,1,2,4",2,120,9279018,28,4,730,3548.0,0,0,120.0,0.0,0,0,0,,21
fixed_tuned,fixed,"10,1,4,2",3,120,9279019,28,4,730,3446.0,0,0,120.0,0.0,0,0,0,,24
fixed_tuned,fixed,"2,10,1,4",0,120,9279020,28,4,730,4121.0,0,0,120.0,0.0,0,0,0,,16
fixed_tuned,fixed,"10,2,1,4",1,120,9279021,28,4,730,4711.0,0,0,120.0,0.0,0,0,0,,20
fixed_tuned,fixed,"10,1,2,4",2,120,9279022,28,4,730,4336.0,0,0,120.0,0.0,0,0,0,,22
fixed_tuned,fixed,"10,1,4,2",3,120,9279023,28,4,730,4684.0,0,0,120.0,0.0,0,0,0,,22
fixed_tuned,fixed,"2,10,1,4",0,120,9279024,28,4,730,4545.0,0,0,120.0,0.0,0,0,0,,15
fixed_tuned,fixed,"10,2,1,4",1,120,9279025,28,4,730,4433.0,0,0,120.0,0.0,0,0,0,,20
fixed_tuned,fixed,"10,1,2,4",2,120,9279026,28,4,730,4130.0,0,0,120.0,0.0,0,0,0,,21
fixed_tuned,fixed,"10,1,4,2",3,120,9279027,28,4,730,3564.0,0,0,120.0,0.0,0,0,0,,16
fixed_tuned,fixed,"2,10,1,4",0,120,9279028,28,4,730,4522.0,0,0,120.0,0.0,0,0,0,,19
fixed_tuned,fixed,"10,2,1,4",1,120,9279029,28,4,730,2734.0,0,0,120.0,0.0,0,0,0,,16
fixed_tuned,fixed,"2,10,1,4",0,400,9279000,28,4,730,1445.0,0,0,400.0,0.0,23,0,0,,24
fixed_tuned,fixed,"10,2,1,4",1,400,9279001,28,4,730,876.0,0,0,400.0,0.0,15,0,0,,24
fixed_tuned,fixed,"10,1,2,4",2,400,9279002,28,4,730,1390.0,0,0,400.0,0.0,15,0,0,,26
fixed_tuned,fixed,"10,1,4,2",3,400,9279003,28,4,730,872.0,0,0,400.0,0.0,25,0,0,,28
fixed_tuned,fixed,"2,10,1,4",0,400,9279004,28,4,730,1077.0,0,0,400.0,0.0,20,0,0,,25
fixed_tuned,fixed,"10,2,1,4",1,400,9279005,28,4,730,1160.0,0,0,400.0,0.0,22,0,0,,26
fixed_tuned,fixed,"10,1,2,4",2,400,9279006,28,4,730,1631.0,0,0,400.0,0.0,17,0,0,,21
fixed_tuned,fixed,"10,1,4,2",3,400,9279007,28,4,730,1049.0,0,0,400.0,0.0,22,1,0,,24
fixed_tuned,fixed,"2,10,1,4",0,400,9279008,28,4,730,896.0,0,0,400.0,0.0,21,0,0,,28
fixed_tuned,fixed,"10,2,1,4",1,400,9279009,28,4,730,967.0,0,0,400.0,0.0,21,0,0,,25
fixed_tuned,fixed,"10,1,2,4",2,400,9279010,28,4,730,974.0,0,0,400.0,0.0,29,1,0,,24
fixed_tuned,fixed,"10,1,4,2",3,400,9279011,28,4,730,1007.0,0,0,400.0,0.0,19,0,0,,25
fixed_tuned,fixed,"2,10,1,4",0,400,9279012,28,4,730,880.0,0,0,400.0,0.0,16,0,0,,25
fixed_tuned,fixed,"10,2,1,4",1,400,9279013,28,4,730,1412.0,0,0,400.0,0.0,23,0,0,,22
fixed_tuned,fixed,"10,1,2,4",2,400,9279014,28,4,730,834.0,0,0,400.0,0.0,23,0,0,,25
fixed_tuned,fixed,"10,1,4,2",3,400,9279015,28,4,730,887.0,0,0,400.0,0.0,22,0,0,,24
fixed_tuned,fixed,"2,10,1,4",0,400,9279016,28,4,730,916.0,0,0,400.0,0.0,19,0,0,,23
fixed_tuned,fixed,"10,2,1,4",1,400,9279017,28,4,730,1063.0,0,0,400.0,0.0,24,0,0,,26
fixed_tuned,fixed,"10,1,2,4",2,400,9279018,28,4,730,914.0,0,0,400.0,0.0,30,1,0,,28
fixed_tuned,fixed,"2,10,1,4",0,400,9279020,28,4,730,1607.0,0,0,400.0,0.0,23,0,0,,26
fixed_tuned,fixed,"10,1,4,2",3,400,9279019,28,4,730,787.0,0,0,400.0,0.0,15,0,0,,28
fixed_tuned,fixed,"10,2,1,4",1,400,9279021,28,4,730,1267.0,0,0,400.0,0.0,23,2,0,,24
fixed_tuned,fixed,"10,1,2,4",2,400,9279022,28,4,730,693.0,0,0,400.0,0.0,18,0,0,,28
fixed_tuned,fixed,"10,1,4,2",3,400,9279023,28,4,730,956.0,0,0,400.0,0.0,13,0,0,,26
fixed_tuned,fixed,"2,10,1,4",0,400,9279024,28,4,730,1319.0,0,0,400.0,0.0,17,0,0,,23
fixed_tuned,fixed,"10,2,1,4",1,400,9279025,28,4,730,741.0,0,0,400.0,0.0,19,0,0,,26
fixed_tuned,fixed,"10,1,2,4",2,400,9279026,28,4,730,1223.0,0,0,400.0,0.0,17,0,0,,22
fixed_tuned,fixed,"10,1,4,2",3,400,9279027,28,4,730,1217.0,0,0,400.0,0.0,20,1,0,,26
fixed_tuned,fixed,"2,10,1,4",0,400,9279028,28,4,730,1095.0,0,0,400.0,0.0,22,0,0,,25
fixed_tuned,fixed,"10,2,1,4",1,400,9279029,28,4,730,936.0,0,0,400.0,0.0,27,2,0,,24
fixed_tuned,fixed,"2,1,1,1",0,120,9279000,28,4,730,2084.0,0,0,120.0,0.0,0,0,0,,25
fixed_tuned,fixed,"1,2,1,1",1,120,9279001,28,4,730,2205.0,0,0,120.0,0.0,0,0,0,,26
fixed_tuned,fixed,"1,1,2,1",2,120,9279002,28,4,730,1495.0,0,0,120.0,0.0,0,0,0,,23
fixed_tuned,fixed,"1,1,1,2",3,120,9279003,28,4,730,2381.0,0,0,120.0,0.0,0,0,0,,25
fixed_tuned,fixed,"2,1,1,1",0,120,9279004,28,4,730,2201.0,0,0,120.0,0.0,0,0,0,,25
fixed_tuned,fixed,"1,2,1,1",1,120,9279005,28,4,730,2448.0,0,0,120.0,0.0,0,0,0,,22
fixed_tuned,fixed,"1,1,2,1",2,120,9279006,28,4,730,2519.0,0,0,120.0,0.0,0,0,0,,24
fixed_tuned,fixed,"1,1,1,2",3,120,9279007,28,4,730,1660.0,0,0,120.0,0.0,0,0,0,,25
fixed_tuned,fixed,"2,1,1,1",0,120,9279008,28,4,730,2604.0,0,0,120.0,0.0,0,0,0,,24
fixed_tuned,fixed,"1,2,1,1",1,120,9279009,28,4,730,1424.0,0,0,120.0,0.0,0,0,0,,22
fixed_tuned,fixed,"1,1,2,1",2,120,9279010,28,4,730,2886.0,0,0,120.0,0.0,0,0,0,,27
fixed_tuned,fixed,"2,1,1,1",0,120,9279012,28,4,730,3309.0,0,0,120.0,0.0,0,0,0,,26
fixed_tuned,fixed,"1,1,1,2",3,120,9279011,28,4,730,2403.0,0,0,120.0,0.0,0,0,0,,23
fixed_tuned,fixed,"1,2,1,1",1,120,9279013,28,4,730,2808.0,0,0,120.0,0.0,0,0,0,,21
fixed_tuned,fixed,"1,1,2,1",2,120,9279014,28,4,730,2771.0,0,0,120.0,0.0,0,0,0,,26
fixed_tuned,fixed,"1,1,1,2",3,120,9279015,28,4,730,1257.0,0,0,120.0,0.0,0,0,0,,23
fixed_tuned,fixed,"2,1,1,1",0,120,9279016,28,4,730,1512.0,0,0,120.0,0.0,0,0,0,,23
fixed_tuned,fixed,"1,2,1,1",1,120,9279017,28,4,730,2573.0,0,0,120.0,0.0,0,0,0,,26
fixed_tuned,fixed,"1,1,1,2",3,120,9279019,28,4,730,2624.0,0,0,120.0,0.0,0,0,0,,24
fixed_tuned,fixed,"1,1,2,1",2,120,9279018,28,4,730,1812.0,0,0,120.0,0.0,0,0,0,,24
fixed_tuned,fixed,"2,1,1,1",0,120,9279020,28,4,730,1998.0,0,0,120.0,0.0,0,0,0,,23
fixed_tuned,fixed,"1,2,1,1",1,120,9279021,28,4,730,1812.0,0,0,120.0,0.0,0,0,0,,25
fixed_tuned,fixed,"1,1,2,1",2,120,9279022,28,4,730,2339.0,0,0,120.0,0.0,0,0,0,,27
fixed_tuned,fixed,"1,1,1,2",3,120,9279023,28,4,730,1771.0,0,0,120.0,0.0,0,0,0,,24
fixed_tuned,fixed,"2,1,1,1",0,120,9279024,28,4,730,2605.0,0,0,120.0,0.0,0,0,0,,24
fixed_tuned,fixed,"1,2,1,1",1,120,9279025,28,4,730,1842.0,0,0,120.0,0.0,0,0,0,,26
fixed_tuned,fixed,"1,1,2,1",2,120,9279026,28,4,730,3079.0,0,0,120.0,0.0,0,0,0,,26
fixed_tuned,fixed,"1,1,1,2",3,120,9279027,28,4,730,1602.0,0,0,120.0,0.0,0,0,0,,21
fixed_tuned,fixed,"2,1,1,1",0,120,9279028,28,4,730,2341.0,0,0,120.0,0.0,0,0,0,,23
fixed_tuned,fixed,"1,2,1,1",1,120,9279029,28,4,730,1231.0,0,0,120.0,0.0,0,0,0,,26
fixed_tuned,fixed,"2,1,1,1",0,400,9279000,28,4,730,236.0,0,0,400.0,0.0,14,0,0,,24
fixed_tuned,fixed,"1,2,1,1",1,400,9279001,28,4,730,254.0,0,0,400.0,0.0,11,0,0,,25
fixed_tuned,fixed,"1,1,2,1",2,400,9279002,28,4,730,225.0,0,0,400.0,0.0,17,0,0,,28
fixed_tuned,fixed,"1,1,1,2",3,400,9279003,28,4,730,180.0,0,0,400.0,0.0,15,0,0,,28
fixed_tuned,fixed,"2,1,1,1",0,400,9279004,28,4,730,171.0,0,0,400.0,0.0,12,0,0,,22
fixed_tuned,fixed,"1,2,1,1",1,400,9279005,28,4,730,229.0,0,0,400.0,0.0,11,0,0,,28
fixed_tuned,fixed,"1,1,2,1",2,400,9279006,28,4,730,116.0,0,0,400.0,0.0,12,1,0,,25
fixed_tuned,fixed,"1,1,1,2",3,400,9279007,28,4,730,186.0,0,0,400.0,0.0,21,0,0,,24
fixed_tuned,fixed,"2,1,1,1",0,400,9279008,28,4,730,364.0,0,0,400.0,0.0,10,0,0,,25
fixed_tuned,fixed,"1,2,1,1",1,400,9279009,28,4,730,149.0,0,0,400.0,0.0,11,0,0,,24
fixed_tuned,fixed,"1,1,2,1",2,400,9279010,28,4,730,147.0,0,0,400.0,0.0,13,0,0,,23
fixed_tuned,fixed,"1,1,1,2",3,400,9279011,28,4,730,154.0,0,0,400.0,0.0,13,1,0,,27
fixed_tuned,fixed,"2,1,1,1",0,400,9279012,28,4,730,260.0,0,0,400.0,0.0,14,0,0,,28
fixed_tuned,fixed,"1,2,1,1",1,400,9279013,28,4,730,132.0,0,0,400.0,0.0,9,0,0,,25
fixed_tuned,fixed,"1,1,2,1",2,400,9279014,28,4,730,210.0,0,0,400.0,0.0,10,0,0,,23
fixed_tuned,fixed,"1,1,1,2",3,400,9279015,28,4,730,306.0,0,0,400.0,0.0,14,0,0,,26
fixed_tuned,fixed,"2,1,1,1",0,400,9279016,28,4,730,152.0,0,0,400.0,0.0,12,0,0,,24
fixed_tuned,fixed,"1,2,1,1",1,400,9279017,28,4,730,388.0,0,0,400.0,0.0,11,0,0,,28
fixed_tuned,fixed,"1,1,2,1",2,400,9279018,28,4,730,450.0,0,0,400.0,0.0,8,0,0,,25
fixed_tuned,fixed,"1,1,1,2",3,400,9279019,28,4,730,266.0,0,0,400.0,0.0,11,0,0,,24
fixed_tuned,fixed,"2,1,1,1",0,400,9279020,28,4,730,121.0,0,0,400.0,0.0,16,0,0,,25
fixed_tuned,fixed,"1,2,1,1",1,400,9279021,28,4,730,171.0,0,0,400.0,0.0,13,0,0,,21
fixed_tuned,fixed,"1,1,2,1",2,400,9279022,28,4,730,171.0,0,0,390.0,10.0,13,0,0,,19
fixed_tuned,fixed,"1,1,1,2",3,400,9279023,28,4,730,179.0,0,0,400.0,0.0,11,0,0,,28
fixed_tuned,fixed,"2,1,1,1",0,400,9279024,28,4,730,249.0,0,0,400.0,0.0,13,0,0,,22
fixed_tuned,fixed,"1,2,1,1",1,400,9279025,28,4,730,110.0,0,0,400.0,0.0,15,1,0,,24
fixed_tuned,fixed,"1,1,2,1",2,400,9279026,28,4,730,250.0,0,0,400.0,0.0,8,0,0,,26
fixed_tuned,fixed,"1,1,1,2",3,400,9279027,28,4,730,189.0,0,0,400.0,0.0,6,0,0,,23
fixed_tuned,fixed,"2,1,1,1",0,400,9279028,28,4,730,402.0,0,0,400.0,0.0,12,0,0,,24
fixed_tuned,fixed,"1,2,1,1",1,400,9279029,28,4,730,222.0,0,0,400.0,0.0,13,0,0,,26
fixed_tuned,fixed,"3,2,3,3",1,120,9279001,28,4,730,2456.0,0,0,120.0,0.0,0,0,0,,25
fixed_tuned,fixed,"2,3,3,3",0,120,9279000,28,4,730,2355.0,0,0,110.0,10.0,0,0,0,,23
fixed_tuned,fixed,"3,3,3,2",3,120,9279003,28,4,730,2320.0,0,0,120.0,0.0,0,0,0,,21
fixed_tuned,fixed,"2,3,3,3",0,120,9279004,28,4,730,1808.0,0,0,120.0,0.0,0,0,0,,21
fixed_tuned,fixed,"3,3,2,3",2,120,9279002,28,4,730,2307.0,0,0,110.0,10.0,0,0,0,,26
fixed_tuned,fixed,"3,2,3,3",1,120,9279005,28,4,730,2267.0,0,0,110.0,10.0,0,0,0,,24
fixed_tuned,fixed,"3,3,2,3",2,120,9279006,28,4,730,2570.0,0,0,110.0,10.0,0,0,0,,22
fixed_tuned,fixed,"3,3,3,2",3,120,9279007,28,4,730,2383.0,0,0,120.0,0.0,0,0,0,,23
fixed_tuned,fixed,"2,3,3,3",0,120,9279008,28,4,730,2577.0,0,0,120.0,0.0,0,0,0,,26
fixed_tuned,fixed,"3,3,2,3",2,120,9279010,28,4,730,2392.0,0,0,120.0,0.0,0,0,0,,25
fixed_tuned,fixed,"3,2,3,3",1,120,9279009,28,4,730,2748.0,0,0,120.0,0.0,0,0,0,,26
fixed_tuned,fixed,"3,3,3,2",3,120,9279011,28,4,730,1041.0,0,0,110.0,10.0,0,0,0,,21
fixed_tuned,fixed,"3,2,3,3",1,120,9279013,28,4,730,3156.0,0,0,110.0,10.0,0,0,0,,24
fixed_tuned,fixed,"2,3,3,3",0,120,9279012,28,4,730,3670.0,0,0,110.0,10.0,0,0,0,,23
fixed_tuned,fixed,"3,3,3,2",3,120,9279015,28,4,730,1529.0,0,0,110.0,10.0,0,0,0,,18
fixed_tuned,fixed,"3,3,2,3",2,120,9279014,28,4,730,2477.0,0,0,120.0,0.0,0,0,0,,23
fixed_tuned,fixed,"2,3,3,3",0,120,9279016,28,4,730,1361.0,0,0,120.0,0.0,0,0,0,,21
fixed_tuned,fixed,"3,2,3,3",1,120,9279017,28,4,730,2161.0,0,0,120.0,0.0,0,0,0,,23
fixed_tuned,fixed,"3,3,2,3",2,120,9279018,28,4,730,2711.0,0,0,120.0,0.0,0,0,0,,25
fixed_tuned,fixed,"3,3,3,2",3,120,9279019,28,4,730,1680.0,0,0,110.0,10.0,0,0,0,,19
fixed_tuned,fixed,"3,2,3,3",1,120,9279021,28,4,730,3463.0,0,0,120.0,0.0,0,0,0,,24
fixed_tuned,fixed,"2,3,3,3",0,120,9279020,28,4,730,1849.0,0,0,120.0,0.0,0,0,0,,24
fixed_tuned,fixed,"3,3,2,3",2,120,9279022,28,4,730,2091.0,0,0,120.0,0.0,0,0,0,,23
fixed_tuned,fixed,"3,3,3,2",3,120,9279023,28,4,730,2179.0,0,0,120.0,0.0,0,0,0,,26
fixed_tuned,fixed,"2,3,3,3",0,120,9279024,28,4,730,1826.0,0,0,110.0,10.0,0,0,0,,20
fixed_tuned,fixed,"3,2,3,3",1,120,9279025,28,4,730,1529.0,0,0,110.0,10.0,0,0,0,,18
fixed_tuned,fixed,"3,3,2,3",2,120,9279026,28,4,730,2030.0,0,0,110.0,10.0,0,0,0,,19
fixed_tuned,fixed,"3,3,3,2",3,120,9279027,28,4,730,1740.0,0,0,120.0,0.0,0,0,0,,25
fixed_tuned,fixed,"3,2,3,3",1,120,9279029,28,4,730,2352.0,0,0,110.0,10.0,0,0,0,,19
fixed_tuned,fixed,"2,3,3,3",0,120,9279028,28,4,730,2890.0,0,0,120.0,0.0,0,0,0,,26
fixed_tuned,fixed,"2,3,3,3",0,400,9279000,28,4,730,128.0,0,0,350.0,50.0,1,0,0,,25
fixed_tuned,fixed,"3,2,3,3",1,400,9279001,28,4,730,90.0,0,0,350.0,50.0,5,0,0,,27
fixed_tuned,fixed,"3,3,2,3",2,400,9279002,28,4,730,216.0,0,0,350.0,50.0,3,0,0,,28
fixed_tuned,fixed,"3,3,3,2",3,400,9279003,28,4,730,96.0,0,0,350.0,50.0,4,0,0,,23
fixed_tuned,fixed,"2,3,3,3",0,400,9279004,28,4,730,36.0,0,0,350.0,50.0,4,0,0,,26
fixed_tuned,fixed,"3,2,3,3",1,400,9279005,28,4,730,98.0,0,0,350.0,50.0,2,0,0,,25
fixed_tuned,fixed,"3,3,2,3",2,400,9279006,28,4,730,8.0,0,0,340.0,60.0,1,0,0,,24
fixed_tuned,fixed,"2,3,3,3",0,400,9279008,28,4,730,58.0,0,0,350.0,50.0,1,0,0,,26
fixed_tuned,fixed,"3,3,3,2",3,400,9279007,28,4,730,60.0,0,0,340.0,60.0,1,0,0,,24
fixed_tuned,fixed,"3,2,3,3",1,400,9279009,28,4,730,55.0,0,0,340.0,60.0,3,0,0,,21
fixed_tuned,fixed,"3,3,2,3",2,400,9279010,28,4,730,36.0,0,0,340.0,60.0,7,0,0,,22
fixed_tuned,fixed,"3,3,3,2",3,400,9279011,28,4,730,31.0,0,0,340.0,60.0,0,0,0,,21
fixed_tuned,fixed,"2,3,3,3",0,400,9279012,28,4,730,98.0,0,0,340.0,60.0,0,0,0,,22
fixed_tuned,fixed,"3,3,2,3",2,400,9279014,28,4,730,0.0,0,0,340.0,60.0,3,0,0,,22
fixed_tuned,fixed,"3,2,3,3",1,400,9279013,28,4,730,50.0,0,0,350.0,50.0,2,0,0,,24
fixed_tuned,fixed,"3,3,3,2",3,400,9279015,28,4,730,123.0,0,0,340.0,60.0,5,0,0,,21
fixed_tuned,fixed,"2,3,3,3",0,400,9279016,28,4,730,91.0,0,0,350.0,50.0,0,0,0,,25
fixed_tuned,fixed,"3,2,3,3",1,400,9279017,28,4,730,14.0,0,0,350.0,50.0,0,0,0,,24
fixed_tuned,fixed,"3,3,2,3",2,400,9279018,28,4,730,145.0,0,0,350.0,50.0,1,0,0,,26
fixed_tuned,fixed,"2,3,3,3",0,400,9279020,28,4,730,103.0,0,0,340.0,60.0,3,0,0,,23
fixed_tuned,fixed,"3,3,3,2",3,400,9279019,28,4,730,157.0,0,0,350.0,50.0,1,0,0,,23
fixed_tuned,fixed,"3,3,2,3",2,400,9279022,28,4,730,30.0,0,0,350.0,50.0,4,0,0,,25
fixed_tuned,fixed,"3,2,3,3",1,400,9279021,28,4,730,165.0,0,0,350.0,50.0,2,0,0,,25
fixed_tuned,fixed,"3,3,3,2",3,400,9279023,28,4,730,96.0,0,0,350.0,50.0,3,0,0,,24
fixed_tuned,fixed,"2,3,3,3",0,400,9279024,28,4,730,43.0,0,0,350.0,50.0,1,0,0,,25
fixed_tuned,fixed,"2,4,4,4",0,120,9279000,28,4,730,4622.0,0,0,120.0,0.0,0,0,0,,15
fixed_tuned,fixed,"4,2,4,4",1,120,9279001,28,4,730,4467.0,0,0,120.0,0.0,0,0,0,,24
fixed_tuned,fixed,"4,4,2,4",2,120,9279002,28,4,730,4617.0,0,0,120.0,0.0,0,0,0,,20
fixed_tuned,fixed,"4,4,4,2",3,120,9279003,28,4,730,3273.0,0,0,120.0,0.0,0,0,0,,15
fixed_tuned,fixed,"3,2,3,3",1,400,9279025,28,4,730,37.0,0,0,340.0,60.0,2,0,0,,24
fixed_tuned,fixed,"3,3,2,3",2,400,9279026,28,4,730,35.0,0,0,350.0,50.0,3,0,0,,25
fixed_tuned,fixed,"2,4,4,4",0,120,9279004,28,4,730,4284.0,0,0,120.0,0.0,0,0,0,,18
fixed_tuned,fixed,"4,2,4,4",1,120,9279005,28,4,730,3680.0,0,0,120.0,0.0,0,0,0,,20
fixed_tuned,fixed,"4,4,2,4",2,120,9279006,28,4,730,4298.0,0,0,120.0,0.0,0,0,0,,19
fixed_tuned,fixed,"4,4,4,2",3,120,9279007,28,4,730,4914.0,0,0,120.0,0.0,0,0,0,,15
fixed_tuned,fixed,"2,4,4,4",0,120,9279008,28,4,730,4210.0,0,0,120.0,0.0,0,0,0,,20
fixed_tuned,fixed,"3,3,3,2",3,400,9279027,28,4,730,102.0,0,0,350.0,50.0,3,0,0,,24
fixed_tuned,fixed,"4,2,4,4",1,120,9279009,28,4,730,3350.0,0,0,120.0,0.0,0,0,0,,14
fixed_tuned,fixed,"2,3,3,3",0,400,9279028,28,4,730,148.0,0,0,340.0,60.0,5,0,0,,23
fixed_tuned,fixed,"4,4,2,4",2,120,9279010,28,4,730,5296.0,0,0,120.0,0.0,0,0,0,,17
fixed_tuned,fixed,"4,4,4,2",3,120,9279011,28,4,730,4133.0,0,0,120.0,0.0,0,0,0,,20
fixed_tuned,fixed,"2,4,4,4",0,120,9279012,28,4,730,4166.0,0,0,120.0,0.0,0,0,0,,19
fixed_tuned,fixed,"4,2,4,4",1,120,9279013,28,4,730,3840.0,0,0,120.0,0.0,0,0,0,,21
fixed_tuned,fixed,"4,4,2,4",2,120,9279014,28,4,730,4410.0,0,0,120.0,0.0,0,0,0,,16
fixed_tuned,fixed,"4,4,4,2",3,120,9279015,28,4,730,4318.0,0,0,120.0,0.0,0,0,0,,14
fixed_tuned,fixed,"3,2,3,3",1,400,9279029,28,4,730,36.0,0,0,340.0,60.0,1,0,0,,23
fixed_tuned,fixed,"2,4,4,4",0,120,9279016,28,4,730,5146.0,0,0,120.0,0.0,0,0,0,,14
fixed_tuned,fixed,"4,2,4,4",1,120,9279017,28,4,730,4883.0,0,0,120.0,0.0,0,0,0,,15
fixed_tuned,fixed,"4,4,2,4",2,120,9279018,28,4,730,4597.0,0,0,120.0,0.0,0,0,0,,20
fixed_tuned,fixed,"4,4,4,2",3,120,9279019,28,4,730,3297.0,0,0,120.0,0.0,0,0,0,,20
fixed_tuned,fixed,"2,4,4,4",0,120,9279020,28,4,730,5685.0,0,0,120.0,0.0,0,0,0,,17
fixed_tuned,fixed,"4,4,2,4",2,120,9279022,28,4,730,4576.0,0,0,120.0,0.0,0,0,0,,20
fixed_tuned,fixed,"4,2,4,4",1,120,9279021,28,4,730,4123.0,0,0,120.0,0.0,0,0,0,,22
fixed_tuned,fixed,"4,4,4,2",3,120,9279023,28,4,730,4872.0,0,0,120.0,0.0,0,0,0,,21
fixed_tuned,fixed,"2,4,4,4",0,120,9279024,28,4,730,4290.0,0,0,120.0,0.0,0,0,0,,18
fixed_tuned,fixed,"4,2,4,4",1,120,9279025,28,4,730,5154.0,0,0,120.0,0.0,0,0,0,,14
fixed_tuned,fixed,"4,4,2,4",2,120,9279026,28,4,730,3734.0,0,0,120.0,0.0,0,0,0,,17
fixed_tuned,fixed,"4,4,4,2",3,120,9279027,28,4,730,4231.0,0,0,120.0,0.0,0,0,0,,18
fixed_tuned,fixed,"2,4,4,4",0,120,9279028,28,4,730,4676.0,0,0,120.0,0.0,0,0,0,,19
fixed_tuned,fixed,"4,2,4,4",1,120,9279029,28,4,730,5128.0,0,0,120.0,0.0,0,0,0,,18
fixed_tuned,fixed,"2,4,4,4",0,400,9279000,28,4,730,3414.0,0,0,210.0,190.0,22,0,0,,27
fixed_tuned,fixed,"4,2,4,4",1,400,9279001,28,4,730,2356.0,0,0,210.0,190.0,40,2,0,,22
fixed_tuned,fixed,"4,4,2,4",2,400,9279002,28,4,730,3097.0,0,0,220.0,180.0,36,2,0,,26
fixed_tuned,fixed,"4,4,4,2",3,400,9279003,28,4,730,3241.0,0,0,210.0,190.0,27,1,0,,26
fixed_tuned,fixed,"2,4,4,4",0,400,9279004,28,4,730,3296.0,0,0,210.0,190.0,37,1,0,,24
fixed_tuned,fixed,"4,2,4,4",1,400,9279005,28,4,730,3097.0,0,0,190.0,210.0,33,1,0,,21
fixed_tuned,fixed,"4,4,2,4",2,400,9279006,28,4,730,2951.0,0,0,230.0,170.0,48,2,0,,22
fixed_tuned,fixed,"4,4,4,2",3,400,9279007,28,4,730,1879.0,0,0,200.0,200.0,23,1,0,,24
fixed_tuned,fixed,"2,4,4,4",0,400,9279008,28,4,730,4023.0,0,0,200.0,200.0,26,0,0,,22
fixed_tuned,fixed,"4,2,4,4",1,400,9279009,28,4,730,3351.0,0,0,210.0,190.0,23,0,0,,24
fixed_tuned,fixed,"4,4,2,4",2,400,9279010,28,4,730,2730.0,0,0,210.0,190.0,37,1,0,,23
fixed_tuned,fixed,"4,4,4,2",3,400,9279011,28,4,730,2831.0,0,0,200.0,200.0,33,1,0,,23
fixed_tuned,fixed,"2,4,4,4",0,400,9279012,28,4,730,2742.0,0,0,200.0,200.0,41,2,0,,21
fixed_tuned,fixed,"4,2,4,4",1,400,9279013,28,4,730,2924.0,0,0,210.0,190.0,32,2,0,,23
fixed_tuned,fixed,"4,4,2,4",2,400,9279014,28,4,730,2886.0,0,0,210.0,190.0,31,1,0,,25
fixed_tuned,fixed,"4,4,4,2",3,400,9279015,28,4,730,3351.0,0,0,190.0,210.0,22,0,0,,25
fixed_tuned,fixed,"2,4,4,4",0,400,9279016,28,4,730,2336.0,0,0,220.0,180.0,48,4,0,,25
fixed_tuned,fixed,"4,2,4,4",1,400,9279017,28,4,730,3404.0,0,0,190.0,210.0,30,0,0,,23
fixed_tuned,fixed,"4,4,2,4",2,400,9279018,28,4,730,3008.0,0,0,210.0,190.0,32,1,0,,25
fixed_tuned,fixed,"2,4,4,4",0,400,9279020,28,4,730,2808.0,0,0,190.0,210.0,21,1,0,,24
fixed_tuned,fixed,"4,4,4,2",3,400,9279019,28,4,730,3416.0,0,0,200.0,200.0,37,0,0,,21
fixed_tuned,fixed,"4,2,4,4",1,400,9279021,28,4,730,2512.0,0,0,220.0,180.0,38,1,0,,26
fixed_tuned,fixed,"4,4,2,4",2,400,9279022,28,4,730,3576.0,0,0,210.0,190.0,35,2,0,,24
fixed_tuned,fixed,"4,4,4,2",3,400,9279023,28,4,730,3663.0,0,0,210.0,190.0,38,1,0,,26
fixed_tuned,fixed,"2,4,4,4",0,400,9279024,28,4,730,3579.0,0,0,210.0,190.0,35,1,0,,28
fixed_tuned,fixed,"4,2,4,4",1,400,9279025,28,4,730,3302.0,0,0,210.0,190.0,26,1,0,,26
fixed_tuned,fixed,"4,4,2,4",2,400,9279026,28,4,730,3499.0,0,0,200.0,200.0,27,1,0,,24
fixed_tuned,fixed,"4,4,4,2",3,400,9279027,28,4,730,2836.0,0,0,190.0,210.0,27,0,0,,25
fixed_tuned,fixed,"2,4,4,4",0,400,9279028,28,4,730,2842.0,0,0,190.0,210.0,25,0,0,,23
fixed_tuned,fixed,"4,2,4,4",1,400,9279029,28,4,730,2545.0,0,0,220.0,180.0,48,4,0,,20
fixed_tuned,fixed,"2,6,6,6",0,120,9279000,28,4,730,2555.0,0,0,120.0,0.0,0,0,0,,23
fixed_tuned,fixed,"6,6,2,6",2,120,9279002,28,4,730,4339.0,0,0,120.0,0.0,0,0,0,,26
fixed_tuned,fixed,"6,2,6,6",1,120,9279001,28,4,730,3443.0,0,0,120.0,0.0,0,0,0,,21
fixed_tuned,fixed,"6,6,6,2",3,120,9279003,28,4,730,2377.0,0,0,120.0,0.0,0,0,0,,24
fixed_tuned,fixed,"2,6,6,6",0,120,9279004,28,4,730,1853.0,0,0,120.0,0.0,0,0,0,,25
fixed_tuned,fixed,"6,2,6,6",1,120,9279005,28,4,730,972.0,0,0,110.0,10.0,0,0,0,,21
fixed_tuned,fixed,"6,6,2,6",2,120,9279006,28,4,730,3476.0,0,0,120.0,0.0,0,0,0,,20
fixed_tuned,fixed,"6,6,6,2",3,120,9279007,28,4,730,1788.0,0,0,120.0,0.0,0,0,0,,25
fixed_tuned,fixed,"2,6,6,6",0,120,9279008,28,4,730,3844.0,0,0,120.0,0.0,0,0,0,,26
fixed_tuned,fixed,"6,2,6,6",1,120,9279009,28,4,730,2342.0,0,0,120.0,0.0,0,0,0,,19
fixed_tuned,fixed,"6,6,2,6",2,120,9279010,28,4,730,3275.0,0,0,120.0,0.0,0,0,0,,24
fixed_tuned,fixed,"6,6,6,2",3,120,9279011,28,4,730,1702.0,0,0,120.0,0.0,0,0,0,,21
fixed_tuned,fixed,"2,6,6,6",0,120,9279012,28,4,730,944.0,0,0,120.0,0.0,0,0,0,,22
fixed_tuned,fixed,"6,2,6,6",1,120,9279013,28,4,730,2397.0,0,0,120.0,0.0,0,0,0,,22
fixed_tuned,fixed,"6,6,2,6",2,120,9279014,28,4,730,927.0,0,0,120.0,0.0,0,0,0,,25
fixed_tuned,fixed,"6,6,6,2",3,120,9279015,28,4,730,827.0,0,0,120.0,0.0,0,0,0,,21
fixed_tuned,fixed,"2,6,6,6",0,120,9279016,28,4,730,2255.0,0,0,120.0,0.0,0,0,0,,22
fixed_tuned,fixed,"6,2,6,6",1,120,9279017,28,4,730,3594.0,0,0,120.0,0.0,0,0,0,,21
fixed_tuned,fixed,"6,6,2,6",2,120,9279018,28,4,730,1988.0,0,0,120.0,0.0,0,0,0,,21
fixed_tuned,fixed,"6,6,6,2",3,120,9279019,28,4,730,1329.0,0,0,120.0,0.0,0,0,0,,22
fixed_tuned,fixed,"2,6,6,6",0,120,9279020,28,4,730,2965.0,0,0,120.0,0.0,0,0,0,,20
fixed_tuned,fixed,"6,2,6,6",1,120,9279021,28,4,730,1286.0,0,0,120.0,0.0,0,0,0,,24
fixed_tuned,fixed,"6,6,2,6",2,120,9279022,28,4,730,2703.0,0,0,120.0,0.0,0,0,0,,21
fixed_tuned,fixed,"6,6,6,2",3,120,9279023,28,4,730,1962.0,0,0,120.0,0.0,0,0,0,,20
fixed_tuned,fixed,"2,6,6,6",0,120,9279024,28,4,730,2744.0,0,0,120.0,0.0,0,0,0,,23
fixed_tuned,fixed,"6,2,6,6",1,120,9279025,28,4,730,1013.0,0,0,120.0,0.0,0,0,0,,25
fixed_tuned,fixed,"6,6,2,6",2,120,9279026,28,4,730,3383.0,0,0,120.0,0.0,0,0,0,,18
fixed_tuned,fixed,"6,6,6,2",3,120,9279027,28,4,730,3474.0,0,0,120.0,0.0,0,0,0,,19
fixed_tuned,fixed,"2,6,6,6",0,120,9279028,28,4,730,2391.0,0,0,120.0,0.0,0,0,0,,26
fixed_tuned,fixed,"6,2,6,6",1,120,9279029,28,4,730,3458.0,0,0,120.0,0.0,0,0,0,,23
fixed_tuned,fixed,"2,6,6,6",0,400,9279000,28,4,730,807.0,0,0,170.0,230.0,16,0,0,,25
fixed_tuned,fixed,"6,2,6,6",1,400,9279001,28,4,730,484.0,0,0,170.0,230.0,22,1,0,,25
fixed_tuned,fixed,"6,6,2,6",2,400,9279002,28,4,730,228.0,0,0,190.0,210.0,21,1,0,,27
fixed_tuned,fixed,"6,6,6,2",3,400,9279003,28,4,730,77.0,0,0,160.0,240.0,14,2,0,,21
fixed_tuned,fixed,"2,6,6,6",0,400,9279004,28,4,730,321.0,0,0,180.0,220.0,15,0,0,,22
fixed_tuned,fixed,"6,2,6,6",1,400,9279005,28,4,730,0.0,0,0,160.0,240.0,10,0,0,,21
fixed_tuned,fixed,"6,6,2,6",2,400,9279006,28,4,730,210.0,0,0,170.0,230.0,17,0,0,,23
fixed_tuned,fixed,"2,6,6,6",0,400,9279008,28,4,730,130.0,0,0,190.0,210.0,19,1,0,,24
fixed_tuned,fixed,"6,6,6,2",3,400,9279007,28,4,730,366.0,0,0,180.0,220.0,16,1,0,,22
fixed_tuned,fixed,"6,2,6,6",1,400,9279009,28,4,730,0.0,0,0,140.0,260.0,6,0,0,,24
fixed_tuned,fixed,"6,6,2,6",2,400,9279010,28,4,730,0.0,0,0,170.0,230.0,11,0,0,,22
fixed_tuned,fixed,"6,6,6,2",3,400,9279011,28,4,730,15.0,0,0,140.0,260.0,8,0,0,,24
fixed_tuned,fixed,"2,6,6,6",0,400,9279012,28,4,730,221.0,0,0,170.0,230.0,18,1,0,,25
fixed_tuned,fixed,"6,2,6,6",1,400,9279013,28,4,730,34.0,0,0,140.0,260.0,8,0,0,,21
fixed_tuned,fixed,"6,6,2,6",2,400,9279014,28,4,730,265.0,0,0,170.0,230.0,13,0,0,,24
fixed_tuned,fixed,"6,6,6,2",3,400,9279015,28,4,730,97.0,0,0,160.0,240.0,13,0,0,,25
fixed_tuned,fixed,"2,6,6,6",0,400,9279016,28,4,730,0.0,0,0,140.0,260.0,5,0,0,,24
fixed_tuned,fixed,"6,2,6,6",1,400,9279017,28,4,730,192.0,0,0,170.0,230.0,14,0,0,,21
fixed_tuned,fixed,"6,6,2,6",2,400,9279018,28,4,730,21.0,0,0,190.0,210.0,17,0,0,,24
fixed_tuned,fixed,"6,6,6,2",3,400,9279019,28,4,730,0.0,0,0,160.0,240.0,7,1,0,,22
fixed_tuned,fixed,"2,6,6,6",0,400,9279020,28,4,730,0.0,0,0,140.0,260.0,5,0,0,,24
fixed_tuned,fixed,"6,6,2,6",2,400,9279022,28,4,730,34.0,0,0,140.0,260.0,5,0,0,,23
fixed_tuned,fixed,"6,2,6,6",1,400,9279021,28,4,730,513.0,0,0,180.0,220.0,24,0,0,,24
fixed_tuned,fixed,"6,6,6,2",3,400,9279023,28,4,730,686.0,0,0,180.0,220.0,19,0,0,,23
fixed_tuned,fixed,"2,6,6,6",0,400,9279024,28,4,730,37.0,0,0,170.0,230.0,12,0,0,,26
fixed_tuned,fixed,"6,2,6,6",1,400,9279025,28,4,730,48.0,0,0,140.0,260.0,5,1,0,,24
fixed_tuned,fixed,"6,6,2,6",2,400,9279026,28,4,730,283.0,0,0,180.0,220.0,17,1,0,,23
fixed_tuned,fixed,"6,6,6,2",3,400,9279027,28,4,730,50.0,0,0,180.0,220.0,9,0,0,,25
fixed_tuned,fixed,"2,6,6,6",0,400,9279028,28,4,730,33.0,0,0,160.0,240.0,12,0,0,,22
fixed_tuned,fixed,"6,2,6,6",1,400,9279029,28,4,730,426.0,0,0,170.0,230.0,18,1,0,,24
fixed_tuned,fixed,"2,7,7,7",0,120,9279000,28,4,730,1397.0,0,0,120.0,0.0,0,0,0,,22
fixed_tuned,fixed,"7,2,7,7",1,120,9279001,28,4,730,1279.0,0,0,120.0,0.0,0,0,0,,19
fixed_tuned,fixed,"7,7,2,7",2,120,9279002,28,4,730,466.0,0,0,120.0,0.0,0,0,0,,26
fixed_tuned,fixed,"7,7,7,2",3,120,9279003,28,4,730,857.0,0,0,120.0,0.0,0,0,0,,22
fixed_tuned,fixed,"2,7,7,7",0,120,9279004,28,4,730,1758.0,0,0,120.0,0.0,0,0,0,,26
fixed_tuned,fixed,"7,2,7,7",1,120,9279005,28,4,730,1351.0,0,0,120.0,0.0,0,0,0,,22
fixed_tuned,fixed,"7,7,2,7",2,120,9279006,28,4,730,1630.0,0,0,120.0,0.0,0,0,0,,22
fixed_tuned,fixed,"7,7,7,2",3,120,9279007,28,4,730,1843.0,0,0,120.0,0.0,0,0,0,,23
fixed_tuned,fixed,"2,7,7,7",0,120,9279008,28,4,730,520.0,0,0,120.0,0.0,0,0,0,,26
fixed_tuned,fixed,"7,2,7,7",1,120,9279009,28,4,730,1170.0,0,0,120.0,0.0,0,0,0,,19
fixed_tuned,fixed,"7,7,2,7",2,120,9279010,28,4,730,1165.0,0,0,120.0,0.0,0,0,0,,23
fixed_tuned,fixed,"7,7,7,2",3,120,9279011,28,4,730,300.0,0,0,120.0,0.0,0,0,0,,25
fixed_tuned,fixed,"2,7,7,7",0,120,9279012,28,4,730,1440.0,0,0,120.0,0.0,0,0,0,,21
fixed_tuned,fixed,"7,2,7,7",1,120,9279013,28,4,730,895.0,0,0,120.0,0.0,0,0,0,,21
fixed_tuned,fixed,"7,7,2,7",2,120,9279014,28,4,730,120.0,0,0,120.0,0.0,0,0,0,,25
fixed_tuned,fixed,"7,7,7,2",3,120,9279015,28,4,730,1032.0,0,0,120.0,0.0,0,0,0,,21
fixed_tuned,fixed,"2,7,7,7",0,120,9279016,28,4,730,574.0,0,0,120.0,0.0,0,0,0,,22
fixed_tuned,fixed,"7,2,7,7",1,120,9279017,28,4,730,647.0,0,0,120.0,0.0,0,0,0,,21
fixed_tuned,fixed,"7,7,2,7",2,120,9279018,28,4,730,1477.0,0,0,120.0,0.0,0,0,0,,22
fixed_tuned,fixed,"7,7,7,2",3,120,9279019,28,4,730,894.0,0,0,120.0,0.0,0,0,0,,22
fixed_tuned,fixed,"2,7,7,7",0,120,9279020,28,4,730,321.0,0,0,120.0,0.0,0,0,0,,25
fixed_tuned,fixed,"7,2,7,7",1,120,9279021,28,4,730,1084.0,0,0,120.0,0.0,0,0,0,,23
fixed_tuned,fixed,"7,7,2,7",2,120,9279022,28,4,730,123.0,0,0,120.0,0.0,0,0,0,,26
fixed_tuned,fixed,"7,7,7,2",3,120,9279023,28,4,730,204.0,0,0,120.0,0.0,0,0,0,,26
fixed_tuned,fixed,"2,7,7,7",0,120,9279024,28,4,730,54.0,0,0,120.0,0.0,0,0,0,,26
fixed_tuned,fixed,"7,2,7,7",1,120,9279025,28,4,730,415.0,0,0,120.0,0.0,0,0,0,,22
fixed_tuned,fixed,"7,7,2,7",2,120,9279026,28,4,730,149.0,0,0,120.0,0.0,0,0,0,,25
fixed_tuned,fixed,"2,7,7,7",0,120,9279028,28,4,730,1784.0,0,0,120.0,0.0,0,0,0,,27
fixed_tuned,fixed,"7,7,7,2",3,120,9279027,28,4,730,464.0,0,0,120.0,0.0,0,0,0,,26
fixed_tuned,fixed,"7,2,7,7",1,120,9279029,28,4,730,470.0,0,0,120.0,0.0,0,0,0,,22
fixed_tuned,fixed,"2,7,7,7",0,400,9279000,28,4,730,673.0,0,0,400.0,0.0,19,0,0,,21
fixed_tuned,fixed,"7,2,7,7",1,400,9279001,28,4,730,104.0,0,0,400.0,0.0,18,1,0,,25
fixed_tuned,fixed,"7,7,2,7",2,400,9279002,28,4,730,425.0,0,0,400.0,0.0,23,0,0,,26
fixed_tuned,fixed,"7,7,7,2",3,400,9279003,28,4,730,191.0,0,0,400.0,0.0,18,0,0,,21
fixed_tuned,fixed,"2,7,7,7",0,400,9279004,28,4,730,576.0,0,0,400.0,0.0,19,0,0,,23
fixed_tuned,fixed,"7,2,7,7",1,400,9279005,28,4,730,264.0,0,0,400.0,0.0,18,0,0,,28
fixed_tuned,fixed,"7,7,2,7",2,400,9279006,28,4,730,34.0,0,0,400.0,0.0,8,0,0,,23
fixed_tuned,fixed,"7,7,7,2",3,400,9279007,28,4,730,272.0,0,0,400.0,0.0,17,0,0,,19
fixed_tuned,fixed,"2,7,7,7",0,400,9279008,28,4,730,501.0,0,0,400.0,0.0,11,0,0,,27
fixed_tuned,fixed,"7,2,7,7",1,400,9279009,28,4,730,194.0,0,0,400.0,0.0,14,0,0,,25
fixed_tuned,fixed,"7,7,2,7",2,400,9279010,28,4,730,625.0,0,0,400.0,0.0,14,0,0,,24
fixed_tuned,fixed,"7,7,7,2",3,400,9279011,28,4,730,90.0,0,0,400.0,0.0,11,0,0,,20
fixed_tuned,fixed,"2,7,7,7",0,400,9279012,28,4,730,591.0,0,0,400.0,0.0,15,0,0,,23
fixed_tuned,fixed,"7,2,7,7",1,400,9279013,28,4,730,185.0,0,0,400.0,0.0,12,0,0,,19
fixed_tuned,fixed,"7,7,2,7",2,400,9279014,28,4,730,382.0,0,0,400.0,0.0,15,1,0,,21
fixed_tuned,fixed,"7,7,7,2",3,400,9279015,28,4,730,601.0,0,0,400.0,0.0,16,1,0,,26
fixed_tuned,fixed,"2,7,7,7",0,400,9279016,28,4,730,254.0,0,0,400.0,0.0,14,0,0,,25
fixed_tuned,fixed,"7,2,7,7",1,400,9279017,28,4,730,221.0,0,0,400.0,0.0,9,0,0,,24
fixed_tuned,fixed,"7,7,2,7",2,400,9279018,28,4,730,233.0,0,0,400.0,0.0,12,0,0,,23
fixed_tuned,fixed,"7,7,7,2",3,400,9279019,28,4,730,236.0,0,0,400.0,0.0,9,0,0,,26
fixed_tuned,fixed,"2,7,7,7",0,400,9279020,28,4,730,77.0,0,0,400.0,0.0,8,0,0,,27
fixed_tuned,fixed,"7,2,7,7",1,400,9279021,28,4,730,749.0,0,0,400.0,0.0,17,1,0,,27
fixed_tuned,fixed,"7,7,2,7",2,400,9279022,28,4,730,252.0,0,0,400.0,0.0,9,0,0,,21
fixed_tuned,fixed,"7,7,7,2",3,400,9279023,28,4,730,152.0,0,0,400.0,0.0,12,0,0,,18
fixed_tuned,fixed,"2,7,7,7",0,400,9279024,28,4,730,303.0,0,0,400.0,0.0,14,0,0,,20
fixed_tuned,fixed,"7,2,7,7",1,400,9279025,28,4,730,138.0,0,0,400.0,0.0,15,1,0,,22
fixed_tuned,fixed,"7,7,2,7",2,400,9279026,28,4,730,142.0,0,0,400.0,0.0,14,0,0,,24
fixed_tuned,fixed,"7,7,7,2",3,400,9279027,28,4,730,219.0,0,0,400.0,0.0,12,0,0,,26
fixed_tuned,fixed,"2,7,7,7",0,400,9279028,28,4,730,356.0,0,0,400.0,0.0,17,0,0,,23
fixed_tuned,fixed,"7,2,7,7",1,400,9279029,28,4,730,307.0,0,0,400.0,0.0,10,0,0,,25
fixed_tuned,fixed,"2,8,8,8",0,120,9279000,28,4,730,3249.0,0,0,120.0,0.0,0,0,0,,23
fixed_tuned,fixed,"8,2,8,8",1,120,9279001,28,4,730,2355.0,0,0,120.0,0.0,0,0,0,,23
fixed_tuned,fixed,"8,8,2,8",2,120,9279002,28,4,730,2191.0,0,0,120.0,0.0,0,0,0,,26
fixed_tuned,fixed,"8,8,8,2",3,120,9279003,28,4,730,3368.0,0,0,120.0,0.0,0,0,0,,25
fixed_tuned,fixed,"2,8,8,8",0,120,9279004,28,4,730,2358.0,0,0,120.0,0.0,0,0,0,,26
fixed_tuned,fixed,"8,2,8,8",1,120,9279005,28,4,730,2491.0,0,0,120.0,0.0,0,0,0,,26
fixed_tuned,fixed,"8,8,2,8",2,120,9279006,28,4,730,3564.0,0,0,120.0,0.0,0,0,0,,23
fixed_tuned,fixed,"8,8,8,2",3,120,9279007,28,4,730,1875.0,0,0,120.0,0.0,0,0,0,,20
fixed_tuned,fixed,"2,8,8,8",0,120,9279008,28,4,730,2386.0,0,0,120.0,0.0,0,0,0,,25
fixed_tuned,fixed,"8,2,8,8",1,120,9279009,28,4,730,2246.0,0,0,120.0,0.0,0,0,0,,19
fixed_tuned,fixed,"8,8,2,8",2,120,9279010,28,4,730,1805.0,0,0,120.0,0.0,0,0,0,,22
fixed_tuned,fixed,"8,8,8,2",3,120,9279011,28,4,730,1224.0,0,0,120.0,0.0,0,0,0,,26
fixed_tuned,fixed,"2,8,8,8",0,120,9279012,28,4,730,2906.0,0,0,120.0,0.0,0,0,0,,25
fixed_tuned,fixed,"8,2,8,8",1,120,9279013,28,4,730,3330.0,0,0,120.0,0.0,0,0,0,,26
fixed_tuned,fixed,"8,8,2,8",2,120,9279014,28,4,730,1641.0,0,0,120.0,0.0,0,0,0,,20
fixed_tuned,fixed,"8,8,8,2",3,120,9279015,28,4,730,2119.0,0,0,120.0,0.0,0,0,0,,20
fixed_tuned,fixed,"2,8,8,8",0,120,9279016,28,4,730,1689.0,0,0,120.0,0.0,0,0,0,,21
fixed_tuned,fixed,"8,2,8,8",1,120,9279017,28,4,730,2135.0,0,0,120.0,0.0,0,0,0,,25
fixed_tuned,fixed,"8,8,2,8",2,120,9279018,28,4,730,2517.0,0,0,120.0,0.0,0,0,0,,24
fixed_tuned,fixed,"8,8,8,2",3,120,9279019,28,4,730,3489.0,0,0,120.0,0.0,0,0,0,,26
fixed_tuned,fixed,"2,8,8,8",0,120,9279020,28,4,730,3048.0,0,0,120.0,0.0,0,0,0,,24
fixed_tuned,fixed,"8,2,8,8",1,120,9279021,28,4,730,2296.0,0,0,120.0,0.0,0,0,0,,23
fixed_tuned,fixed,"8,8,2,8",2,120,9279022,28,4,730,2393.0,0,0,120.0,0.0,0,0,0,,22
fixed_tuned,fixed,"8,8,8,2",3,120,9279023,28,4,730,2118.0,0,0,120.0,0.0,0,0,0,,26
fixed_tuned,fixed,"2,8,8,8",0,120,9279024,28,4,730,1383.0,0,0,120.0,0.0,0,0,0,,20
fixed_tuned,fixed,"8,2,8,8",1,120,9279025,28,4,730,1644.0,0,0,120.0,0.0,0,0,0,,21
fixed_tuned,fixed,"8,8,2,8",2,120,9279026,28,4,730,1958.0,0,0,120.0,0.0,0,0,0,,24
fixed_tuned,fixed,"8,8,8,2",3,120,9279027,28,4,730,1572.0,0,0,120.0,0.0,0,0,0,,25
fixed_tuned,fixed,"2,8,8,8",0,120,9279028,28,4,730,2878.0,0,0,120.0,0.0,0,0,0,,25
fixed_tuned,fixed,"8,2,8,8",1,120,9279029,28,4,730,1682.0,0,0,120.0,0.0,0,0,0,,27
fixed_tuned,fixed,"2,8,8,8",0,400,9279000,28,4,730,758.0,0,0,370.0,30.0,16,1,0,,25
fixed_tuned,fixed,"8,2,8,8",1,400,9279001,28,4,730,691.0,0,0,370.0,30.0,19,3,0,,25
fixed_tuned,fixed,"8,8,2,8",2,400,9279002,28,4,730,679.0,0,0,370.0,30.0,13,0,0,,25
fixed_tuned,fixed,"8,8,8,2",3,400,9279003,28,4,730,1219.0,0,0,370.0,30.0,12,1,0,,23
fixed_tuned,fixed,"2,8,8,8",0,400,9279004,28,4,730,898.0,0,0,380.0,20.0,17,1,0,,28
fixed_tuned,fixed,"8,2,8,8",1,400,9279005,28,4,730,445.0,0,0,370.0,30.0,23,2,0,,24
fixed_tuned,fixed,"8,8,2,8",2,400,9279006,28,4,730,830.0,0,0,370.0,30.0,13,0,0,,26
fixed_tuned,fixed,"2,8,8,8",0,400,9279008,28,4,730,528.0,0,0,370.0,30.0,18,0,0,,23
fixed_tuned,fixed,"8,8,8,2",3,400,9279007,28,4,730,1073.0,0,0,370.0,30.0,18,1,0,,24
fixed_tuned,fixed,"8,2,8,8",1,400,9279009,28,4,730,490.0,0,0,370.0,30.0,17,0,0,,25
fixed_tuned,fixed,"8,8,2,8",2,400,9279010,28,4,730,550.0,0,0,370.0,30.0,18,1,0,,21
fixed_tuned,fixed,"8,8,8,2",3,400,9279011,28,4,730,86.0,0,0,370.0,30.0,10,0,0,,23
fixed_tuned,fixed,"2,8,8,8",0,400,9279012,28,4,730,415.0,0,0,370.0,30.0,18,0,0,,27
fixed_tuned,fixed,"8,8,2,8",2,400,9279014,28,4,730,323.0,0,0,370.0,30.0,16,1,0,,25
fixed_tuned,fixed,"8,2,8,8",1,400,9279013,28,4,730,546.0,0,0,370.0,30.0,12,0,0,,23
fixed_tuned,fixed,"8,8,8,2",3,400,9279015,28,4,730,299.0,0,0,370.0,30.0,13,0,0,,25
fixed_tuned,fixed,"2,8,8,8",0,400,9279016,28,4,730,143.0,0,0,370.0,30.0,10,0,0,,25
fixed_tuned,fixed,"8,2,8,8",1,400,9279017,28,4,730,732.0,0,0,370.0,30.0,17,0,0,,23
fixed_tuned,fixed,"8,8,2,8",2,400,9279018,28,4,730,298.0,0,0,370.0,30.0,11,0,0,,24
fixed_tuned,fixed,"8,8,8,2",3,400,9279019,28,4,730,991.0,0,0,370.0,30.0,18,1,0,,26
fixed_tuned,fixed,"2,8,8,8",0,400,9279020,28,4,730,721.0,0,0,370.0,30.0,17,1,0,,23
fixed_tuned,fixed,"8,2,8,8",1,400,9279021,28,4,730,915.0,0,0,370.0,30.0,17,1,0,,26
fixed_tuned,fixed,"8,8,2,8",2,400,9279022,28,4,730,161.0,0,0,370.0,30.0,15,0,0,,24
fixed_tuned,fixed,"8,8,8,2",3,400,9279023,28,4,730,628.0,0,0,370.0,30.0,16,0,0,,27
fixed_tuned,fixed,"2,8,8,8",0,400,9279024,28,4,730,436.0,0,0,370.0,30.0,17,0,0,,21
fixed_tuned,fixed,"8,2,8,8",1,400,9279025,28,4,730,577.0,0,0,380.0,20.0,18,1,0,,28
fixed_tuned,fixed,"8,8,2,8",2,400,9279026,28,4,730,920.0,0,0,370.0,30.0,13,0,0,,27
fixed_tuned,fixed,"8,8,8,2",3,400,9279027,28,4,730,584.0,0,0,370.0,30.0,17,0,0,,27
fixed_tuned,fixed,"2,8,8,8",0,400,9279028,28,4,730,256.0,0,0,370.0,30.0,14,2,0,,26
fixed_tuned,fixed,"2,9,9,9",0,120,9279000,28,4,730,1314526.0,20,88,120.0,0.0,0,0,0,,1
fixed_tuned,fixed,"8,2,8,8",1,400,9279029,28,4,730,801.0,0,0,370.0,30.0,16,2,0,,23
fixed_tuned,fixed,"9,2,9,9",1,120,9279001,28,4,730,2688841.0,41,169,120.0,0.0,0,0,0,,1
fixed_tuned,fixed,"9,9,2,9",2,120,9279002,28,4,730,1577634.0,24,93,120.0,0.0,0,0,0,,1
fixed_tuned,fixed,"9,9,9,2",3,120,9279003,28,4,730,1511278.0,23,82,120.0,0.0,0,0,0,,4
fixed_tuned,fixed,"2,9,9,9",0,120,9279004,28,4,730,2034891.0,31,127,120.0,0.0,0,0,0,,1
fixed_tuned,fixed,"9,2,9,9",1,120,9279005,28,4,730,1576445.0,24,111,120.0,0.0,0,0,0,,0
fixed_tuned,fixed,"9,9,2,9",2,120,9279006,28,4,730,1969060.0,30,123,120.0,0.0,0,0,0,,1
fixed_tuned,fixed,"9,9,9,2",3,120,9279007,28,4,730,1969317.0,30,135,120.0,0.0,0,0,0,,1
fixed_tuned,fixed,"2,9,9,9",0,120,9279008,28,4,730,3540012.0,54,213,120.0,0.0,0,0,0,,1
fixed_tuned,fixed,"9,2,9,9",1,120,9279009,28,4,730,1118663.0,17,54,120.0,0.0,0,0,0,,3
fixed_tuned,fixed,"9,9,2,9",2,120,9279010,28,4,730,1838743.0,28,98,120.0,0.0,0,0,0,,1
fixed_tuned,fixed,"9,9,9,2",3,120,9279011,28,4,730,1380943.0,21,102,120.0,0.0,0,0,0,,1
fixed_tuned,fixed,"2,9,9,9",0,120,9279012,28,4,730,2101655.0,32,119,120.0,0.0,0,0,0,,0
fixed_tuned,fixed,"9,2,9,9",1,120,9279013,28,4,730,3146851.0,48,187,120.0,0.0,0,0,0,,1
fixed_tuned,fixed,"9,9,2,9",2,120,9279014,28,4,730,2690388.0,41,165,120.0,0.0,0,0,0,,1
fixed_tuned,fixed,"9,9,9,2",3,120,9279015,28,4,730,1379968.0,21,84,120.0,0.0,0,0,0,,1
fixed_tuned,fixed,"2,9,9,9",0,120,9279016,28,4,730,2100673.0,32,110,120.0,0.0,0,0,0,,1
fixed_tuned,fixed,"9,2,9,9",1,120,9279017,28,4,730,1511497.0,23,112,120.0,0.0,0,0,0,,2
fixed_tuned,fixed,"9,9,2,9",2,120,9279018,28,4,730,1707729.0,26,85,120.0,0.0,0,0,0,,1
fixed_tuned,fixed,"9,9,9,2",3,120,9279019,28,4,730,1838682.0,28,110,120.0,0.0,0,0,0,,1
fixed_tuned,fixed,"2,9,9,9",0,120,9279020,28,4,730,2625204.0,40,166,120.0,0.0,0,0,0,,1
fixed_tuned,fixed,"9,2,9,9",1,120,9279021,28,4,730,1511310.0,23,97,120.0,0.0,0,0,0,,1
fixed_tuned,fixed,"9,9,2,9",2,120,9279022,28,4,730,1576727.0,24,107,120.0,0.0,0,0,0,,1
fixed_tuned,fixed,"9,9,9,2",3,120,9279023,28,4,730,1903558.0,29,122,120.0,0.0,0,0,0,,1
fixed_tuned,fixed,"2,9,9,9",0,120,9279024,28,4,730,3214528.0,49,172,120.0,0.0,0,0,0,,1
fixed_tuned,fixed,"9,9,2,9",2,120,9279026,28,4,730,2494763.0,38,145,120.0,0.0,0,0,0,,1
fixed_tuned,fixed,"9,2,9,9",1,120,9279025,28,4,730,1707857.0,26,109,120.0,0.0,0,0,0,,1
fixed_tuned,fixed,"9,9,9,2",3,120,9279027,28,4,730,1315004.0,20,88,120.0,0.0,0,0,0,,1
fixed_tuned,fixed,"2,9,9,9",0,120,9279028,28,4,730,2622804.0,40,153,120.0,0.0,0,0,0,,1
fixed_tuned,fixed,"9,2,9,9",1,120,9279029,28,4,730,2035320.0,31,126,120.0,0.0,0,0,0,,1
fixed_tuned,fixed,"2,9,9,9",0,400,9279000,28,4,730,1271.0,0,0,400.0,0.0,8,0,0,,25
fixed_tuned,fixed,"9,2,9,9",1,400,9279001,28,4,730,1471.0,0,0,400.0,0.0,14,0,0,,28
fixed_tuned,fixed,"9,9,2,9",2,400,9279002,28,4,730,1645.0,0,0,400.0,0.0,8,0,0,,27
fixed_tuned,fixed,"9,9,9,2",3,400,9279003,28,4,730,1780.0,0,0,400.0,0.0,6,0,0,,23
fixed_tuned,fixed,"2,9,9,9",0,400,9279004,28,4,730,1142.0,0,0,400.0,0.0,11,1,0,,26
fixed_tuned,fixed,"9,2,9,9",1,400,9279005,28,4,730,837.0,0,0,400.0,0.0,20,1,0,,26
fixed_tuned,fixed,"9,9,2,9",2,400,9279006,28,4,730,1161.0,0,0,400.0,0.0,8,1,0,,28
fixed_tuned,fixed,"9,9,9,2",3,400,9279007,28,4,730,1556.0,0,0,400.0,0.0,11,0,0,,22
fixed_tuned,fixed,"2,9,9,9",0,400,9279008,28,4,730,991.0,0,0,400.0,0.0,20,0,0,,25
fixed_tuned,fixed,"9,2,9,9",1,400,9279009,28,4,730,1711.0,0,0,400.0,0.0,12,1,0,,28
fixed_tuned,fixed,"9,9,2,9",2,400,9279010,28,4,730,1452.0,0,0,400.0,0.0,11,0,0,,24
fixed_tuned,fixed,"9,9,9,2",3,400,9279011,28,4,730,1418.0,0,0,400.0,0.0,9,0,0,,28
fixed_tuned,fixed,"2,9,9,9",0,400,9279012,28,4,730,1300.0,0,0,400.0,0.0,7,0,0,,28
fixed_tuned,fixed,"9,2,9,9",1,400,9279013,28,4,730,1185.0,0,0,400.0,0.0,12,0,0,,23
fixed_tuned,fixed,"9,9,2,9",2,400,9279014,28,4,730,1506.0,0,0,400.0,0.0,8,0,0,,24
fixed_tuned,fixed,"9,9,9,2",3,400,9279015,28,4,730,1132.0,0,0,400.0,0.0,7,0,0,,24
fixed_tuned,fixed,"2,9,9,9",0,400,9279016,28,4,730,1222.0,0,0,400.0,0.0,12,0,0,,25
fixed_tuned,fixed,"9,2,9,9",1,400,9279017,28,4,730,1140.0,0,0,400.0,0.0,5,0,0,,28
fixed_tuned,fixed,"9,9,2,9",2,400,9279018,28,4,730,1311.0,0,0,400.0,0.0,5,1,0,,26
fixed_tuned,fixed,"9,9,9,2",3,400,9279019,28,4,730,1581.0,0,0,390.0,10.0,10,0,0,,22
fixed_tuned,fixed,"2,9,9,9",0,400,9279020,28,4,730,1670.0,0,0,400.0,0.0,5,0,0,,26
fixed_tuned,fixed,"9,2,9,9",1,400,9279021,28,4,730,1752.0,0,0,400.0,0.0,5,0,0,,26
fixed_tuned,fixed,"9,9,2,9",2,400,9279022,28,4,730,1582.0,0,0,390.0,10.0,7,0,0,,25
fixed_tuned,fixed,"9,9,9,2",3,400,9279023,28,4,730,1293.0,0,0,400.0,0.0,5,1,0,,27
fixed_tuned,fixed,"2,9,9,9",0,400,9279024,28,4,730,1383.0,0,0,400.0,0.0,18,0,0,,24
fixed_tuned,fixed,"9,2,9,9",1,400,9279025,28,4,730,1656.0,0,0,400.0,0.0,6,0,0,,25
fixed_tuned,fixed,"9,9,2,9",2,400,9279026,28,4,730,1731.0,0,0,400.0,0.0,7,0,0,,25
fixed_tuned,fixed,"9,9,9,2",3,400,9279027,28,4,730,1176.0,0,0,390.0,10.0,14,0,0,,25
fixed_tuned,fixed,"2,9,9,9",0,400,9279028,28,4,730,1619.0,0,0,400.0,0.0,6,0,0,,27
fixed_tuned,fixed,"9,2,9,9",1,400,9279029,28,4,730,1373.0,0,0,400.0,0.0,6,0,0,,20
fixed_tuned,fixed,"2,10,10,10",0,120,9279000,28,4,730,1540.0,0,0,120.0,0.0,0,0,0,,26
fixed_tuned,fixed,"10,2,10,10",1,120,9279001,28,4,730,3040.0,0,0,120.0,0.0,0,0,0,,19
fixed_tuned,fixed,"10,10,2,10",2,120,9279002,28,4,730,1382.0,0,0,120.0,0.0,0,0,0,,19
fixed_tuned,fixed,"10,10,10,2",3,120,9279003,28,4,730,2378.0,0,0,120.0,0.0,0,0,0,,22
fixed_tuned,fixed,"2,10,10,10",0,120,9279004,28,4,730,1653.0,0,0,120.0,0.0,0,0,0,,24
fixed_tuned,fixed,"10,2,10,10",1,120,9279005,28,4,730,2827.0,0,0,120.0,0.0,0,0,0,,22
fixed_tuned,fixed,"10,10,2,10",2,120,9279006,28,4,730,2760.0,0,0,120.0,0.0,0,0,0,,24
fixed_tuned,fixed,"10,10,10,2",3,120,9279007,28,4,730,2573.0,0,0,120.0,0.0,0,0,0,,22
fixed_tuned,fixed,"2,10,10,10",0,120,9279008,28,4,730,1953.0,0,0,120.0,0.0,0,0,0,,22
fixed_tuned,fixed,"10,2,10,10",1,120,9279009,28,4,730,2473.0,0,0,120.0,0.0,0,0,0,,22
fixed_tuned,fixed,"10,10,2,10",2,120,9279010,28,4,730,2072.0,0,0,120.0,0.0,0,0,0,,20
fixed_tuned,fixed,"10,10,10,2",3,120,9279011,28,4,730,2272.0,0,0,120.0,0.0,0,0,0,,26
fixed_tuned,fixed,"2,10,10,10",0,120,9279012,28,4,730,2402.0,0,0,120.0,0.0,0,0,0,,22
fixed_tuned,fixed,"10,2,10,10",1,120,9279013,28,4,730,1410.0,0,0,120.0,0.0,0,0,0,,21
fixed_tuned,fixed,"10,10,2,10",2,120,9279014,28,4,730,1649.0,0,0,120.0,0.0,0,0,0,,21
fixed_tuned,fixed,"10,10,10,2",3,120,9279015,28,4,730,3276.0,0,0,120.0,0.0,0,0,0,,25
fixed_tuned,fixed,"2,10,10,10",0,120,9279016,28,4,730,2013.0,0,0,120.0,0.0,0,0,0,,19
fixed_tuned,fixed,"10,2,10,10",1,120,9279017,28,4,730,2043.0,0,0,120.0,0.0,0,0,0,,24
fixed_tuned,fixed,"10,10,2,10",2,120,9279018,28,4,730,3217.0,0,0,120.0,0.0,0,0,0,,24
fixed_tuned,fixed,"10,10,10,2",3,120,9279019,28,4,730,2185.0,0,0,120.0,0.0,0,0,0,,28
fixed_tuned,fixed,"2,10,10,10",0,120,9279020,28,4,730,2851.0,0,0,120.0,0.0,0,0,0,,22
fixed_tuned,fixed,"10,2,10,10",1,120,9279021,28,4,730,2146.0,0,0,120.0,0.0,0,0,0,,24
fixed_tuned,fixed,"10,10,2,10",2,120,9279022,28,4,730,2468.0,0,0,120.0,0.0,0,0,0,,24
fixed_tuned,fixed,"10,10,10,2",3,120,9279023,28,4,730,2025.0,0,0,120.0,0.0,0,0,0,,22
fixed_tuned,fixed,"2,10,10,10",0,120,9279024,28,4,730,1090.0,0,0,120.0,0.0,0,0,0,,23
fixed_tuned,fixed,"10,2,10,10",1,120,9279025,28,4,730,3833.0,0,0,120.0,0.0,0,0,0,,24
fixed_tuned,fixed,"10,10,2,10",2,120,9279026,28,4,730,1691.0,0,0,120.0,0.0,0,0,0,,22
fixed_tuned,fixed,"10,10,10,2",3,120,9279027,28,4,730,2420.0,0,0,120.0,0.0,0,0,0,,25
fixed_tuned,fixed,"2,10,10,10",0,120,9279028,28,4,730,2681.0,0,0,120.0,0.0,0,0,0,,22
fixed_tuned,fixed,"10,2,10,10",1,120,9279029,28,4,730,2301.0,0,0,120.0,0.0,0,0,0,,21
fixed_tuned,fixed,"2,10,10,10",0,400,9279000,28,4,730,335.0,0,0,400.0,0.0,13,0,0,,20
fixed_tuned,fixed,"10,2,10,10",1,400,9279001,28,4,730,227.0,0,0,400.0,0.0,16,1,0,,20
fixed_tuned,fixed,"10,10,2,10",2,400,9279002,28,4,730,327.0,0,0,400.0,0.0,16,1,0,,26
fixed_tuned,fixed,"10,10,10,2",3,400,9279003,28,4,730,319.0,0,0,400.0,0.0,12,0,0,,27
fixed_tuned,fixed,"2,10,10,10",0,400,9279004,28,4,730,240.0,0,0,400.0,0.0,10,0,0,,22
fixed_tuned,fixed,"10,2,10,10",1,400,9279005,28,4,730,349.0,0,0,400.0,0.0,7,0,0,,28
fixed_tuned,fixed,"10,10,2,10",2,400,9279006,28,4,730,333.0,0,0,400.0,0.0,13,0,0,,23
fixed_tuned,fixed,"10,10,10,2",3,400,9279007,28,4,730,564.0,0,0,400.0,0.0,9,0,0,,27
fixed_tuned,fixed,"2,10,10,10",0,400,9279008,28,4,730,431.0,0,0,400.0,0.0,9,0,0,,28
fixed_tuned,fixed,"10,2,10,10",1,400,9279009,28,4,730,253.0,0,0,400.0,0.0,14,1,0,,25
fixed_tuned,fixed,"10,10,2,10",2,400,9279010,28,4,730,419.0,0,0,400.0,0.0,6,0,0,,23
fixed_tuned,fixed,"10,10,10,2",3,400,9279011,28,4,730,342.0,0,0,400.0,0.0,12,0,0,,27
fixed_tuned,fixed,"2,10,10,10",0,400,9279012,28,4,730,269.0,0,0,400.0,0.0,9,0,0,,28
fixed_tuned,fixed,"10,10,2,10",2,400,9279014,28,4,730,141.0,0,0,400.0,0.0,12,0,0,,23
fixed_tuned,fixed,"10,2,10,10",1,400,9279013,28,4,730,371.0,0,0,400.0,0.0,7,0,0,,23
fixed_tuned,fixed,"10,10,10,2",3,400,9279015,28,4,730,261.0,0,0,400.0,0.0,10,0,0,,26
fixed_tuned,fixed,"2,10,10,10",0,400,9279016,28,4,730,347.0,0,0,400.0,0.0,13,0,0,,21
fixed_tuned,fixed,"10,2,10,10",1,400,9279017,28,4,730,208.0,0,0,400.0,0.0,9,0,0,,23
fixed_tuned,fixed,"10,10,2,10",2,400,9279018,28,4,730,267.0,0,0,400.0,0.0,14,0,0,,26
fixed_tuned,fixed,"10,10,10,2",3,400,9279019,28,4,730,130.0,0,0,400.0,0.0,7,0,0,,27
fixed_tuned,fixed,"2,10,10,10",0,400,9279020,28,4,730,105.0,0,0,400.0,0.0,15,0,0,,27
fixed_tuned,fixed,"10,2,10,10",1,400,9279021,28,4,730,309.0,0,0,400.0,0.0,10,0,0,,19
fixed_tuned,fixed,"10,10,2,10",2,400,9279022,28,4,730,247.0,0,0,400.0,0.0,21,1,0,,24
fixed_tuned,fixed,"10,10,10,2",3,400,9279023,28,4,730,222.0,0,0,400.0,0.0,10,0,0,,22
fixed_tuned,fixed,"2,10,10,10",0,400,9279024,28,4,730,424.0,0,0,400.0,0.0,12,1,0,,22
fixed_tuned,fixed,"10,2,10,10",1,400,9279025,28,4,730,227.0,0,0,400.0,0.0,12,0,0,,25
fixed_tuned,fixed,"10,10,2,10",2,400,9279026,28,4,730,244.0,0,0,400.0,0.0,9,0,0,,25
fixed_tuned,fixed,"10,10,10,2",3,400,9279027,28,4,730,297.0,0,0,400.0,0.0,8,0,0,,27
fixed_tuned,fixed,"2,10,10,10",0,400,9279028,28,4,730,220.0,0,0,400.0,0.0,11,0,0,,25
fixed_tuned,fixed,"10,2,10,10",1,400,9279029,28,4,730,379.0,0,0,400.0,0.0,7,0,0,,26
